{"stats":{"minecraft:killed_by":{"undead_revamp2:the_moonflower":2,"iceandfire:cyclops":1,"born_in_chaos_v1:corpse_fly":1,"iceandfire:sea_serpent":1,"cataclysm:deepling":1,"cataclysm:deepling_brute":1,"minecraft:husk":6,"minecraft:player":1,"illagerinvasion:firecaller":1,"born_in_chaos_v1:baby_skeleton_minion":1,"cataclysm:deepling_warlock":1,"iceandfire:ghost":2},"minecraft:crafted":{"minecraft:oak_planks":66,"minecraft:golden_sword":2,"sophisticatedbackpacks:backpack":1,"minecraft:emerald":13,"minecraft:crafting_table":4,"minecraft:wooden_pickaxe":1,"iceandfire:copper_sword":1,"minecraft:string":4,"minecraft:dark_oak_slab":6,"minecraft:shield":2,"minecraft:stick":72,"quark:oak_chest":2,"minecraft:iron_ingot":5,"minecraft:gold_ingot":1,"minecraft:dark_oak_fence_gate":4,"iceandfire:silver_sword":1,"minecraft:furnace":1,"minecraft:dark_oak_trapdoor":6,"minecraft:dark_oak_fence":66,"minecraft:iron_axe":1,"minecraft:stone_pickaxe":1,"minecraft:dark_oak_planks":164,"minecraft:wheat":459,"iceandfire:silver_ingot":4,"minecraft:iron_sword":2,"minecraft:bread":99,"minecraft:oak_boat":1,"iceandfire:tide_red_leggings":1,"minecraft:wooden_axe":1,"minecraft:torch":8,"iceandfire:silver_pickaxe":1},"minecraft:killed":{"born_in_chaos_v1:restless_spirit":2,"born_in_chaos_v1:baby_skeleton_minion":1,"undead_revamp2:theswarmer":1,"naturalist:snail":1,"minecraft:skeleton":5,"alexsmobs:capuchin_monkey":2,"undead_revamp2:thespitter":1,"minecraft:pig":26,"cataclysm:deepling_warlock":1,"minecraft:pillager":4,"cataclysm:deepling_brute":1,"minecraft:zombie":4,"cataclysm:deepling":10,"born_in_chaos_v1:corpse_fly":6,"enemyexpansion:botfly":4,"alexsmobs:roadrunner":1,"alexsmobs:fly":2,"iceandfire:sea_serpent":3,"minecraft:cow":3,"minecraft:vindicator":5,"enemyexpansion:direwolf":1,"born_in_chaos_v1:maggot":17,"naturalist:coral_snake":1,"minecraft:drowned":2,"born_in_chaos_v1:corpse_fish":3,"undead_revamp2:sucker":2,"enemyexpansion:scorpion":1,"cataclysm:deepling_angler":3,"minecraft:husk":38,"born_in_chaos_v1:baby_skeleton":1,"undead_revamp2:the_moonflower":1,"alexsmobs:giant_squid":1,"iceandfire:ghost":2,"cataclysm:coralssus":2},"minecraft:broken":{"minecraft:iron_boots":1,"iceandfire:copper_sword":1,"minecraft:stone_pickaxe":1,"minecraft:golden_sword":2,"minecraft:stone_axe":1,"minecraft:wooden_axe":1,"minecraft:leather_chestplate":1,"mowziesmobs:umvuthana_mask_misery":1,"minecraft:shield":1},"minecraft:dropped":{"minecraft:spruce_sign":1,"minecraft:iron_sword":1,"minecraft:oak_log":1,"minecraft:sandstone_slab":1,"minecraft:cookie":1,"minecraft:dark_oak_button":1,"minecraft:leather_helmet":2,"minecraft:dirt":3,"iceandfire:sea_serpent_scales_purple":2,"minecraft:bone_meal":1,"minecraft:bone_block":12,"minecraft:sand":9,"minecraft:armor_stand":1,"quark:black_shard":2,"iceandfire:sea_serpent_scales_deepblue":2,"born_in_chaos_v1:ethereal_spirit":2,"farmersdelight:vegetable_noodles":1,"minecraft:rotten_flesh":74,"minecraft:oak_planks":34,"alexsmobs:emu_egg":1,"minecraft:waxed_oxidized_cut_copper_slab":2,"minecraft:chainmail_chestplate":1,"minecraft:leather_chestplate":1,"supplementaries:ash":6,"born_in_chaos_v1:corpse_maggot":1,"minecraft:chest":2,"minecraft:spruce_wood":14,"alexsmobs:banana":1,"farmersdelight:tomato_seeds":1,"minecraft:bread":10,"minecraft:wheat_seeds":7,"minecraft:cobblestone":84,"luminousworld:creepberries":2,"minecraft:stick":4,"born_in_chaos_v1:river_mint":6,"minecraft:diorite":4,"minecraft:torch":6,"minecraft:wooden_axe":1,"minecraft:yellow_glazed_terracotta":1,"minecraft:iron_leggings":1,"minecraft:paper":5,"minecraft:chainmail_leggings":1,"minecraft:string":1,"minecraft:gray_carpet":2,"minecraft:nether_brick_slab":3,"alexsmobs:banana_peel":1,"minecraft:kelp":1,"minecraft:raw_copper":4,"minecraft:bowl":9,"minecraft:chicken":1,"minecraft:shears":1,"minecraft:hay_block":27,"minecraft:flower_pot":1,"aether:iron_gloves":1,"minecraft:waxed_cut_copper":11,"minecraft:spruce_trapdoor":1,"luminousworld:groundpebbles_1":2,"minecraft:oak_sapling":1,"minecraft:golden_sword":1,"minecraft:brown_bed":1,"minecraft:sandstone":12,"minecraft:wooden_pickaxe":2},"minecraft:mined":{"minecraft:dark_oak_planks":3,"minecraft:red_nether_brick_slab":4,"minecraft:spruce_planks":11,"minecraft:farmland":1,"minecraft:jungle_leaves":79,"minecraft:red_nether_bricks":28,"minecraft:cave_vines_plant":2,"minecraft:red_sand":4,"minecraft:grass_block":151,"minecraft:potted_mangrove_propagule":2,"quark:yellow_corundum":1,"minecraft:spawner":1,"minecraft:potted_fern":1,"minecraft:tall_seagrass":3,"minecraft:raw_iron_block":3,"minecraft:dark_oak_trapdoor":13,"minecraft:iron_ore":1,"minecraft:fire":4,"minecraft:moss_carpet":2,"minecraft:nether_brick_stairs":2,"minecraft:brown_bed":3,"minecraft:cave_vines":1,"minecraft:iron_bars":5,"neapolitan:carved_banana_stalk":2,"minecraft:smooth_sandstone_stairs":2,"minecraft:azalea":2,"minecraft:stripped_mangrove_wood":1,"minecraft:spruce_slab":1,"luminousworld:creepbush":8,"minecraft:waxed_cut_copper_stairs":2,"minecraft:waxed_cut_copper":16,"minecraft:sandstone_slab":1,"minecraft:kelp_plant":1,"minecraft:soul_lantern":1,"minecraft:calcite":61,"minecraft:melon":3,"minecraft:dead_bush":5,"minecraft:nether_brick_slab":15,"minecraft:cobblestone":3,"minecraft:cyan_bed":4,"placeablesmod:bread_full_block":2,"minecraft:seagrass":2,"neapolitan:small_banana_frond":9,"minecraft:wheat":1,"minecraft:waxed_oxidized_cut_copper_stairs":1,"minecraft:birch_trapdoor":1,"minecraft:waxed_copper_block":18,"minecraft:grass":15,"minecraft:oak_log":13,"minecraft:sand":3,"minecraft:dirt":76,"minecraft:sandstone_wall":1,"minecraft:oak_leaves":3,"minecraft:cyan_candle":1,"minecraft:emerald_block":1,"minecraft:tube_coral":1,"minecraft:yellow_wall_banner":1,"iceandfire:silver_ore":8,"minecraft:potted_wither_rose":1,"minecraft:deepslate_diamond_ore":3,"minecraft:potted_flowering_azalea_bush":4,"minecraft:birch_fence_gate":1,"minecraft:dark_oak_fence":4,"minecraft:purple_terracotta":2,"minecraft:jungle_planks":3,"minecraft:potted_azalea_bush":1,"minecraft:potted_bamboo":2,"minecraft:kelp":4,"minecraft:moss_block":13,"minecraft:horn_coral_wall_fan":1,"minecraft:sandstone":8,"minecraft:hay_block":53,"neapolitan:banana_bundle":1,"minecraft:carrots":1,"minecraft:waxed_oxidized_cut_copper_slab":3,"minecraft:chiseled_sandstone":3,"minecraft:diamond_block":1,"neapolitan:banana_stalk":6,"minecraft:deepslate_iron_ore":2,"neapolitan:banana_frond":4,"minecraft:vine":1,"minecraft:brain_coral_wall_fan":2,"minecraft:stripped_oak_log":4,"minecraft:smooth_quartz_stairs":5,"minecraft:bamboo_sapling":1,"minecraft:stone":54,"minecraft:potted_allium":1,"minecraft:birch_stairs":40,"quark:oak_chest":1,"minecraft:stripped_dark_oak_log":2,"minecraft:crafting_table":2,"minecraft:emerald_ore":1,"minecraft:copper_ore":2,"minecraft:diorite":6,"minecraft:black_stained_glass":1,"minecraft:cactus":1,"minecraft:sea_pickle":1,"minecraft:potted_azure_bluet":1,"minecraft:mangrove_slab":1,"minecraft:coal_ore":29,"minecraft:flower_pot":4,"minecraft:gray_carpet":1,"minecraft:cobweb":13,"neapolitan:large_banana_frond":5,"minecraft:deepslate_emerald_ore":3,"minecraft:fern":6},"minecraft:used":{"minecraft:moss_block":13,"minecraft:red_sand":15,"minecraft:iron_shovel":230,"minecraft:shield":97,"minecraft:iron_sword":326,"farmersdelight:melon_juice":1,"minecraft:smooth_sandstone_stairs":2,"minecraft:carrot":20,"ecologics:prickly_pear":2,"born_in_chaos_v1:corpse_maggot":4,"minecraft:iron_helmet":1,"minecraft:golden_sword":56,"minecraft:dark_oak_boat":2,"minecraft:furnace":1,"minecraft:potato":1,"minecraft:waxed_oxidized_cut_copper_slab":2,"minecraft:gray_carpet":1,"minecraft:stone_pickaxe":131,"minecraft:wooden_pickaxe":11,"minecraft:leather_chestplate":1,"minecraft:sandstone":1,"luminousworld:groundpebbles_1":3,"minecraft:smooth_quartz_stairs":1,"minecraft:glow_berries":1,"minecraft:cookie":5,"minecraft:dark_oak_trapdoor":12,"minecraft:mushroom_stew":8,"minecraft:shears":61,"luminousworld:creepberries":1,"iceandfire:silver_pickaxe":185,"quark:yellow_corundum":1,"neapolitan:banana_bunch":2,"minecraft:bread":122,"born_in_chaos_v1:rotten_fish":1,"minecraft:dark_oak_fence":70,"minecraft:oak_boat":1,"minecraft:azalea":3,"farmersdelight:kelp_roll_slice":2,"minecraft:jungle_leaves":15,"iceandfire:silver_sword":304,"minecraft:flint_and_steel":5,"farmersdelight:vegetable_noodles":11,"minecraft:dried_kelp":2,"minecraft:spruce_planks":1,"minecraft:torch":8,"minecraft:dirt":73,"iceandfire:copper_sword":284,"minecraft:nether_brick_slab":12,"minecraft:dark_oak_planks":10,"minecraft:wooden_axe":45,"alexsmobs:maggot":1,"minecraft:waxed_cut_copper":5,"minecraft:iron_axe":31,"minecraft:bamboo":1,"tombstone:gift":10,"undead_revamp2:arapholia":1,"minecraft:orange_terracotta":1,"minecraft:brown_bed":3,"minecraft:calcite":62,"farmersdelight:iron_knife":32,"minecraft:water_bucket":8,"minecraft:spruce_sign":1,"tombstone:scroll_of_feather_fall":2,"minecraft:tnt":3,"minecraft:crafting_table":5,"neapolitan:banana":4,"minecraft:dark_oak_fence_gate":4,"tombstone:bag_of_seeds":1,"minecraft:flower_pot":2,"neapolitan:banana_stalk":4,"minecraft:leather_helmet":1,"cataclysm:athame":57,"neapolitan:banana_frond":2,"minecraft:stone_axe":39,"minecraft:cobblestone":20,"minecraft:cooked_porkchop":1,"minecraft:bucket":8,"quark:oak_chest":2,"alexsmobs:animal_dictionary":6,"minecraft:sea_pickle":1,"minecraft:kelp":1,"alexsmobs:emu_egg":4},"minecraft:custom":{"lootr:looted_stat":67,"minecraft:animals_bred":64,"minecraft:interact_with_crafting_table":39,"minecraft:open_barrel":6,"minecraft:eat_cake_slice":7,"minecraft:leave_game":3,"minecraft:time_since_death":15223,"minecraft:damage_resisted":337,"minecraft:sprint_one_cm":1026495,"minecraft:damage_blocked_by_shield":4545,"minecraft:drop":123,"minecraft:talked_to_villager":41,"minecraft:play_time":483940,"minecraft:deaths":23,"minecraft:jump":4623,"minecraft:walk_on_water_one_cm":123664,"minecraft:interact_with_furnace":3,"minecraft:traded_with_villager":13,"minecraft:interact_with_loom":1,"minecraft:sleep_in_bed":6,"minecraft:damage_dealt":45038,"minecraft:crouch_one_cm":11111,"waystones:waystone_activated":5,"tombstone:undead_killed":58,"minecraft:interact_with_smithing_table":1,"minecraft:mob_kills":189,"minecraft:interact_with_anvil":2,"minecraft:damage_dealt_resisted":289,"minecraft:climb_one_cm":89903,"minecraft:walk_one_cm":1227810,"minecraft:damage_dealt_absorbed":80,"minecraft:sneak_time":8660,"minecraft:walk_under_water_one_cm":128324,"minecraft:boat_one_cm":1660454,"minecraft:interact_with_blast_furnace":2,"minecraft:total_world_time":483940,"tombstone:raider_killed":9,"minecraft:pot_flower":1,"minecraft:time_since_rest":14230,"minecraft:damage_taken":15806,"minecraft:trigger_trapped_chest":2,"tombstone:cast_on_ally":0,"minecraft:swim_one_cm":280736,"minecraft:fly_one_cm":881954,"minecraft:open_chest":15,"minecraft:fall_one_cm":112377},"minecraft:picked_up":{"minecraft:wooden_axe":1,"minecraft:iron_chestplate":1,"minecraft:wheat":18,"minecraft:flower_pot":17,"minecraft:lead":4,"aether:iron_gloves":1,"minecraft:brown_bed":4,"minecraft:wither_rose":1,"minecraft:enchanted_book":1,"minecraft:golden_sword":1,"iceandfire:manuscript":3,"minecraft:string":12,"minecraft:dark_oak_trapdoor":11,"minecraft:raw_copper":4,"minecraft:red_nether_bricks":27,"minecraft:armor_stand":2,"neapolitan:banana_bunch":2,"minecraft:beetroot":35,"minecraft:sea_pickle":3,"minecraft:red_sand":15,"minecraft:gold_nugget":36,"alexsmobs:banana":1,"farmersdelight:vegetable_noodles":17,"minecraft:spruce_planks":9,"minecraft:white_tulip":1,"minecraft:calcite":62,"minecraft:azalea":4,"quark:black_shard":2,"minecraft:iron_pickaxe":1,"minecraft:melon_slice":17,"minecraft:smooth_quartz_stairs":1,"alexsmobs:banana_peel":2,"minecraft:stick":10,"minecraft:torch":7,"minecraft:porkchop":51,"minecraft:dried_kelp":2,"tombstone:grave_dust":9,"minecraft:diorite":4,"minecraft:yellow_banner":1,"minecraft:cactus":2,"minecraft:rotten_flesh":76,"cataclysm:athame":1,"alexsmobs:emu_egg":16,"iceandfire:tide_purple_helmet":1,"supplementaries:ash":11,"minecraft:waxed_cut_copper":16,"minecraft:iron_bars":4,"farmersdelight:melon_juice":4,"minecraft:cod":2,"undead_revamp2:arapholia":1,"minecraft:cobblestone":115,"minecraft:leather_chestplate":1,"minecraft:dark_oak_boat":3,"minecraft:potato":50,"minecraft:smooth_sandstone_stairs":2,"cataclysm:coral_spear":1,"farmersdelight:tomato":3,"minecraft:dirt":220,"minecraft:bone":15,"minecraft:wheat_seeds":57,"minecraft:bamboo":3,"minecraft:moss_block":14,"minecraft:oak_planks":17,"minecraft:cooked_porkchop":2,"ecologics:prickly_pear":2,"luminousworld:creepberries":10,"minecraft:poisonous_potato":2,"minecraft:jungle_planks":2,"minecraft:sand":73,"minecraft:ink_sac":5,"minecraft:nether_brick_stairs":2,"minecraft:diamond_block":1,"farmersdelight:ham":5,"minecraft:mossy_cobblestone":16,"minecraft:jungle_leaves":47,"minecraft:bundle":1,"minecraft:diamond":3,"minecraft:grass":2,"minecraft:bone_meal":1,"minecraft:spruce_sign":2,"minecraft:bread":4,"minecraft:emerald":10,"alexsmobs:maggot":1,"minecraft:oak_sapling":1,"born_in_chaos_v1:rotten_fish":1,"minecraft:dark_oak_fence":4,"iceandfire:raw_silver":8,"minecraft:fishing_rod":1,"minecraft:cocoa_beans":4,"luminousworld:groundpebbles_1":9,"minecraft:crafting_table":2,"minecraft:allium":1,"minecraft:azure_bluet":1,"minecraft:sandstone_slab":1,"minecraft:chicken":1,"born_in_chaos_v1:river_mint":6,"minecraft:wooden_pickaxe":1,"minecraft:moss_carpet":1,"neapolitan:banana_frond":51,"minecraft:iron_shovel":1,"iceandfire:graveyard_soil":1,"minecraft:beef":6,"minecraft:chest":2,"minecraft:spruce_trapdoor":1,"farmersdelight:kelp_roll_slice":2,"minecraft:raw_iron":3,"minecraft:sandstone":13,"minecraft:copper_ingot":1,"minecraft:bowl":2,"minecraft:cookie":6,"minecraft:carrot":75,"minecraft:purple_terracotta":1,"minecraft:dark_oak_planks":7,"quark:yellow_corundum":1,"neapolitan:banana_stalk":6,"iceandfire:silver_ingot":1,"iceandfire:sea_serpent_scales_purple":2,"minecraft:beetroot_seeds":63,"minecraft:pumpkin_pie":10,"minecraft:shears":1,"minecraft:hay_block":78,"minecraft:gold_ingot":2,"sophisticatedbackpacks:copper_backpack":2,"minecraft:glow_berries":1,"minecraft:bone_block":27,"minecraft:stripped_oak_log":4,"minecraft:air":0,"born_in_chaos_v1:corpse_maggot":10,"minecraft:dark_oak_button":1,"iceandfire:sea_serpent_fang":15,"minecraft:leather":6,"minecraft:fern":3,"minecraft:yellow_glazed_terracotta":1,"minecraft:waxed_copper_block":18,"minecraft:oak_log":20,"minecraft:chainmail_chestplate":2,"enemyexpansion:scorpion_tail":1,"minecraft:paper":5,"tombstone:gift":2,"minecraft:orange_terracotta":1,"minecraft:gray_carpet":3,"minecraft:kelp":16,"minecraft:spruce_wood":7,"tombstone:bag_of_seeds":2,"neapolitan:carved_banana_stalk":2,"minecraft:glass_bottle":2,"iceandfire:sea_serpent_scales_deepblue":2,"minecraft:iron_sword":4,"minecraft:flowering_azalea":4,"minecraft:emerald_block":1,"born_in_chaos_v1:ethereal_spirit":2,"minecraft:raw_iron_block":3,"minecraft:birch_stairs":14,"minecraft:nether_brick_slab":11,"quark:oak_chest":1,"minecraft:leather_helmet":2,"cataclysm:crystallized_coral_fragments":1,"minecraft:chainmail_leggings":2,"minecraft:iron_helmet":2,"iceandfire:sea_serpent_scales_red":7,"minecraft:waxed_oxidized_cut_copper_slab":4,"minecraft:red_nether_brick_slab":6,"minecraft:melon_seeds":3,"minecraft:stripped_dark_oak_log":2,"minecraft:mangrove_propagule":2,"minecraft:coal":29}},"DataVersion":3465}