{"stats":{"minecraft:mined":{"iceandfire:silver_ore":4,"quark:oak_chest":1,"minecraft:crafting_table":1,"minecraft:red_sand":4,"minecraft:dead_bush":4,"minecraft:copper_ore":2,"minecraft:cobblestone":3,"minecraft:hay_block":25,"minecraft:carrots":1,"minecraft:brown_bed":3,"minecraft:grass":2,"minecraft:oak_log":11,"minecraft:coal_ore":29,"minecraft:vine":1,"minecraft:sand":1,"minecraft:dirt":3,"minecraft:stone":52,"minecraft:oak_leaves":1,"minecraft:fern":1},"minecraft:dropped":{"minecraft:bread":10,"alexsmobs:emu_egg":1,"minecraft:stick":1,"minecraft:wooden_axe":1,"minecraft:brown_bed":1,"minecraft:wooden_pickaxe":1},"minecraft:crafted":{"minecraft:oak_planks":22,"minecraft:emerald":13,"iceandfire:silver_ingot":4,"minecraft:crafting_table":1,"minecraft:wooden_pickaxe":1,"minecraft:furnace":1,"iceandfire:copper_sword":1,"minecraft:bread":21,"minecraft:stick":8,"quark:oak_chest":1,"minecraft:stone_pickaxe":1,"minecraft:wooden_axe":1,"minecraft:gold_ingot":1,"minecraft:torch":8,"iceandfire:silver_pickaxe":1,"iceandfire:silver_sword":1,"minecraft:wheat":198},"minecraft:killed":{"born_in_chaos_v1:restless_spirit":1,"born_in_chaos_v1:baby_skeleton":1,"enemyexpansion:direwolf":1,"born_in_chaos_v1:baby_skeleton_minion":1,"born_in_chaos_v1:maggot":3,"minecraft:zombie":1,"iceandfire:ghost":1,"alexsmobs:fly":1,"undead_revamp2:sucker":2,"undead_revamp2:thespitter":1},"minecraft:custom":{"lootr:looted_stat":17,"minecraft:interact_with_furnace":3,"minecraft:mob_kills":13,"minecraft:animals_bred":3,"minecraft:traded_with_villager":13,"minecraft:interact_with_crafting_table":12,"minecraft:damage_dealt_resisted":67,"minecraft:leave_game":2,"minecraft:time_since_death":20389,"minecraft:sleep_in_bed":3,"minecraft:climb_one_cm":2166,"minecraft:time_since_rest":20147,"minecraft:sprint_one_cm":265993,"minecraft:damage_taken":2422,"minecraft:walk_one_cm":171360,"minecraft:trigger_trapped_chest":2,"minecraft:drop":15,"minecraft:damage_dealt":2696,"minecraft:swim_one_cm":21373,"minecraft:talked_to_villager":22,"minecraft:fly_one_cm":270091,"minecraft:open_chest":11,"tombstone:undead_killed":7,"minecraft:crouch_one_cm":703,"minecraft:play_time":91325,"minecraft:deaths":8,"minecraft:sneak_time":494,"minecraft:walk_under_water_one_cm":2739,"minecraft:jump":1301,"minecraft:walk_on_water_one_cm":12204,"minecraft:total_world_time":91325,"minecraft:fall_one_cm":33641},"minecraft:picked_up":{"minecraft:wheat":10,"born_in_chaos_v1:corpse_maggot":2,"minecraft:crafting_table":1,"minecraft:wooden_pickaxe":1,"minecraft:potato":33,"minecraft:brown_bed":4,"minecraft:oak_log":17,"iceandfire:manuscript":3,"farmersdelight:tomato":1,"minecraft:dirt":3,"tombstone:gift":2,"minecraft:raw_copper":4,"minecraft:orange_terracotta":1,"minecraft:bone":2,"minecraft:beetroot":18,"iceandfire:graveyard_soil":1,"minecraft:wheat_seeds":21,"minecraft:red_sand":15,"minecraft:iron_pickaxe":1,"minecraft:stick":6,"ecologics:prickly_pear":1,"born_in_chaos_v1:ethereal_spirit":2,"minecraft:poisonous_potato":1,"minecraft:sand":2,"tombstone:grave_dust":1,"minecraft:carrot":67,"quark:oak_chest":1,"minecraft:cactus":1,"minecraft:bundle":1,"iceandfire:silver_ingot":1,"minecraft:rotten_flesh":5,"minecraft:beetroot_seeds":32,"minecraft:hay_block":25,"minecraft:bread":2,"alexsmobs:emu_egg":7,"minecraft:gold_ingot":2,"alexsmobs:maggot":1,"minecraft:coal":29,"iceandfire:raw_silver":4,"minecraft:cobblestone":54,"minecraft:wooden_axe":1},"minecraft:killed_by":{"illagerinvasion:firecaller":1,"born_in_chaos_v1:baby_skeleton_minion":1,"undead_revamp2:the_moonflower":2,"born_in_chaos_v1:corpse_fly":1,"iceandfire:ghost":2},"minecraft:used":{"alexsmobs:emu_egg":3,"minecraft:red_sand":15,"minecraft:stone_pickaxe":83,"minecraft:wooden_pickaxe":8,"minecraft:dirt":2,"minecraft:crafting_table":1,"iceandfire:copper_sword":82,"minecraft:carrot":1,"born_in_chaos_v1:corpse_maggot":2,"minecraft:wooden_axe":28,"alexsmobs:maggot":1,"minecraft:bread":10,"minecraft:cobblestone":19,"minecraft:furnace":1,"tombstone:gift":4,"quark:oak_chest":2,"minecraft:orange_terracotta":1,"minecraft:brown_bed":3}},"DataVersion":3465}