{"stats":{"minecraft:killed_by":{"undead_revamp2:the_moonflower":2,"born_in_chaos_v1:corpse_fly":1,"minecraft:husk":6,"minecraft:player":1,"illagerinvasion:firecaller":1,"born_in_chaos_v1:baby_skeleton_minion":1,"iceandfire:ghost":2},"minecraft:crafted":{"minecraft:oak_planks":58,"minecraft:golden_sword":2,"sophisticatedbackpacks:backpack":1,"minecraft:emerald":13,"minecraft:crafting_table":4,"minecraft:wooden_pickaxe":1,"iceandfire:copper_sword":1,"minecraft:string":4,"minecraft:dark_oak_slab":6,"minecraft:shield":1,"minecraft:stick":60,"quark:oak_chest":2,"minecraft:gold_ingot":1,"minecraft:dark_oak_fence_gate":2,"iceandfire:silver_sword":1,"minecraft:furnace":1,"minecraft:dark_oak_trapdoor":6,"minecraft:dark_oak_fence":63,"minecraft:stone_pickaxe":1,"minecraft:dark_oak_planks":164,"minecraft:wheat":459,"iceandfire:silver_ingot":4,"minecraft:iron_sword":1,"minecraft:bread":99,"minecraft:oak_boat":1,"minecraft:wooden_axe":1,"minecraft:torch":8,"iceandfire:silver_pickaxe":1},"minecraft:killed":{"born_in_chaos_v1:restless_spirit":2,"born_in_chaos_v1:baby_skeleton_minion":1,"undead_revamp2:theswarmer":1,"naturalist:snail":1,"minecraft:skeleton":5,"alexsmobs:capuchin_monkey":2,"undead_revamp2:thespitter":1,"minecraft:pig":14,"minecraft:zombie":4,"born_in_chaos_v1:corpse_fly":6,"enemyexpansion:botfly":4,"alexsmobs:roadrunner":1,"alexsmobs:fly":2,"minecraft:cow":2,"enemyexpansion:direwolf":1,"born_in_chaos_v1:maggot":17,"born_in_chaos_v1:corpse_fish":3,"undead_revamp2:sucker":2,"enemyexpansion:scorpion":1,"minecraft:husk":38,"born_in_chaos_v1:baby_skeleton":1,"undead_revamp2:the_moonflower":1,"iceandfire:ghost":2},"minecraft:broken":{"iceandfire:copper_sword":1,"minecraft:stone_pickaxe":1,"minecraft:golden_sword":2,"minecraft:stone_axe":1,"minecraft:wooden_axe":1,"minecraft:leather_chestplate":1},"minecraft:dropped":{"minecraft:spruce_sign":1,"minecraft:iron_sword":1,"minecraft:sandstone_slab":1,"minecraft:leather_helmet":2,"minecraft:bone_meal":1,"minecraft:sand":3,"minecraft:armor_stand":1,"quark:black_shard":2,"born_in_chaos_v1:ethereal_spirit":2,"minecraft:rotten_flesh":73,"minecraft:oak_planks":34,"alexsmobs:emu_egg":1,"minecraft:waxed_oxidized_cut_copper_slab":2,"minecraft:chainmail_chestplate":1,"minecraft:leather_chestplate":1,"supplementaries:ash":6,"born_in_chaos_v1:corpse_maggot":1,"farmersdelight:tomato_seeds":1,"minecraft:bread":10,"minecraft:cobblestone":24,"minecraft:stick":4,"born_in_chaos_v1:river_mint":6,"minecraft:diorite":4,"minecraft:torch":6,"minecraft:wooden_axe":1,"minecraft:yellow_glazed_terracotta":1,"minecraft:iron_leggings":1,"minecraft:chainmail_leggings":1,"minecraft:string":1,"minecraft:gray_carpet":2,"minecraft:nether_brick_slab":3,"minecraft:raw_copper":4,"minecraft:bowl":8,"minecraft:chicken":1,"minecraft:hay_block":27,"minecraft:flower_pot":1,"aether:iron_gloves":1,"minecraft:waxed_cut_copper":11,"minecraft:spruce_trapdoor":1,"luminousworld:groundpebbles_1":2,"minecraft:golden_sword":1,"minecraft:brown_bed":1,"minecraft:sandstone":12,"minecraft:wooden_pickaxe":2},"minecraft:mined":{"minecraft:dark_oak_planks":2,"minecraft:red_nether_brick_slab":4,"minecraft:spruce_planks":4,"minecraft:farmland":1,"minecraft:jungle_leaves":66,"minecraft:red_nether_bricks":28,"minecraft:red_sand":4,"minecraft:grass_block":150,"minecraft:spawner":1,"minecraft:dark_oak_trapdoor":8,"minecraft:fire":4,"minecraft:nether_brick_stairs":2,"minecraft:brown_bed":3,"minecraft:smooth_sandstone_stairs":2,"minecraft:stripped_mangrove_wood":1,"minecraft:waxed_cut_copper_stairs":2,"minecraft:waxed_cut_copper":16,"minecraft:sandstone_slab":1,"minecraft:soul_lantern":1,"minecraft:calcite":61,"minecraft:melon":3,"minecraft:dead_bush":5,"minecraft:nether_brick_slab":15,"minecraft:cobblestone":3,"minecraft:cyan_bed":4,"placeablesmod:bread_full_block":2,"neapolitan:small_banana_frond":2,"minecraft:wheat":1,"minecraft:waxed_oxidized_cut_copper_stairs":1,"minecraft:birch_trapdoor":1,"minecraft:waxed_copper_block":18,"minecraft:grass":13,"minecraft:oak_log":11,"minecraft:sand":3,"minecraft:dirt":75,"minecraft:sandstone_wall":1,"minecraft:oak_leaves":3,"minecraft:cyan_candle":1,"minecraft:yellow_wall_banner":1,"iceandfire:silver_ore":8,"minecraft:birch_fence_gate":1,"minecraft:dark_oak_fence":2,"minecraft:moss_block":5,"minecraft:sandstone":8,"minecraft:hay_block":53,"neapolitan:banana_bundle":1,"minecraft:carrots":1,"minecraft:waxed_oxidized_cut_copper_slab":3,"minecraft:chiseled_sandstone":3,"neapolitan:banana_stalk":4,"neapolitan:banana_frond":3,"minecraft:vine":1,"minecraft:stripped_oak_log":4,"minecraft:smooth_quartz_stairs":5,"minecraft:bamboo_sapling":1,"minecraft:stone":54,"minecraft:birch_stairs":40,"quark:oak_chest":1,"minecraft:stripped_dark_oak_log":2,"minecraft:crafting_table":2,"minecraft:emerald_ore":1,"minecraft:copper_ore":2,"minecraft:diorite":6,"minecraft:black_stained_glass":1,"minecraft:cactus":1,"minecraft:mangrove_slab":1,"minecraft:coal_ore":29,"minecraft:flower_pot":1,"minecraft:gray_carpet":1,"minecraft:cobweb":5,"neapolitan:large_banana_frond":3,"minecraft:fern":3},"minecraft:used":{"minecraft:red_sand":15,"minecraft:iron_shovel":222,"minecraft:shield":11,"minecraft:iron_sword":204,"minecraft:smooth_sandstone_stairs":2,"minecraft:carrot":16,"ecologics:prickly_pear":2,"born_in_chaos_v1:corpse_maggot":4,"minecraft:iron_helmet":1,"minecraft:golden_sword":56,"minecraft:furnace":1,"minecraft:waxed_oxidized_cut_copper_slab":2,"minecraft:gray_carpet":1,"minecraft:stone_pickaxe":131,"minecraft:wooden_pickaxe":11,"minecraft:leather_chestplate":1,"minecraft:sandstone":1,"luminousworld:groundpebbles_1":3,"minecraft:smooth_quartz_stairs":1,"minecraft:dark_oak_trapdoor":10,"minecraft:mushroom_stew":8,"minecraft:shears":44,"iceandfire:silver_pickaxe":150,"neapolitan:banana_bunch":2,"minecraft:bread":90,"born_in_chaos_v1:rotten_fish":1,"minecraft:dark_oak_fence":65,"minecraft:oak_boat":1,"farmersdelight:kelp_roll_slice":2,"minecraft:jungle_leaves":2,"iceandfire:silver_sword":304,"minecraft:torch":8,"minecraft:dirt":73,"iceandfire:copper_sword":284,"minecraft:nether_brick_slab":12,"minecraft:dark_oak_planks":5,"minecraft:wooden_axe":45,"alexsmobs:maggot":1,"minecraft:waxed_cut_copper":5,"minecraft:bamboo":1,"tombstone:gift":10,"undead_revamp2:arapholia":1,"minecraft:orange_terracotta":1,"minecraft:brown_bed":3,"minecraft:calcite":62,"minecraft:water_bucket":8,"minecraft:spruce_sign":1,"minecraft:crafting_table":5,"neapolitan:banana":4,"minecraft:dark_oak_fence_gate":2,"tombstone:bag_of_seeds":1,"minecraft:flower_pot":2,"neapolitan:banana_stalk":4,"minecraft:leather_helmet":1,"minecraft:stone_axe":39,"minecraft:cobblestone":20,"minecraft:cooked_porkchop":1,"minecraft:bucket":8,"quark:oak_chest":2,"alexsmobs:animal_dictionary":5,"alexsmobs:emu_egg":3},"minecraft:custom":{"lootr:looted_stat":39,"minecraft:animals_bred":19,"minecraft:interact_with_crafting_table":30,"minecraft:eat_cake_slice":7,"minecraft:leave_game":3,"minecraft:time_since_death":88277,"minecraft:sprint_one_cm":671153,"minecraft:damage_blocked_by_shield":590,"minecraft:drop":79,"minecraft:talked_to_villager":28,"minecraft:play_time":321940,"minecraft:deaths":17,"minecraft:jump":3012,"minecraft:walk_on_water_one_cm":26338,"minecraft:interact_with_furnace":3,"minecraft:traded_with_villager":13,"minecraft:interact_with_loom":1,"minecraft:sleep_in_bed":5,"minecraft:damage_dealt":33888,"minecraft:crouch_one_cm":8254,"tombstone:undead_killed":56,"minecraft:interact_with_smithing_table":1,"minecraft:mob_kills":142,"minecraft:interact_with_anvil":1,"minecraft:damage_dealt_resisted":289,"minecraft:climb_one_cm":44296,"minecraft:walk_one_cm":813882,"minecraft:sneak_time":5958,"minecraft:walk_under_water_one_cm":13677,"minecraft:boat_one_cm":391142,"minecraft:interact_with_blast_furnace":2,"minecraft:total_world_time":321940,"minecraft:pot_flower":1,"minecraft:time_since_rest":78381,"minecraft:damage_taken":10396,"minecraft:trigger_trapped_chest":2,"minecraft:swim_one_cm":49819,"minecraft:fly_one_cm":533720,"minecraft:open_chest":13,"minecraft:fall_one_cm":70866},"minecraft:picked_up":{"minecraft:wooden_axe":1,"minecraft:iron_chestplate":1,"minecraft:wheat":18,"minecraft:flower_pot":3,"aether:iron_gloves":1,"minecraft:brown_bed":4,"minecraft:enchanted_book":1,"minecraft:golden_sword":1,"iceandfire:manuscript":3,"minecraft:string":4,"minecraft:dark_oak_trapdoor":6,"minecraft:raw_copper":4,"minecraft:red_nether_bricks":27,"minecraft:armor_stand":2,"neapolitan:banana_bunch":2,"minecraft:beetroot":35,"minecraft:red_sand":15,"minecraft:spruce_planks":4,"minecraft:white_tulip":1,"minecraft:calcite":62,"quark:black_shard":2,"minecraft:iron_pickaxe":1,"minecraft:melon_slice":17,"minecraft:smooth_quartz_stairs":1,"minecraft:stick":10,"minecraft:torch":7,"minecraft:porkchop":30,"tombstone:grave_dust":9,"minecraft:diorite":4,"minecraft:yellow_banner":1,"minecraft:cactus":2,"minecraft:rotten_flesh":74,"alexsmobs:emu_egg":7,"supplementaries:ash":11,"minecraft:waxed_cut_copper":16,"undead_revamp2:arapholia":1,"minecraft:cobblestone":55,"minecraft:leather_chestplate":1,"minecraft:potato":50,"minecraft:smooth_sandstone_stairs":2,"farmersdelight:tomato":3,"minecraft:dirt":217,"minecraft:bone":9,"minecraft:wheat_seeds":44,"minecraft:bamboo":1,"minecraft:moss_block":5,"minecraft:oak_planks":17,"minecraft:cooked_porkchop":2,"ecologics:prickly_pear":2,"minecraft:poisonous_potato":2,"minecraft:sand":3,"minecraft:nether_brick_stairs":2,"minecraft:jungle_leaves":38,"minecraft:bundle":1,"minecraft:bone_meal":1,"minecraft:spruce_sign":2,"minecraft:bread":4,"minecraft:emerald":1,"alexsmobs:maggot":1,"born_in_chaos_v1:rotten_fish":1,"minecraft:dark_oak_fence":2,"iceandfire:raw_silver":8,"luminousworld:groundpebbles_1":6,"minecraft:crafting_table":2,"minecraft:sandstone_slab":1,"minecraft:chicken":1,"born_in_chaos_v1:river_mint":6,"minecraft:wooden_pickaxe":1,"neapolitan:banana_frond":20,"minecraft:iron_shovel":1,"iceandfire:graveyard_soil":1,"minecraft:beef":5,"minecraft:spruce_trapdoor":1,"farmersdelight:kelp_roll_slice":2,"minecraft:sandstone":13,"minecraft:bowl":1,"minecraft:cookie":5,"minecraft:carrot":75,"minecraft:dark_oak_planks":6,"neapolitan:banana_stalk":4,"iceandfire:silver_ingot":1,"minecraft:beetroot_seeds":63,"minecraft:pumpkin_pie":10,"minecraft:hay_block":78,"minecraft:gold_ingot":2,"minecraft:stripped_oak_log":4,"born_in_chaos_v1:corpse_maggot":10,"minecraft:leather":4,"minecraft:yellow_glazed_terracotta":1,"minecraft:waxed_copper_block":18,"minecraft:oak_log":17,"minecraft:chainmail_chestplate":2,"enemyexpansion:scorpion_tail":1,"tombstone:gift":2,"minecraft:orange_terracotta":1,"minecraft:gray_carpet":3,"tombstone:bag_of_seeds":2,"born_in_chaos_v1:ethereal_spirit":2,"minecraft:birch_stairs":14,"minecraft:nether_brick_slab":11,"quark:oak_chest":1,"minecraft:leather_helmet":2,"minecraft:chainmail_leggings":2,"minecraft:iron_helmet":1,"minecraft:waxed_oxidized_cut_copper_slab":4,"minecraft:red_nether_brick_slab":6,"minecraft:melon_seeds":3,"minecraft:stripped_dark_oak_log":2,"minecraft:coal":29}},"DataVersion":3465}