{"stats":{"minecraft:mined":{"minecraft:spruce_planks":4,"minecraft:yellow_wall_banner":1,"iceandfire:silver_ore":5,"minecraft:birch_fence_gate":1,"minecraft:red_sand":4,"minecraft:sandstone":8,"minecraft:hay_block":53,"neapolitan:banana_bundle":1,"minecraft:carrots":1,"minecraft:chiseled_sandstone":3,"neapolitan:banana_stalk":4,"minecraft:brown_bed":3,"neapolitan:banana_frond":3,"minecraft:vine":1,"minecraft:stripped_oak_log":4,"minecraft:smooth_sandstone_stairs":2,"minecraft:stripped_mangrove_wood":1,"minecraft:stone":52,"minecraft:sandstone_slab":1,"quark:oak_chest":1,"minecraft:stripped_dark_oak_log":2,"minecraft:soul_lantern":1,"minecraft:crafting_table":1,"minecraft:emerald_ore":1,"minecraft:calcite":24,"minecraft:dead_bush":5,"minecraft:copper_ore":2,"minecraft:cobblestone":3,"minecraft:cyan_bed":1,"placeablesmod:bread_full_block":2,"minecraft:diorite":3,"minecraft:black_stained_glass":1,"minecraft:cactus":1,"neapolitan:small_banana_frond":2,"minecraft:wheat":1,"minecraft:grass":10,"minecraft:coal_ore":29,"minecraft:oak_log":11,"minecraft:dirt":3,"minecraft:flower_pot":1,"minecraft:sand":3,"minecraft:sandstone_wall":1,"minecraft:cobweb":3,"neapolitan:large_banana_frond":3,"minecraft:oak_leaves":3,"minecraft:cyan_candle":1,"minecraft:fern":2},"minecraft:broken":{"iceandfire:copper_sword":1,"minecraft:wooden_axe":1},"minecraft:dropped":{"minecraft:spruce_sign":1,"minecraft:bread":10,"minecraft:sandstone_slab":1,"minecraft:cobblestone":24,"minecraft:stick":3,"minecraft:torch":6,"minecraft:wooden_axe":1,"minecraft:bone_meal":1,"minecraft:sand":3,"quark:black_shard":2,"minecraft:raw_copper":4,"born_in_chaos_v1:ethereal_spirit":2,"minecraft:rotten_flesh":14,"minecraft:oak_planks":34,"alexsmobs:emu_egg":1,"supplementaries:ash":1,"minecraft:hay_block":1,"minecraft:flower_pot":1,"minecraft:spruce_trapdoor":1,"luminousworld:groundpebbles_1":2,"minecraft:brown_bed":1,"minecraft:sandstone":12,"minecraft:wooden_pickaxe":1},"minecraft:crafted":{"minecraft:oak_planks":58,"minecraft:furnace":1,"minecraft:stone_pickaxe":1,"minecraft:dark_oak_planks":8,"minecraft:wheat":225,"sophisticatedbackpacks:backpack":1,"minecraft:emerald":13,"iceandfire:silver_ingot":4,"minecraft:crafting_table":4,"minecraft:wooden_pickaxe":1,"iceandfire:copper_sword":1,"minecraft:bread":21,"minecraft:oak_boat":1,"minecraft:string":4,"minecraft:shield":1,"minecraft:stick":8,"quark:oak_chest":2,"minecraft:wooden_axe":1,"minecraft:gold_ingot":1,"minecraft:torch":8,"iceandfire:silver_pickaxe":1,"iceandfire:silver_sword":1},"minecraft:killed":{"born_in_chaos_v1:restless_spirit":1,"enemyexpansion:direwolf":1,"born_in_chaos_v1:baby_skeleton_minion":1,"undead_revamp2:theswarmer":1,"born_in_chaos_v1:maggot":10,"naturalist:snail":1,"minecraft:skeleton":2,"alexsmobs:capuchin_monkey":2,"born_in_chaos_v1:corpse_fish":1,"undead_revamp2:sucker":2,"undead_revamp2:thespitter":1,"enemyexpansion:scorpion":1,"minecraft:husk":21,"minecraft:pig":14,"born_in_chaos_v1:baby_skeleton":1,"undead_revamp2:the_moonflower":1,"minecraft:zombie":1,"iceandfire:ghost":2,"enemyexpansion:botfly":2,"alexsmobs:roadrunner":1,"alexsmobs:fly":1,"minecraft:cow":2},"minecraft:custom":{"lootr:looted_stat":29,"minecraft:interact_with_anvil":1,"minecraft:mob_kills":95,"minecraft:animals_bred":19,"minecraft:interact_with_crafting_table":17,"minecraft:damage_dealt_resisted":214,"minecraft:leave_game":2,"minecraft:time_since_death":23701,"minecraft:climb_one_cm":29004,"minecraft:sprint_one_cm":493506,"minecraft:walk_one_cm":488802,"minecraft:drop":39,"minecraft:talked_to_villager":28,"minecraft:play_time":205325,"minecraft:deaths":11,"minecraft:sneak_time":2630,"minecraft:walk_under_water_one_cm":3186,"minecraft:boat_one_cm":213124,"minecraft:jump":2216,"minecraft:walk_on_water_one_cm":12384,"minecraft:total_world_time":205325,"minecraft:interact_with_furnace":3,"minecraft:traded_with_villager":13,"minecraft:interact_with_loom":1,"minecraft:pot_flower":1,"minecraft:sleep_in_bed":4,"minecraft:time_since_rest":23555,"minecraft:damage_taken":5561,"minecraft:trigger_trapped_chest":2,"minecraft:damage_dealt":22936,"minecraft:swim_one_cm":22094,"minecraft:fly_one_cm":427675,"minecraft:open_chest":13,"minecraft:crouch_one_cm":3071,"tombstone:undead_killed":33,"minecraft:fall_one_cm":58997},"minecraft:picked_up":{"luminousworld:groundpebbles_1":2,"minecraft:crafting_table":1,"minecraft:wheat":18,"minecraft:sandstone_slab":1,"minecraft:chicken":1,"minecraft:flower_pot":3,"minecraft:wooden_pickaxe":1,"minecraft:brown_bed":4,"iceandfire:manuscript":3,"minecraft:raw_copper":4,"neapolitan:banana_frond":20,"neapolitan:banana_bunch":2,"minecraft:iron_shovel":1,"minecraft:beetroot":35,"iceandfire:graveyard_soil":1,"minecraft:red_sand":15,"minecraft:spruce_planks":4,"minecraft:beef":5,"minecraft:white_tulip":1,"minecraft:calcite":26,"quark:black_shard":2,"minecraft:iron_pickaxe":1,"minecraft:spruce_trapdoor":1,"minecraft:stick":7,"minecraft:sandstone":13,"minecraft:torch":7,"minecraft:porkchop":30,"tombstone:grave_dust":9,"minecraft:diorite":1,"minecraft:carrot":75,"minecraft:dark_oak_planks":4,"minecraft:yellow_banner":1,"neapolitan:banana_stalk":4,"iceandfire:silver_ingot":1,"minecraft:cactus":2,"minecraft:rotten_flesh":30,"minecraft:beetroot_seeds":63,"minecraft:hay_block":52,"alexsmobs:emu_egg":7,"minecraft:gold_ingot":2,"supplementaries:ash":1,"minecraft:cobblestone":55,"minecraft:stripped_oak_log":4,"born_in_chaos_v1:corpse_maggot":6,"minecraft:leather":4,"minecraft:potato":50,"minecraft:smooth_sandstone_stairs":2,"minecraft:oak_log":17,"enemyexpansion:scorpion_tail":1,"farmersdelight:tomato":3,"minecraft:dirt":3,"tombstone:gift":2,"minecraft:orange_terracotta":1,"minecraft:bone":6,"minecraft:wheat_seeds":34,"tombstone:bag_of_seeds":2,"minecraft:oak_planks":17,"ecologics:prickly_pear":2,"born_in_chaos_v1:ethereal_spirit":2,"minecraft:poisonous_potato":2,"minecraft:sand":3,"quark:oak_chest":1,"minecraft:bundle":1,"minecraft:bone_meal":1,"minecraft:spruce_sign":2,"minecraft:emerald":1,"minecraft:bread":4,"alexsmobs:maggot":1,"minecraft:stripped_dark_oak_log":2,"minecraft:coal":29,"iceandfire:raw_silver":5,"minecraft:wooden_axe":1},"minecraft:killed_by":{"minecraft:husk":1,"minecraft:player":1,"illagerinvasion:firecaller":1,"born_in_chaos_v1:baby_skeleton_minion":1,"undead_revamp2:the_moonflower":2,"born_in_chaos_v1:corpse_fly":1,"iceandfire:ghost":2},"minecraft:used":{"alexsmobs:emu_egg":3,"minecraft:red_sand":15,"iceandfire:silver_sword":280,"minecraft:smooth_sandstone_stairs":2,"minecraft:torch":3,"minecraft:dirt":3,"iceandfire:copper_sword":284,"minecraft:carrot":16,"ecologics:prickly_pear":2,"born_in_chaos_v1:corpse_maggot":2,"minecraft:wooden_axe":45,"alexsmobs:maggot":1,"minecraft:furnace":1,"tombstone:gift":8,"minecraft:orange_terracotta":1,"minecraft:brown_bed":3,"minecraft:calcite":2,"minecraft:stone_pickaxe":103,"minecraft:wooden_pickaxe":9,"minecraft:sandstone":1,"minecraft:spruce_sign":1,"minecraft:crafting_table":4,"iceandfire:silver_pickaxe":29,"tombstone:bag_of_seeds":1,"minecraft:flower_pot":2,"minecraft:bread":54,"minecraft:cobblestone":19,"minecraft:oak_boat":1,"quark:oak_chest":2,"alexsmobs:animal_dictionary":4}},"DataVersion":3465}