{"stats":{"minecraft:mined":{"minecraft:yellow_wall_banner":1,"iceandfire:silver_ore":4,"quark:oak_chest":1,"minecraft:crafting_table":1,"minecraft:red_sand":4,"minecraft:dead_bush":4,"minecraft:copper_ore":2,"minecraft:cobblestone":3,"minecraft:hay_block":25,"minecraft:cactus":1,"minecraft:carrots":1,"minecraft:brown_bed":3,"minecraft:grass":3,"minecraft:oak_log":11,"minecraft:coal_ore":29,"minecraft:vine":1,"minecraft:sand":2,"minecraft:dirt":3,"minecraft:stone":52,"minecraft:oak_leaves":3,"minecraft:fern":1},"minecraft:dropped":{"minecraft:bread":10,"minecraft:rotten_flesh":2,"alexsmobs:emu_egg":1,"minecraft:stick":1,"minecraft:wooden_axe":1,"minecraft:brown_bed":1,"minecraft:wooden_pickaxe":1},"minecraft:crafted":{"minecraft:oak_planks":22,"minecraft:emerald":13,"iceandfire:silver_ingot":4,"minecraft:crafting_table":1,"minecraft:wooden_pickaxe":1,"minecraft:furnace":1,"iceandfire:copper_sword":1,"minecraft:bread":21,"minecraft:stick":8,"quark:oak_chest":1,"minecraft:stone_pickaxe":1,"minecraft:wooden_axe":1,"minecraft:gold_ingot":1,"minecraft:torch":8,"iceandfire:silver_pickaxe":1,"iceandfire:silver_sword":1,"minecraft:wheat":198},"minecraft:killed":{"enemyexpansion:scorpion":1,"minecraft:pig":2,"born_in_chaos_v1:restless_spirit":1,"born_in_chaos_v1:baby_skeleton":1,"undead_revamp2:the_moonflower":1,"enemyexpansion:direwolf":1,"born_in_chaos_v1:baby_skeleton_minion":1,"born_in_chaos_v1:maggot":3,"minecraft:zombie":1,"iceandfire:ghost":1,"alexsmobs:fly":1,"undead_revamp2:sucker":2,"undead_revamp2:thespitter":1},"minecraft:custom":{"lootr:looted_stat":17,"minecraft:interact_with_furnace":3,"minecraft:mob_kills":17,"minecraft:animals_bred":13,"minecraft:traded_with_villager":13,"minecraft:interact_with_crafting_table":12,"minecraft:damage_dealt_resisted":67,"minecraft:leave_game":2,"minecraft:time_since_death":44389,"minecraft:sleep_in_bed":3,"minecraft:climb_one_cm":4155,"minecraft:time_since_rest":44147,"minecraft:sprint_one_cm":315440,"minecraft:damage_taken":2672,"minecraft:walk_one_cm":221017,"minecraft:trigger_trapped_chest":2,"minecraft:drop":17,"minecraft:damage_dealt":3319,"minecraft:swim_one_cm":21373,"minecraft:talked_to_villager":23,"minecraft:fly_one_cm":306077,"minecraft:open_chest":11,"tombstone:undead_killed":8,"minecraft:crouch_one_cm":977,"minecraft:play_time":115325,"minecraft:deaths":8,"minecraft:sneak_time":777,"minecraft:walk_under_water_one_cm":2739,"minecraft:jump":1481,"minecraft:walk_on_water_one_cm":12204,"minecraft:total_world_time":115325,"minecraft:fall_one_cm":38842},"minecraft:picked_up":{"luminousworld:groundpebbles_1":1,"minecraft:wheat":18,"born_in_chaos_v1:corpse_maggot":2,"minecraft:crafting_table":1,"minecraft:wooden_pickaxe":1,"minecraft:potato":35,"minecraft:brown_bed":4,"minecraft:oak_log":17,"enemyexpansion:scorpion_tail":1,"iceandfire:manuscript":3,"farmersdelight:tomato":3,"minecraft:dirt":3,"tombstone:gift":2,"minecraft:raw_copper":4,"minecraft:orange_terracotta":1,"minecraft:bone":2,"minecraft:beetroot":34,"iceandfire:graveyard_soil":1,"minecraft:wheat_seeds":33,"minecraft:red_sand":15,"minecraft:iron_pickaxe":1,"minecraft:stick":6,"ecologics:prickly_pear":2,"born_in_chaos_v1:ethereal_spirit":2,"minecraft:poisonous_potato":1,"minecraft:porkchop":5,"minecraft:sand":2,"tombstone:grave_dust":1,"minecraft:carrot":67,"quark:oak_chest":1,"minecraft:yellow_banner":1,"minecraft:cactus":2,"minecraft:bundle":1,"iceandfire:silver_ingot":1,"minecraft:rotten_flesh":7,"minecraft:beetroot_seeds":63,"minecraft:hay_block":25,"minecraft:bread":2,"alexsmobs:emu_egg":7,"minecraft:gold_ingot":2,"alexsmobs:maggot":1,"minecraft:coal":29,"iceandfire:raw_silver":4,"minecraft:cobblestone":54,"minecraft:wooden_axe":1},"minecraft:killed_by":{"illagerinvasion:firecaller":1,"born_in_chaos_v1:baby_skeleton_minion":1,"undead_revamp2:the_moonflower":2,"born_in_chaos_v1:corpse_fly":1,"iceandfire:ghost":2},"minecraft:used":{"alexsmobs:emu_egg":3,"minecraft:red_sand":15,"minecraft:stone_pickaxe":85,"minecraft:wooden_pickaxe":8,"minecraft:dirt":2,"minecraft:crafting_table":1,"iceandfire:copper_sword":96,"minecraft:carrot":16,"born_in_chaos_v1:corpse_maggot":2,"minecraft:wooden_axe":34,"alexsmobs:maggot":1,"minecraft:bread":15,"minecraft:cobblestone":19,"minecraft:furnace":1,"alexsmobs:animal_dictionary":2,"tombstone:gift":4,"quark:oak_chest":2,"minecraft:orange_terracotta":1,"minecraft:brown_bed":3}},"DataVersion":3465}