{"stats":{"minecraft:mined":{"minecraft:yellow_wall_banner":1,"iceandfire:silver_ore":5,"minecraft:birch_fence_gate":1,"minecraft:red_sand":4,"minecraft:sandstone":8,"minecraft:hay_block":53,"minecraft:carrots":1,"minecraft:chiseled_sandstone":3,"minecraft:brown_bed":3,"minecraft:vine":1,"minecraft:stripped_oak_log":4,"minecraft:smooth_sandstone_stairs":2,"minecraft:stone":52,"minecraft:sandstone_slab":1,"quark:oak_chest":1,"minecraft:crafting_table":1,"minecraft:dead_bush":5,"minecraft:copper_ore":2,"minecraft:cobblestone":3,"minecraft:cactus":1,"minecraft:wheat":1,"minecraft:grass":3,"minecraft:coal_ore":29,"minecraft:oak_log":11,"minecraft:dirt":3,"minecraft:flower_pot":1,"minecraft:sand":3,"minecraft:sandstone_wall":1,"minecraft:oak_leaves":3,"minecraft:fern":1},"minecraft:broken":{"minecraft:wooden_axe":1},"minecraft:dropped":{"minecraft:bread":10,"minecraft:sandstone_slab":1,"minecraft:stick":3,"minecraft:wooden_axe":1,"minecraft:sand":3,"minecraft:rotten_flesh":2,"alexsmobs:emu_egg":1,"minecraft:hay_block":1,"minecraft:flower_pot":1,"luminousworld:groundpebbles_1":2,"minecraft:brown_bed":1,"minecraft:wooden_pickaxe":1},"minecraft:crafted":{"minecraft:oak_planks":58,"minecraft:furnace":1,"minecraft:stone_pickaxe":1,"minecraft:wheat":225,"sophisticatedbackpacks:backpack":1,"minecraft:emerald":13,"iceandfire:silver_ingot":4,"minecraft:crafting_table":3,"minecraft:wooden_pickaxe":1,"iceandfire:copper_sword":1,"minecraft:bread":21,"minecraft:oak_boat":1,"minecraft:string":4,"minecraft:stick":8,"quark:oak_chest":2,"minecraft:wooden_axe":1,"minecraft:gold_ingot":1,"minecraft:torch":8,"iceandfire:silver_pickaxe":1,"iceandfire:silver_sword":1},"minecraft:killed":{"born_in_chaos_v1:restless_spirit":1,"enemyexpansion:direwolf":1,"born_in_chaos_v1:baby_skeleton_minion":1,"undead_revamp2:theswarmer":1,"born_in_chaos_v1:maggot":3,"naturalist:snail":1,"born_in_chaos_v1:corpse_fish":1,"undead_revamp2:sucker":2,"undead_revamp2:thespitter":1,"enemyexpansion:scorpion":1,"minecraft:pig":14,"born_in_chaos_v1:baby_skeleton":1,"undead_revamp2:the_moonflower":1,"minecraft:zombie":1,"iceandfire:ghost":2,"alexsmobs:roadrunner":1,"alexsmobs:fly":1,"minecraft:cow":2},"minecraft:custom":{"lootr:looted_stat":21,"minecraft:mob_kills":37,"minecraft:animals_bred":19,"minecraft:interact_with_crafting_table":16,"minecraft:damage_dealt_resisted":194,"minecraft:leave_game":2,"minecraft:time_since_death":98389,"minecraft:climb_one_cm":23412,"minecraft:sprint_one_cm":468286,"minecraft:walk_one_cm":381704,"minecraft:drop":25,"minecraft:talked_to_villager":28,"minecraft:play_time":169325,"minecraft:deaths":8,"minecraft:sneak_time":1873,"minecraft:walk_under_water_one_cm":3186,"minecraft:boat_one_cm":143247,"minecraft:jump":2112,"minecraft:walk_on_water_one_cm":12384,"minecraft:total_world_time":169325,"minecraft:interact_with_furnace":3,"minecraft:traded_with_villager":13,"minecraft:interact_with_loom":1,"minecraft:pot_flower":1,"minecraft:sleep_in_bed":4,"minecraft:time_since_rest":32767,"minecraft:damage_taken":3252,"minecraft:trigger_trapped_chest":2,"minecraft:damage_dealt":6806,"minecraft:swim_one_cm":22094,"minecraft:fly_one_cm":421490,"minecraft:open_chest":13,"minecraft:crouch_one_cm":1969,"tombstone:undead_killed":10,"minecraft:fall_one_cm":57274},"minecraft:picked_up":{"luminousworld:groundpebbles_1":2,"minecraft:crafting_table":1,"minecraft:wheat":18,"minecraft:sandstone_slab":1,"minecraft:chicken":1,"minecraft:flower_pot":3,"minecraft:wooden_pickaxe":1,"minecraft:brown_bed":4,"iceandfire:manuscript":3,"minecraft:raw_copper":4,"minecraft:iron_shovel":1,"minecraft:beetroot":35,"iceandfire:graveyard_soil":1,"minecraft:red_sand":15,"minecraft:beef":5,"minecraft:white_tulip":1,"minecraft:iron_pickaxe":1,"minecraft:stick":7,"minecraft:sandstone":13,"minecraft:torch":1,"minecraft:porkchop":30,"tombstone:grave_dust":2,"minecraft:carrot":75,"minecraft:yellow_banner":1,"iceandfire:silver_ingot":1,"minecraft:cactus":2,"minecraft:rotten_flesh":9,"minecraft:beetroot_seeds":63,"minecraft:hay_block":52,"alexsmobs:emu_egg":7,"minecraft:gold_ingot":2,"supplementaries:ash":1,"minecraft:cobblestone":54,"minecraft:stripped_oak_log":4,"born_in_chaos_v1:corpse_maggot":2,"minecraft:leather":4,"minecraft:potato":50,"minecraft:smooth_sandstone_stairs":2,"minecraft:oak_log":17,"enemyexpansion:scorpion_tail":1,"farmersdelight:tomato":3,"minecraft:dirt":3,"tombstone:gift":2,"minecraft:orange_terracotta":1,"minecraft:bone":3,"minecraft:wheat_seeds":33,"tombstone:bag_of_seeds":1,"ecologics:prickly_pear":2,"born_in_chaos_v1:ethereal_spirit":2,"minecraft:poisonous_potato":2,"minecraft:sand":3,"quark:oak_chest":1,"minecraft:bundle":1,"minecraft:bone_meal":1,"minecraft:bread":2,"alexsmobs:maggot":1,"minecraft:coal":29,"iceandfire:raw_silver":5,"minecraft:wooden_axe":1},"minecraft:killed_by":{"illagerinvasion:firecaller":1,"born_in_chaos_v1:baby_skeleton_minion":1,"undead_revamp2:the_moonflower":2,"born_in_chaos_v1:corpse_fly":1,"iceandfire:ghost":2},"minecraft:used":{"alexsmobs:emu_egg":3,"minecraft:red_sand":15,"minecraft:smooth_sandstone_stairs":2,"minecraft:torch":3,"minecraft:dirt":3,"iceandfire:copper_sword":220,"minecraft:carrot":16,"ecologics:prickly_pear":1,"born_in_chaos_v1:corpse_maggot":2,"minecraft:wooden_axe":45,"alexsmobs:maggot":1,"minecraft:furnace":1,"tombstone:gift":4,"minecraft:orange_terracotta":1,"minecraft:brown_bed":3,"minecraft:stone_pickaxe":103,"minecraft:wooden_pickaxe":8,"minecraft:sandstone":1,"minecraft:crafting_table":3,"minecraft:flower_pot":2,"minecraft:bread":30,"minecraft:cobblestone":19,"minecraft:oak_boat":1,"quark:oak_chest":2,"alexsmobs:animal_dictionary":2}},"DataVersion":3465}