{"stats":{"minecraft:used":{"alexsmobs:animal_dictionary":1,"minecraft:red_sand":14},"minecraft:picked_up":{"alexsmobs:emu_egg":2,"minecraft:dark_oak_boat":1,"minecraft:red_sand":21},"minecraft:custom":{"minecraft:jump":47,"minecraft:time_since_rest":6613,"minecraft:leave_game":2,"minecraft:sprint_one_cm":16538,"minecraft:play_time":6613,"minecraft:time_since_death":6613,"minecraft:walk_one_cm":14075,"minecraft:sneak_time":8,"minecraft:total_world_time":6613,"minecraft:boat_one_cm":43977,"minecraft:fall_one_cm":1312,"minecraft:fly_one_cm":7581},"minecraft:mined":{"minecraft:red_sand":21,"minecraft:dead_bush":1}},"DataVersion":3465}