{"stats":{"minecraft:used":{"alexsmobs:emu_egg":4,"minecraft:oak_log":5,"minecraft:red_sand":72,"minecraft:cactus":1,"tombstone:gift":1},"minecraft:dropped":{"tombstone:grave_key":1},"minecraft:mined":{"minecraft:red_sand":104,"minecraft:oak_log":10,"minecraft:oak_leaves":3},"minecraft:picked_up":{"minecraft:stick":4,"minecraft:cactus":1,"born_in_chaos_v1:ethereal_spirit":1,"minecraft:red_sand":104,"alexsmobs:emu_egg":4,"minecraft:oak_log":10,"minecraft:gunpowder":1,"minecraft:spider_eye":1,"minecraft:string":1},"minecraft:custom":{"minecraft:time_since_rest":5871,"minecraft:crouch_one_cm":6473,"minecraft:deaths":5,"minecraft:play_time":80779,"minecraft:sprint_one_cm":48442,"minecraft:damage_taken":1218,"minecraft:walk_one_cm":61379,"minecraft:sneak_time":3089,"minecraft:walk_under_water_one_cm":2108,"minecraft:mob_kills":1,"minecraft:drop":1,"minecraft:jump":569,"minecraft:damage_dealt":314,"minecraft:leave_game":18,"minecraft:walk_on_water_one_cm":4849,"minecraft:time_since_death":5915,"minecraft:total_world_time":80779,"minecraft:swim_one_cm":11327,"minecraft:fall_one_cm":18157,"minecraft:fly_one_cm":100692},"minecraft:killed":{"born_in_chaos_v1:restless_spirit":1},"minecraft:killed_by":{"born_in_chaos_v1:decaying_zombie":1,"minecraft:zombie":1,"minecraft:player":1,"undead_revamp2:therod":1}},"DataVersion":3465}