{"stats":{"minecraft:crafted":{"minecraft:oak_planks":20,"minecraft:oak_trapdoor":6,"farmersdelight:bacon_sandwich":6,"sophisticatedbackpacks:iron_backpack":1,"minecraft:cooked_beef":3,"farmersdelight:tomato_seeds":2,"minecraft:oak_slab":6,"minecraft:crafting_table":1,"minecraft:air":0,"minecraft:oak_boat":2,"minecraft:iron_ingot":7,"farmersdelight:cooked_bacon":6,"minecraft:torch":20},"minecraft:killed_by":{"minecraft:husk":1,"minecraft:player":2,"born_in_chaos_v1:decaying_zombie":1,"undead_revamp2:therod":1,"minecraft:zombie":1,"undead_revamp2:thebeartamer":1},"minecraft:killed":{"undead_revamp2:thehunter":1,"born_in_chaos_v1:zombie_lumberjack":1,"born_in_chaos_v1:restless_spirit":1,"minecraft:spider":1,"born_in_chaos_v1:maggot":8,"creeperoverhaul:bamboo_creeper":2,"minecraft:skeleton":4,"alexsmobs:capuchin_monkey":3,"minecraft:husk":43,"minecraft:pig":1,"born_in_chaos_v1:decrepit_skeleton":1,"undead_revamp2:thesomnolence":3,"minecraft:zombie":1,"born_in_chaos_v1:corpse_fly":1,"enemyexpansion:botfly":11,"undead_revamp2:theskeeper":1},"minecraft:broken":{"aether:golden_gloves":1,"minecraft:iron_helmet":1},"minecraft:dropped":{"minecraft:spruce_sign":1,"minecraft:porkchop":1,"minecraft:stripped_mangrove_wood":2,"minecraft:wheat_seeds":2,"minecraft:glass_bottle":2,"minecraft:iron_helmet":4,"minecraft:black_banner":1,"tombstone:grave_key":3,"tombstone:scroll_of_true_sight":1,"tombstone:grave_dust":1,"farmersdelight:bacon":2,"minecraft:bowl":9,"minecraft:wheat":1,"born_in_chaos_v1:ethereal_spirit":1,"aether:iron_gloves":1,"minecraft:leather_leggings":2,"quark:smithing_template_rune":1},"minecraft:mined":{"minecraft:dark_oak_planks":14,"minecraft:waxed_cut_copper_slab":2,"iceandfire:silver_ore":2,"minecraft:jungle_leaves":1,"minecraft:red_nether_bricks":2,"minecraft:spruce_trapdoor":1,"minecraft:red_sand":111,"minecraft:grass_block":2,"minecraft:black_banner":1,"minecraft:oak_trapdoor":2,"neapolitan:banana_bundle":1,"minecraft:dark_oak_trapdoor":2,"minecraft:fire":5,"minecraft:waxed_oxidized_cut_copper_slab":1,"neapolitan:banana_stalk":4,"minecraft:stripped_dark_oak_wood":2,"minecraft:gold_block":1,"minecraft:bookshelf":3,"minecraft:smooth_quartz_stairs":1,"minecraft:stone":31,"minecraft:stripped_mangrove_wood":6,"minecraft:torch":2,"minecraft:crafting_table":2,"minecraft:blast_furnace":1,"minecraft:emerald_ore":3,"minecraft:calcite":22,"minecraft:nether_brick_slab":1,"minecraft:cobblestone":1,"minecraft:cyan_bed":3,"minecraft:oak_planks":2,"minecraft:diorite":10,"minecraft:wall_torch":2,"minecraft:wheat":9,"minecraft:grass":4,"minecraft:mangrove_slab":2,"minecraft:coal_ore":90,"minecraft:oak_log":10,"minecraft:gray_carpet":1,"minecraft:cobweb":2,"neapolitan:large_banana_frond":3,"minecraft:oak_leaves":4,"minecraft:emerald_block":1},"minecraft:used":{"alexsmobs:emu_egg":4,"minecraft:oak_trapdoor":4,"minecraft:red_sand":103,"minecraft:flint_and_steel":2,"farmersdelight:vegetable_noodles":2,"farmersdelight:cabbage_seeds":2,"minecraft:iron_sword":443,"farmersdelight:melon_juice":5,"minecraft:rotten_flesh":1,"minecraft:torch":14,"tombstone:scroll_of_preservation":4,"minecraft:dirt":1,"tombstone:scroll_of_aquatic_life":2,"born_in_chaos_v1:corpse_maggot":2,"farmersdelight:bacon_sandwich":1,"minecraft:beetroot_seeds":1,"tombstone:gift":10,"minecraft:cooked_beef":3,"farmersdelight:tomato_seeds":2,"minecraft:wheat_seeds":15,"minecraft:diorite":9,"minecraft:gray_carpet":1,"minecraft:oak_planks":2,"farmersdelight:golden_knife":2,"minecraft:cactus":1,"minecraft:spruce_sign":2,"minecraft:leather_boots":1,"minecraft:smooth_quartz_stairs":1,"minecraft:cookie":5,"minecraft:crafting_table":2,"minecraft:mushroom_stew":6,"neapolitan:banana":4,"minecraft:cake":1,"luminousworld:creepberries":1,"minecraft:oak_log":5,"neapolitan:banana_stalk":4,"minecraft:apple":3,"neapolitan:banana_bunch":2,"minecraft:bread":36,"minecraft:cyan_bed":3,"minecraft:iron_pickaxe":185,"tombstone:magic_scroll":3,"minecraft:spruce_trapdoor":1,"neapolitan:banana_frond":21,"minecraft:cobblestone":27,"minecraft:potion":1,"minecraft:pumpkin_pie":10,"minecraft:oak_boat":4,"minecraft:chainmail_leggings":1},"minecraft:custom":{"lootr:looted_stat":27,"minecraft:interact_with_anvil":1,"minecraft:mob_kills":89,"minecraft:interact_with_crafting_table":12,"minecraft:damage_dealt_resisted":66,"minecraft:eat_cake_slice":2,"minecraft:leave_game":56,"minecraft:time_since_death":22007,"minecraft:climb_one_cm":42267,"minecraft:damage_resisted":73,"minecraft:sprint_one_cm":199813,"minecraft:walk_one_cm":770228,"minecraft:drop":34,"minecraft:play_time":345144,"minecraft:deaths":10,"minecraft:sneak_time":9633,"minecraft:walk_under_water_one_cm":18446,"minecraft:boat_one_cm":750671,"minecraft:jump":2395,"minecraft:walk_on_water_one_cm":37570,"minecraft:total_world_time":345144,"minecraft:interact_with_furnace":12,"minecraft:sleep_in_bed":3,"minecraft:time_since_rest":21184,"minecraft:damage_taken":6221,"minecraft:damage_dealt":21336,"tombstone:cast_on_ally":2,"minecraft:swim_one_cm":34718,"minecraft:fly_one_cm":326576,"minecraft:player_kills":1,"minecraft:open_chest":29,"minecraft:crouch_one_cm":16918,"waystones:waystone_activated":3,"tombstone:undead_killed":52,"minecraft:fall_one_cm":50117},"minecraft:picked_up":{"minecraft:crafting_table":2,"minecraft:wheat":6,"minecraft:leather_leggings":1,"aether:iron_gloves":1,"minecraft:gold_block":1,"tombstone:grave_key":2,"minecraft:oak_trapdoor":2,"minecraft:string":18,"minecraft:waxed_cut_copper_slab":2,"minecraft:red_nether_bricks":2,"neapolitan:banana_frond":21,"neapolitan:banana_bunch":3,"minecraft:beetroot":1,"minecraft:red_sand":111,"farmersdelight:vegetable_noodles":14,"farmersdelight:cabbage":1,"minecraft:oak_boat":2,"minecraft:calcite":17,"minecraft:iron_pickaxe":1,"minecraft:smooth_quartz_stairs":1,"minecraft:spruce_trapdoor":1,"farmersdelight:cabbage_seeds":2,"minecraft:stick":4,"minecraft:stripped_mangrove_wood":5,"born_in_chaos_v1:shattered_skull":1,"minecraft:torch":4,"minecraft:bowl":4,"sophisticatedbackpacks:backpack":1,"minecraft:porkchop":2,"minecraft:cookie":5,"tombstone:grave_dust":1,"minecraft:diorite":10,"minecraft:dark_oak_planks":15,"neapolitan:banana_stalk":4,"minecraft:cactus":1,"minecraft:arrow":2,"minecraft:rotten_flesh":11,"minecraft:beetroot_seeds":3,"minecraft:stripped_dark_oak_wood":2,"alexsmobs:emu_egg":4,"minecraft:black_banner":1,"farmersdelight:melon_juice":5,"minecraft:cobblestone":32,"born_in_chaos_v1:corpse_maggot":6,"farmersdelight:bacon":8,"minecraft:oak_log":10,"minecraft:gunpowder":1,"farmersdelight:tomato":2,"minecraft:mangrove_slab":2,"minecraft:dirt":2,"minecraft:bone":6,"minecraft:gray_carpet":1,"minecraft:wheat_seeds":21,"minecraft:bamboo":1,"minecraft:oak_planks":3,"minecraft:iron_sword":3,"minecraft:book":9,"minecraft:emerald_block":1,"ecologics:prickly_pear":1,"luminousworld:creepberries":1,"born_in_chaos_v1:ethereal_spirit":1,"minecraft:blast_furnace":1,"minecraft:nether_brick_slab":1,"minecraft:cyan_bed":4,"farmersdelight:cabbage_leaf":10,"minecraft:dark_oak_log":1,"minecraft:spider_eye":2,"minecraft:bundle":2,"minecraft:iron_helmet":4,"minecraft:spruce_sign":3,"minecraft:emerald":3,"minecraft:waxed_oxidized_cut_copper_slab":1,"tombstone:magic_scroll":1,"minecraft:coal":90,"iceandfire:raw_silver":2}},"DataVersion":3465}