{"stats":{"minecraft:mined":{"neapolitan:banana_bundle":1,"neapolitan:banana_stalk":3,"minecraft:red_sand":108,"minecraft:oak_log":10,"neapolitan:large_banana_frond":3,"minecraft:oak_leaves":3},"minecraft:dropped":{"tombstone:grave_key":1},"minecraft:killed":{"born_in_chaos_v1:corpse_fly":1,"born_in_chaos_v1:restless_spirit":1},"minecraft:custom":{"minecraft:time_since_rest":19002,"minecraft:sprint_one_cm":80821,"minecraft:damage_taken":1278,"minecraft:walk_one_cm":85263,"minecraft:mob_kills":2,"minecraft:drop":1,"minecraft:damage_dealt":413,"minecraft:swim_one_cm":17275,"minecraft:fly_one_cm":143189,"minecraft:crouch_one_cm":6473,"minecraft:play_time":93910,"minecraft:deaths":5,"minecraft:sneak_time":3089,"minecraft:walk_under_water_one_cm":3515,"minecraft:jump":765,"minecraft:leave_game":26,"minecraft:time_since_death":19046,"minecraft:walk_on_water_one_cm":5636,"minecraft:climb_one_cm":123,"minecraft:total_world_time":93910,"minecraft:fall_one_cm":22329},"minecraft:picked_up":{"born_in_chaos_v1:corpse_maggot":1,"minecraft:stick":4,"born_in_chaos_v1:ethereal_spirit":1,"minecraft:oak_log":10,"minecraft:gunpowder":1,"minecraft:spider_eye":1,"minecraft:string":1,"neapolitan:banana_stalk":3,"neapolitan:banana_frond":21,"neapolitan:banana_bunch":3,"minecraft:cactus":1,"minecraft:red_sand":108,"alexsmobs:emu_egg":4},"minecraft:killed_by":{"born_in_chaos_v1:decaying_zombie":1,"minecraft:player":1,"undead_revamp2:therod":1,"minecraft:zombie":1},"minecraft:used":{"alexsmobs:emu_egg":4,"minecraft:oak_log":5,"minecraft:red_sand":72,"neapolitan:banana_bunch":2,"minecraft:cactus":1,"minecraft:rotten_flesh":1,"tombstone:gift":1,"neapolitan:banana":2}},"DataVersion":3465}