{"stats":{"minecraft:mined":{"minecraft:dark_oak_planks":14,"minecraft:waxed_cut_copper_slab":2,"iceandfire:silver_ore":2,"minecraft:red_nether_bricks":2,"minecraft:spruce_trapdoor":1,"minecraft:red_sand":111,"minecraft:black_banner":1,"neapolitan:banana_bundle":1,"minecraft:dark_oak_trapdoor":2,"minecraft:waxed_oxidized_cut_copper_slab":1,"neapolitan:banana_stalk":4,"minecraft:stripped_dark_oak_wood":2,"minecraft:gold_block":1,"minecraft:bookshelf":3,"minecraft:smooth_quartz_stairs":1,"minecraft:stone":31,"minecraft:stripped_mangrove_wood":3,"minecraft:crafting_table":2,"minecraft:torch":2,"minecraft:blast_furnace":1,"minecraft:emerald_ore":3,"minecraft:calcite":22,"minecraft:nether_brick_slab":1,"minecraft:cobblestone":1,"minecraft:cyan_bed":1,"minecraft:diorite":10,"minecraft:wall_torch":2,"minecraft:wheat":8,"minecraft:grass":2,"minecraft:mangrove_slab":2,"minecraft:coal_ore":90,"minecraft:oak_log":10,"minecraft:gray_carpet":1,"minecraft:cobweb":2,"neapolitan:large_banana_frond":3,"minecraft:oak_leaves":3,"minecraft:emerald_block":1},"minecraft:broken":{"aether:golden_gloves":1},"minecraft:dropped":{"minecraft:spruce_sign":1,"minecraft:wheat_seeds":2,"minecraft:glass_bottle":1,"minecraft:iron_helmet":4,"tombstone:grave_key":3,"tombstone:scroll_of_true_sight":1,"tombstone:grave_dust":1,"minecraft:bowl":9,"born_in_chaos_v1:ethereal_spirit":1,"minecraft:leather_leggings":1,"quark:smithing_template_rune":1},"minecraft:crafted":{"minecraft:oak_planks":20,"sophisticatedbackpacks:iron_backpack":1,"minecraft:cooked_beef":3,"farmersdelight:tomato_seeds":2,"minecraft:crafting_table":1,"minecraft:oak_boat":2,"minecraft:iron_ingot":7,"minecraft:torch":20},"minecraft:killed":{"born_in_chaos_v1:restless_spirit":1,"minecraft:spider":1,"born_in_chaos_v1:maggot":6,"creeperoverhaul:bamboo_creeper":2,"minecraft:skeleton":3,"alexsmobs:capuchin_monkey":3,"minecraft:husk":38,"born_in_chaos_v1:decrepit_skeleton":1,"undead_revamp2:thesomnolence":3,"minecraft:zombie":1,"born_in_chaos_v1:corpse_fly":1,"enemyexpansion:botfly":2,"undead_revamp2:theskeeper":1},"minecraft:custom":{"lootr:looted_stat":15,"minecraft:interact_with_anvil":1,"minecraft:mob_kills":69,"minecraft:interact_with_crafting_table":7,"minecraft:damage_dealt_resisted":66,"minecraft:leave_game":28,"minecraft:time_since_death":134051,"minecraft:climb_one_cm":26500,"minecraft:damage_resisted":73,"minecraft:sprint_one_cm":133400,"minecraft:walk_one_cm":459651,"minecraft:drop":25,"minecraft:play_time":208915,"minecraft:deaths":5,"minecraft:sneak_time":8292,"minecraft:walk_under_water_one_cm":7841,"minecraft:boat_one_cm":438352,"minecraft:jump":1516,"minecraft:walk_on_water_one_cm":10516,"minecraft:total_world_time":208915,"minecraft:interact_with_furnace":4,"minecraft:time_since_rest":134007,"minecraft:damage_taken":3773,"minecraft:damage_dealt":17920,"tombstone:cast_on_ally":1,"minecraft:swim_one_cm":18191,"minecraft:fly_one_cm":221500,"minecraft:player_kills":1,"minecraft:crouch_one_cm":14480,"minecraft:open_chest":29,"waystones:waystone_activated":1,"tombstone:undead_killed":44,"minecraft:fall_one_cm":32320},"minecraft:picked_up":{"minecraft:crafting_table":2,"minecraft:wheat":5,"minecraft:leather_leggings":1,"minecraft:gold_block":1,"tombstone:grave_key":2,"minecraft:string":10,"minecraft:waxed_cut_copper_slab":2,"minecraft:red_nether_bricks":2,"neapolitan:banana_frond":21,"neapolitan:banana_bunch":3,"minecraft:beetroot":1,"minecraft:red_sand":111,"farmersdelight:cabbage":1,"minecraft:oak_boat":2,"minecraft:calcite":17,"minecraft:smooth_quartz_stairs":1,"farmersdelight:cabbage_seeds":2,"minecraft:stick":4,"minecraft:stripped_mangrove_wood":3,"born_in_chaos_v1:shattered_skull":1,"minecraft:torch":4,"minecraft:bowl":3,"sophisticatedbackpacks:backpack":1,"minecraft:cookie":5,"tombstone:grave_dust":1,"minecraft:diorite":10,"minecraft:dark_oak_planks":14,"neapolitan:banana_stalk":4,"minecraft:cactus":1,"minecraft:arrow":1,"minecraft:rotten_flesh":6,"minecraft:beetroot_seeds":3,"minecraft:stripped_dark_oak_wood":2,"alexsmobs:emu_egg":4,"minecraft:black_banner":1,"minecraft:cobblestone":32,"born_in_chaos_v1:corpse_maggot":4,"minecraft:oak_log":10,"minecraft:gunpowder":1,"farmersdelight:tomato":2,"minecraft:mangrove_slab":2,"minecraft:bone":2,"minecraft:gray_carpet":1,"minecraft:wheat_seeds":18,"minecraft:bamboo":1,"minecraft:iron_sword":3,"minecraft:book":9,"minecraft:emerald_block":1,"born_in_chaos_v1:ethereal_spirit":1,"minecraft:blast_furnace":1,"minecraft:nether_brick_slab":1,"minecraft:cyan_bed":2,"minecraft:spider_eye":2,"minecraft:bundle":2,"minecraft:iron_helmet":4,"minecraft:spruce_sign":3,"minecraft:emerald":3,"minecraft:waxed_oxidized_cut_copper_slab":1,"minecraft:coal":90,"iceandfire:raw_silver":2},"minecraft:killed_by":{"minecraft:player":1,"born_in_chaos_v1:decaying_zombie":1,"undead_revamp2:therod":1,"minecraft:zombie":1},"minecraft:used":{"alexsmobs:emu_egg":4,"minecraft:red_sand":103,"farmersdelight:cabbage_seeds":2,"minecraft:iron_sword":363,"minecraft:rotten_flesh":1,"minecraft:torch":14,"tombstone:scroll_of_preservation":4,"born_in_chaos_v1:corpse_maggot":2,"minecraft:beetroot_seeds":1,"tombstone:gift":5,"minecraft:cooked_beef":3,"farmersdelight:tomato_seeds":2,"minecraft:wheat_seeds":12,"minecraft:diorite":9,"minecraft:gray_carpet":1,"minecraft:cactus":1,"minecraft:spruce_sign":2,"minecraft:leather_boots":1,"minecraft:smooth_quartz_stairs":1,"minecraft:cookie":5,"minecraft:crafting_table":2,"minecraft:mushroom_stew":6,"neapolitan:banana":4,"minecraft:oak_log":5,"neapolitan:banana_stalk":4,"minecraft:apple":3,"neapolitan:banana_bunch":2,"minecraft:cyan_bed":1,"minecraft:bread":30,"minecraft:iron_pickaxe":181,"tombstone:magic_scroll":3,"neapolitan:banana_frond":21,"minecraft:cobblestone":15,"minecraft:potion":1,"minecraft:oak_boat":3,"minecraft:chainmail_leggings":1}},"DataVersion":3465}