{"stats":{"minecraft:mined":{"minecraft:waxed_cut_copper_slab":2,"iceandfire:silver_ore":2,"minecraft:red_nether_bricks":2,"minecraft:spruce_trapdoor":1,"minecraft:crafting_table":2,"minecraft:torch":2,"minecraft:emerald_ore":3,"minecraft:red_sand":108,"minecraft:calcite":5,"minecraft:nether_brick_slab":1,"minecraft:cobblestone":1,"minecraft:diorite":2,"neapolitan:banana_bundle":1,"minecraft:waxed_oxidized_cut_copper_slab":1,"minecraft:wheat":8,"neapolitan:banana_stalk":4,"minecraft:stripped_dark_oak_wood":1,"minecraft:gold_block":1,"minecraft:mangrove_slab":2,"minecraft:grass":2,"minecraft:oak_log":10,"minecraft:coal_ore":90,"neapolitan:large_banana_frond":3,"minecraft:stripped_mangrove_wood":2,"minecraft:stone":31,"minecraft:oak_leaves":3,"minecraft:emerald_block":1,"minecraft:dark_oak_planks":2},"minecraft:dropped":{"minecraft:wheat_seeds":2,"minecraft:bowl":1,"minecraft:glass_bottle":1,"born_in_chaos_v1:ethereal_spirit":1,"minecraft:iron_helmet":2,"tombstone:grave_key":3,"tombstone:scroll_of_true_sight":1,"minecraft:leather_leggings":1,"quark:smithing_template_rune":1},"minecraft:crafted":{"minecraft:cooked_beef":3,"farmersdelight:tomato_seeds":2,"minecraft:oak_planks":20,"minecraft:crafting_table":1,"minecraft:oak_boat":2,"minecraft:iron_ingot":7,"minecraft:torch":20,"sophisticatedbackpacks:iron_backpack":1},"minecraft:killed":{"minecraft:husk":11,"born_in_chaos_v1:restless_spirit":1,"minecraft:spider":1,"born_in_chaos_v1:decrepit_skeleton":1,"born_in_chaos_v1:maggot":3,"creeperoverhaul:bamboo_creeper":2,"minecraft:skeleton":3,"undead_revamp2:thesomnolence":3,"minecraft:zombie":1,"alexsmobs:capuchin_monkey":3,"born_in_chaos_v1:corpse_fly":1,"undead_revamp2:theskeeper":1},"minecraft:custom":{"lootr:looted_stat":15,"minecraft:interact_with_furnace":4,"minecraft:mob_kills":34,"minecraft:interact_with_anvil":1,"minecraft:interact_with_crafting_table":6,"minecraft:damage_dealt_resisted":22,"minecraft:leave_game":26,"minecraft:time_since_death":109046,"minecraft:damage_resisted":73,"minecraft:climb_one_cm":25965,"minecraft:time_since_rest":109002,"minecraft:sprint_one_cm":128436,"minecraft:damage_taken":2251,"minecraft:walk_one_cm":367121,"minecraft:drop":13,"minecraft:damage_dealt":7682,"tombstone:cast_on_ally":1,"minecraft:player_kills":1,"minecraft:swim_one_cm":18191,"minecraft:fly_one_cm":215494,"minecraft:open_chest":29,"minecraft:crouch_one_cm":11300,"minecraft:play_time":183910,"waystones:waystone_activated":1,"tombstone:undead_killed":17,"minecraft:deaths":5,"minecraft:sneak_time":5876,"minecraft:walk_under_water_one_cm":7841,"minecraft:boat_one_cm":438352,"minecraft:jump":1410,"minecraft:walk_on_water_one_cm":10516,"minecraft:total_world_time":183910,"minecraft:fall_one_cm":32320},"minecraft:picked_up":{"born_in_chaos_v1:corpse_maggot":3,"minecraft:crafting_table":2,"minecraft:wheat":5,"minecraft:leather_leggings":1,"minecraft:gold_block":1,"minecraft:oak_log":10,"tombstone:grave_key":2,"minecraft:gunpowder":1,"minecraft:mangrove_slab":2,"farmersdelight:tomato":2,"minecraft:string":5,"minecraft:waxed_cut_copper_slab":2,"minecraft:red_nether_bricks":2,"neapolitan:banana_frond":21,"neapolitan:banana_bunch":3,"minecraft:bone":2,"minecraft:beetroot":1,"minecraft:wheat_seeds":18,"minecraft:red_sand":108,"farmersdelight:cabbage":1,"minecraft:oak_boat":2,"minecraft:calcite":5,"minecraft:bamboo":1,"farmersdelight:cabbage_seeds":2,"minecraft:stick":4,"minecraft:emerald_block":1,"minecraft:stripped_mangrove_wood":2,"born_in_chaos_v1:shattered_skull":1,"minecraft:torch":4,"born_in_chaos_v1:ethereal_spirit":1,"sophisticatedbackpacks:backpack":1,"minecraft:cookie":5,"minecraft:diorite":2,"minecraft:nether_brick_slab":1,"minecraft:dark_oak_planks":2,"minecraft:spider_eye":2,"minecraft:arrow":1,"minecraft:bundle":2,"neapolitan:banana_stalk":4,"minecraft:cactus":1,"minecraft:rotten_flesh":5,"minecraft:beetroot_seeds":3,"minecraft:iron_helmet":2,"minecraft:stripped_dark_oak_wood":1,"alexsmobs:emu_egg":4,"minecraft:emerald":3,"minecraft:waxed_oxidized_cut_copper_slab":1,"minecraft:coal":90,"iceandfire:raw_silver":2,"minecraft:cobblestone":32},"minecraft:killed_by":{"born_in_chaos_v1:decaying_zombie":1,"minecraft:player":1,"undead_revamp2:therod":1,"minecraft:zombie":1},"minecraft:used":{"alexsmobs:emu_egg":4,"minecraft:wheat_seeds":12,"minecraft:red_sand":93,"farmersdelight:cabbage_seeds":2,"minecraft:cactus":1,"minecraft:iron_sword":136,"minecraft:leather_boots":1,"minecraft:rotten_flesh":1,"minecraft:cookie":5,"minecraft:torch":14,"tombstone:scroll_of_preservation":4,"minecraft:crafting_table":2,"minecraft:mushroom_stew":1,"neapolitan:banana":4,"minecraft:oak_log":5,"born_in_chaos_v1:corpse_maggot":2,"minecraft:apple":3,"neapolitan:banana_stalk":4,"neapolitan:banana_bunch":2,"minecraft:bread":11,"minecraft:iron_pickaxe":145,"tombstone:magic_scroll":3,"neapolitan:banana_frond":21,"minecraft:cobblestone":13,"minecraft:potion":1,"minecraft:beetroot_seeds":1,"tombstone:gift":5,"minecraft:oak_boat":3,"minecraft:cooked_beef":3,"farmersdelight:tomato_seeds":2,"minecraft:chainmail_leggings":1}},"DataVersion":3465}