{"stats":{"minecraft:mined":{"neapolitan:banana_bundle":1,"minecraft:wheat":3,"neapolitan:banana_stalk":3,"minecraft:red_sand":108,"minecraft:oak_log":10,"neapolitan:large_banana_frond":3,"minecraft:oak_leaves":3},"minecraft:dropped":{"minecraft:wheat_seeds":2,"tombstone:grave_key":3,"born_in_chaos_v1:ethereal_spirit":1,"minecraft:iron_helmet":2,"quark:smithing_template_rune":1},"minecraft:crafted":{"minecraft:iron_ingot":7},"minecraft:killed":{"born_in_chaos_v1:corpse_fly":1,"born_in_chaos_v1:restless_spirit":1},"minecraft:custom":{"minecraft:time_since_rest":31002,"lootr:looted_stat":6,"minecraft:sprint_one_cm":83915,"minecraft:damage_taken":1321,"minecraft:walk_one_cm":120719,"minecraft:mob_kills":2,"minecraft:drop":9,"minecraft:damage_dealt":427,"minecraft:swim_one_cm":17275,"minecraft:interact_with_crafting_table":3,"minecraft:fly_one_cm":144270,"minecraft:open_chest":4,"waystones:waystone_activated":1,"minecraft:crouch_one_cm":6558,"minecraft:play_time":105910,"minecraft:deaths":5,"minecraft:sneak_time":3240,"minecraft:walk_under_water_one_cm":3515,"minecraft:jump":787,"minecraft:leave_game":26,"minecraft:time_since_death":31046,"minecraft:walk_on_water_one_cm":5636,"minecraft:climb_one_cm":1373,"minecraft:total_world_time":105910,"minecraft:fall_one_cm":22813},"minecraft:picked_up":{"born_in_chaos_v1:corpse_maggot":1,"minecraft:stick":4,"minecraft:wheat":2,"born_in_chaos_v1:ethereal_spirit":1,"minecraft:oak_log":10,"tombstone:grave_key":2,"minecraft:gunpowder":1,"minecraft:spider_eye":1,"minecraft:string":1,"neapolitan:banana_stalk":3,"neapolitan:banana_frond":21,"neapolitan:banana_bunch":3,"minecraft:cactus":1,"minecraft:wheat_seeds":7,"minecraft:red_sand":108,"minecraft:iron_helmet":1,"alexsmobs:emu_egg":4},"minecraft:killed_by":{"born_in_chaos_v1:decaying_zombie":1,"minecraft:player":1,"undead_revamp2:therod":1,"minecraft:zombie":1},"minecraft:used":{"alexsmobs:emu_egg":4,"minecraft:oak_log":5,"minecraft:wheat_seeds":5,"minecraft:red_sand":77,"neapolitan:banana_bunch":2,"minecraft:bread":2,"minecraft:cactus":1,"minecraft:leather_boots":1,"minecraft:rotten_flesh":1,"tombstone:gift":1,"neapolitan:banana":4,"born_in_chaos_v1:corpse_maggot":1}},"DataVersion":3465}