{"stats":{"minecraft:mined":{"undead_revamp2:arapholia":1,"minecraft:spruce_planks":2,"luminousworld:yellowpetunias":3,"iceandfire:silver_ore":4,"minecraft:dark_oak_leaves":4,"luminousworld:grassvariant_4":1,"minecraft:dark_oak_log":86,"minecraft:jungle_leaves":48,"minecraft:granite":9,"minecraft:dark_oak_fence":6,"minecraft:red_sand":19,"minecraft:grass_block":8,"minecraft:jungle_log":32,"quark:white_corundum":2,"luminousworld:grassvariant_2":6,"farmersdelight:wild_cabbages":10,"minecraft:kelp":1,"minecraft:hay_block":2,"minecraft:tall_seagrass":2,"neapolitan:banana_bundle":4,"luminousworld:yellow_grassflowers":1,"farmersdelight:wild_rice":2,"farmersdelight:rice":1,"minecraft:iron_ore":23,"minecraft:andesite":3,"minecraft:vine":12,"farmersdelight:rope":1,"luminousworld:groundpebbles_2":1,"minecraft:stone":100,"luminousworld:creepbush":13,"lootr:lootr_chest":1,"quark:dark_oak_chest":1,"minecraft:kelp_plant":19,"luminousworld:tall_deadbush":2,"minecraft:dandelion":1,"minecraft:crafting_table":6,"minecraft:torch":12,"quark:white_corundum_cluster":4,"minecraft:melon":10,"storagenetwork:storage_kabel":1,"minecraft:dead_bush":12,"supplementaries:wild_flax":1,"minecraft:cobblestone":2,"minecraft:copper_ore":7,"minecraft:tall_grass":3,"minecraft:lapis_ore":6,"minecraft:oak_planks":5,"minecraft:sugar_cane":5,"minecraft:wall_torch":2,"minecraft:cactus":3,"minecraft:jungle_wood":2,"neapolitan:small_banana_frond":1,"minecraft:grass":17,"minecraft:oak_log":7,"minecraft:coal_ore":75,"luminousworld:ishstone":2,"minecraft:cocoa":3,"minecraft:dirt":33,"luminousworld:grassvariant_3":2,"minecraft:cobweb":4,"luminousworld:elephant_grass":4,"luminousworld:savannah_grass_4":1,"minecraft:deepslate":1,"minecraft:fern":9},"minecraft:broken":{"minecraft:leather_leggings":1,"minecraft:stone_pickaxe":1,"minecraft:stone_axe":1,"minecraft:iron_helmet":1},"minecraft:dropped":{"minecraft:iron_sword":2,"minecraft:wheat_seeds":2,"luminousworld:yellowpetunias":3,"minecraft:oak_log":1,"minecraft:jungle_planks":4,"sophisticatedbackpacks:gold_backpack":1,"minecraft:dark_oak_log":3,"minecraft:dark_oak_fence":6,"minecraft:torch":9,"quark:jungle_ladder":2,"minecraft:jungle_door":1,"minecraft:jungle_sapling":1,"minecraft:iron_pickaxe":2,"minecraft:redstone":12,"minecraft:kelp":66,"minecraft:wheat":1,"luminousworld:tall_deadbush":4,"minecraft:oak_planks":1,"minecraft:iron_hoe":1,"sophisticatedbackpacks:backpack":1,"luminousworld:yellow_grassflowers":1,"aether:iron_gloves":1,"mowziesmobs:umvuthana_mask_misery":2},"minecraft:crafted":{"minecraft:oak_planks":32,"quark:jungle_chest":5,"minecraft:furnace":2,"minecraft:stone":16,"minecraft:bone_meal":9,"neapolitan:dried_banana":1,"quark:dark_oak_chest":8,"quark:jungle_ladder":4,"minecraft:green_dye":3,"quark:iron_plate":24,"minecraft:iron_axe":1,"minecraft:iron_hoe":1,"minecraft:lime_dye":6,"minecraft:stone_pickaxe":1,"minecraft:dark_oak_planks":80,"alexsmobs:flying_fish_boots":1,"sophisticatedbackpacks:iron_backpack":3,"minecraft:wheat":18,"minecraft:cooked_beef":3,"minecraft:dropper":1,"storagenetwork:kabel":8,"sophisticatedbackpacks:backpack":3,"minecraft:cooked_porkchop":3,"minecraft:crafting_table":7,"minecraft:wooden_pickaxe":1,"sophisticatedbackpacks:gold_backpack":1,"minecraft:stone_axe":1,"minecraft:bread":7,"minecraft:air":0,"minecraft:jungle_planks":92,"minecraft:oak_boat":1,"minecraft:white_dye":3,"minecraft:stone_slab":6,"minecraft:stick":40,"quark:oak_chest":2,"minecraft:iron_ingot":66,"storagenetwork:inventory":1,"minecraft:wooden_axe":1,"storagenetwork:request":1,"minecraft:gold_ingot":9,"storagenetwork:storage_kabel":4,"minecraft:torch":168},"minecraft:killed":{"enemyexpansion:direwolf":5,"born_in_chaos_v1:siamese_skeletonsright":1,"born_in_chaos_v1:zombie_bruiser":1,"born_in_chaos_v1:maggot":3,"minecraft:skeleton":1,"minecraft:drowned":1,"born_in_chaos_v1:corpse_fish":2,"undead_revamp2:sucker":1,"minecraft:husk":2,"minecraft:pig":1,"born_in_chaos_v1:diamond_termite":2,"undead_revamp2:the_moonflower":4,"enemyexpansion:sprinter":1,"born_in_chaos_v1:decrepit_skeleton":2,"luminousworld:crab":3,"minecraft:pillager":3,"undead_revamp2:thesomnolence":1,"minecraft:zombie":11,"born_in_chaos_v1:dread_hound":1,"born_in_chaos_v1:corpse_fly":22,"enemyexpansion:botfly":2,"alexsmobs:komodo_dragon":1,"born_in_chaos_v1:siamese_skeletonsleft":1,"enemyexpansion:slugger":1},"minecraft:custom":{"lootr:looted_stat":21,"minecraft:mob_kills":77,"minecraft:interact_with_crafting_table":111,"minecraft:damage_dealt_resisted":91,"minecraft:leave_game":7,"minecraft:time_since_death":42114,"minecraft:climb_one_cm":36610,"minecraft:damage_resisted":8,"minecraft:sprint_one_cm":658196,"minecraft:walk_one_cm":748852,"minecraft:damage_blocked_by_shield":20,"minecraft:drop":39,"minecraft:damage_dealt_absorbed":80,"minecraft:play_time":290908,"minecraft:deaths":10,"minecraft:sneak_time":10518,"minecraft:walk_under_water_one_cm":125742,"minecraft:boat_one_cm":289762,"minecraft:jump":3075,"minecraft:walk_on_water_one_cm":126705,"minecraft:total_world_time":290908,"minecraft:interact_with_furnace":43,"tombstone:raider_killed":3,"minecraft:sleep_in_bed":1,"minecraft:time_since_rest":5617,"minecraft:damage_taken":5351,"minecraft:damage_dealt":13613,"minecraft:swim_one_cm":192671,"minecraft:fly_one_cm":470855,"minecraft:open_chest":129,"minecraft:crouch_one_cm":29267,"waystones:waystone_activated":1,"tombstone:undead_killed":27,"minecraft:fall_one_cm":41932},"minecraft:picked_up":{"minecraft:cocoa_beans":9,"born_in_chaos_v1:diamond_termite_shard":1,"minecraft:crafting_table":6,"minecraft:iron_chestplate":1,"quark:white_corundum_cluster":4,"illagerinvasion:platinum_chunk":3,"aether:iron_gloves":1,"quark:dark_oak_chest":1,"minecraft:shield":1,"aether:leather_gloves":1,"minecraft:string":8,"minecraft:raw_copper":20,"quark:jungle_ladder":1,"neapolitan:banana_frond":1,"neapolitan:banana_bunch":12,"minecraft:beetroot":3,"minecraft:tnt_minecart":1,"minecraft:red_sand":23,"farmersdelight:cabbage":7,"minecraft:spruce_planks":3,"minecraft:jungle_sapling":2,"minecraft:iron_pickaxe":1,"minecraft:melon_slice":52,"minecraft:sugar_cane":8,"minecraft:chest":1,"farmersdelight:cabbage_seeds":18,"minecraft:dark_oak_sapling":4,"minecraft:raw_iron":23,"minecraft:stick":12,"minecraft:stone":1,"born_in_chaos_v1:shattered_skull":1,"minecraft:jungle_door":1,"ecologics:coconut_slice":2,"minecraft:copper_ingot":2,"minecraft:torch":17,"neapolitan:chocolate_spider_eye":1,"minecraft:porkchop":3,"tombstone:grave_dust":3,"minecraft:diorite":1,"born_in_chaos_v1:pieceofdarkmetal":1,"supplementaries:flax":1,"minecraft:arrow":3,"minecraft:rotten_flesh":37,"minecraft:cactus":6,"luminousworld:yellow_grassflowers":1,"minecraft:beetroot_seeds":4,"minecraft:hay_block":2,"farmersdelight:rope":1,"luminousworld:tall_deadbush":4,"supplementaries:ash":3,"alexsmobs:flying_fish":2,"minecraft:rail":1,"minecraft:cobblestone":93,"born_in_chaos_v1:fused_bone":2,"born_in_chaos_v1:corpse_maggot":14,"farmersdelight:rice":14,"born_in_chaos_v1:monster_flesh":1,"quark:white_corundum":1,"minecraft:jungle_log":29,"luminousworld:ishstone":2,"minecraft:leather":3,"minecraft:jungle_wood":3,"minecraft:potato":1,"quark:smithing_template_rune":1,"minecraft:oak_log":9,"supplementaries:flax_seeds":2,"minecraft:lapis_lazuli":37,"farmersdelight:tomato":1,"minecraft:dirt":42,"minecraft:white_banner":1,"born_in_chaos_v1:monster_skin":1,"minecraft:bone":4,"minecraft:kelp":232,"minecraft:wheat_seeds":2,"minecraft:iron_ingot":1,"luminousworld:elephant_grass":2,"tombstone:bag_of_seeds":1,"minecraft:oak_planks":5,"minecraft:iron_sword":3,"mowziesmobs:umvuthana_mask_misery":2,"ecologics:prickly_pear":1,"luminousworld:creepberries":30,"born_in_chaos_v1:ethereal_spirit":1,"minecraft:gravel":3,"minecraft:jungle_planks":59,"minecraft:white_bed":1,"minecraft:dark_oak_log":86,"minecraft:bundle":1,"minecraft:iron_hoe":1,"luminousworld:yellowpetunias":3,"minecraft:iron_helmet":3,"minecraft:bone_meal":1,"minecraft:emerald":2,"tombstone:magic_scroll":1,"born_in_chaos_v1:rotten_fish":1,"minecraft:dark_oak_fence":6,"iceandfire:raw_silver":4,"minecraft:coal":75,"storagenetwork:storage_kabel":1},"minecraft:killed_by":{"minecraft:husk":1,"born_in_chaos_v1:corpse_fly":2,"born_in_chaos_v1:corpse_fish":1,"alexsmobs:komodo_dragon":1,"iceandfire:fire_dragon":1},"minecraft:used":{"minecraft:beetroot":3,"minecraft:red_sand":16,"mowziesmobs:umvuthana_mask_misery":1,"storagenetwork:request":1,"farmersdelight:cabbage_seeds":4,"quark:jungle_ladder":3,"quark:jungle_chest":3,"minecraft:spruce_planks":3,"minecraft:shield":1,"farmersdelight:cabbage":3,"minecraft:iron_sword":222,"minecraft:rotten_flesh":22,"minecraft:torch":156,"minecraft:dirt":31,"minecraft:dark_oak_planks":13,"farmersdelight:rope":4,"minecraft:iron_hoe":28,"minecraft:wooden_axe":52,"farmersdelight:tomato":1,"minecraft:iron_axe":157,"minecraft:goat_horn":2,"minecraft:furnace":2,"minecraft:beetroot_seeds":4,"tombstone:gift":2,"minecraft:potato":3,"minecraft:cooked_beef":3,"farmersdelight:tomato_seeds":3,"storagenetwork:storage_kabel":5,"minecraft:water_bucket":16,"minecraft:bundle":1,"minecraft:oak_planks":15,"minecraft:stone_pickaxe":152,"minecraft:wooden_pickaxe":31,"minecraft:crafting_table":8,"farmersdelight:rice":1,"neapolitan:banana":4,"minecraft:white_bed":1,"neapolitan:dried_banana":1,"tombstone:bag_of_seeds":2,"neapolitan:banana_bunch":2,"minecraft:bread":21,"minecraft:melon_slice":49,"minecraft:suspicious_stew":1,"minecraft:iron_pickaxe":75,"ecologics:coconut_slice":2,"minecraft:stone_axe":62,"quark:dark_oak_chest":5,"minecraft:cobblestone":5,"minecraft:cooked_porkchop":3,"minecraft:bucket":17,"quark:oak_chest":2,"minecraft:oak_boat":1,"alexsmobs:animal_dictionary":2,"minecraft:bone_meal":1}},"DataVersion":3465}