{"stats":{"minecraft:mined":{"undead_revamp2:arapholia":1,"luminousworld:yellowpetunias":3,"iceandfire:silver_ore":4,"minecraft:jungle_leaves":44,"minecraft:granite":9,"minecraft:red_sand":19,"minecraft:grass_block":8,"quark:white_corundum":2,"minecraft:jungle_log":25,"luminousworld:grassvariant_2":5,"minecraft:kelp":1,"minecraft:tall_seagrass":2,"neapolitan:banana_bundle":4,"luminousworld:yellow_grassflowers":1,"farmersdelight:wild_rice":2,"minecraft:iron_ore":23,"farmersdelight:rice":1,"minecraft:andesite":3,"minecraft:vine":9,"luminousworld:groundpebbles_2":1,"minecraft:stone":96,"luminousworld:creepbush":13,"lootr:lootr_chest":1,"minecraft:kelp_plant":19,"minecraft:dandelion":1,"minecraft:crafting_table":5,"minecraft:torch":11,"quark:white_corundum_cluster":4,"minecraft:melon":10,"minecraft:dead_bush":12,"supplementaries:wild_flax":1,"minecraft:copper_ore":7,"minecraft:tall_grass":3,"minecraft:lapis_ore":6,"minecraft:sugar_cane":4,"minecraft:oak_planks":3,"minecraft:cactus":3,"minecraft:jungle_wood":2,"neapolitan:small_banana_frond":1,"minecraft:grass":13,"minecraft:coal_ore":75,"minecraft:oak_log":7,"luminousworld:ishstone":1,"minecraft:dirt":33,"luminousworld:grassvariant_3":1,"minecraft:cobweb":4,"luminousworld:elephant_grass":2,"minecraft:fern":8},"minecraft:broken":{"minecraft:stone_pickaxe":1,"minecraft:stone_axe":1},"minecraft:dropped":{"minecraft:wheat_seeds":2,"minecraft:jungle_planks":4,"sophisticatedbackpacks:gold_backpack":1,"quark:jungle_ladder":1,"minecraft:jungle_sapling":1,"minecraft:iron_pickaxe":1,"minecraft:kelp":64,"minecraft:oak_planks":1,"minecraft:iron_hoe":1,"aether:iron_gloves":1},"minecraft:crafted":{"minecraft:oak_planks":28,"quark:jungle_chest":5,"minecraft:furnace":2,"minecraft:bone_meal":9,"neapolitan:dried_banana":1,"quark:jungle_ladder":4,"minecraft:green_dye":3,"quark:iron_plate":24,"minecraft:iron_axe":1,"minecraft:iron_hoe":1,"minecraft:lime_dye":6,"minecraft:stone_pickaxe":1,"alexsmobs:flying_fish_boots":1,"sophisticatedbackpacks:iron_backpack":3,"minecraft:cooked_beef":3,"sophisticatedbackpacks:backpack":2,"minecraft:cooked_porkchop":3,"minecraft:crafting_table":2,"minecraft:wooden_pickaxe":1,"sophisticatedbackpacks:gold_backpack":1,"minecraft:stone_axe":1,"minecraft:air":0,"minecraft:jungle_planks":72,"minecraft:white_dye":3,"minecraft:stick":40,"quark:oak_chest":2,"minecraft:iron_ingot":59,"minecraft:wooden_axe":1,"minecraft:gold_ingot":5,"minecraft:torch":168},"minecraft:killed":{"enemyexpansion:direwolf":4,"born_in_chaos_v1:siamese_skeletonsright":1,"born_in_chaos_v1:maggot":3,"minecraft:skeleton":1,"minecraft:husk":2,"minecraft:pig":1,"born_in_chaos_v1:diamond_termite":2,"undead_revamp2:the_moonflower":2,"enemyexpansion:sprinter":1,"born_in_chaos_v1:decrepit_skeleton":2,"minecraft:zombie":9,"born_in_chaos_v1:dread_hound":1,"enemyexpansion:botfly":2,"alexsmobs:komodo_dragon":1,"born_in_chaos_v1:siamese_skeletonsleft":1,"enemyexpansion:slugger":1},"minecraft:custom":{"lootr:looted_stat":16,"minecraft:mob_kills":36,"minecraft:interact_with_crafting_table":40,"minecraft:damage_dealt_resisted":10,"minecraft:leave_game":5,"minecraft:time_since_death":60004,"minecraft:climb_one_cm":27104,"minecraft:sprint_one_cm":457510,"minecraft:walk_one_cm":496528,"minecraft:drop":10,"minecraft:damage_dealt_absorbed":80,"minecraft:play_time":168133,"minecraft:deaths":6,"minecraft:sneak_time":8041,"minecraft:walk_under_water_one_cm":37702,"minecraft:boat_one_cm":101962,"minecraft:jump":2336,"minecraft:walk_on_water_one_cm":42593,"minecraft:total_world_time":168133,"minecraft:interact_with_furnace":22,"minecraft:time_since_rest":59381,"minecraft:damage_taken":3388,"minecraft:damage_dealt":7346,"minecraft:swim_one_cm":44541,"minecraft:fly_one_cm":235838,"minecraft:open_chest":79,"minecraft:crouch_one_cm":24275,"waystones:waystone_activated":1,"tombstone:undead_killed":20,"minecraft:fall_one_cm":25454},"minecraft:picked_up":{"minecraft:crafting_table":5,"minecraft:iron_chestplate":1,"born_in_chaos_v1:diamond_termite_shard":1,"quark:white_corundum_cluster":4,"aether:iron_gloves":1,"minecraft:shield":1,"aether:leather_gloves":1,"minecraft:string":7,"minecraft:raw_copper":20,"neapolitan:banana_frond":1,"neapolitan:banana_bunch":12,"minecraft:beetroot":3,"minecraft:red_sand":18,"minecraft:tnt_minecart":1,"minecraft:jungle_sapling":2,"minecraft:iron_pickaxe":1,"minecraft:melon_slice":52,"minecraft:sugar_cane":7,"minecraft:chest":1,"minecraft:stick":12,"minecraft:raw_iron":23,"minecraft:stone":1,"born_in_chaos_v1:shattered_skull":1,"minecraft:torch":12,"neapolitan:chocolate_spider_eye":1,"minecraft:porkchop":3,"tombstone:grave_dust":3,"minecraft:cactus":6,"minecraft:arrow":2,"minecraft:rotten_flesh":21,"luminousworld:yellow_grassflowers":1,"minecraft:beetroot_seeds":4,"supplementaries:ash":2,"minecraft:rail":1,"alexsmobs:flying_fish":2,"minecraft:cobblestone":89,"born_in_chaos_v1:fused_bone":2,"born_in_chaos_v1:corpse_maggot":1,"farmersdelight:rice":14,"born_in_chaos_v1:monster_flesh":1,"quark:white_corundum":1,"minecraft:jungle_log":24,"luminousworld:ishstone":1,"minecraft:leather":3,"minecraft:jungle_wood":3,"minecraft:oak_log":7,"supplementaries:flax_seeds":2,"minecraft:lapis_lazuli":37,"minecraft:dirt":42,"born_in_chaos_v1:monster_skin":1,"minecraft:bone":2,"minecraft:kelp":230,"minecraft:wheat_seeds":1,"minecraft:iron_ingot":1,"luminousworld:elephant_grass":2,"tombstone:bag_of_seeds":1,"minecraft:iron_sword":1,"minecraft:oak_planks":3,"ecologics:prickly_pear":1,"luminousworld:creepberries":30,"minecraft:gravel":3,"minecraft:jungle_planks":57,"minecraft:white_bed":1,"minecraft:bundle":1,"minecraft:iron_hoe":1,"luminousworld:yellowpetunias":3,"minecraft:iron_helmet":1,"tombstone:magic_scroll":1,"minecraft:coal":75,"iceandfire:raw_silver":4},"minecraft:killed_by":{"minecraft:husk":1,"born_in_chaos_v1:corpse_fly":1,"born_in_chaos_v1:corpse_fish":1,"alexsmobs:komodo_dragon":1},"minecraft:used":{"minecraft:beetroot":3,"minecraft:red_sand":16,"quark:jungle_ladder":3,"quark:jungle_chest":3,"minecraft:iron_sword":112,"minecraft:rotten_flesh":1,"minecraft:torch":148,"minecraft:dirt":31,"minecraft:iron_hoe":28,"minecraft:wooden_axe":52,"minecraft:iron_axe":19,"minecraft:furnace":2,"minecraft:beetroot_seeds":4,"tombstone:gift":1,"minecraft:cooked_beef":1,"minecraft:bundle":1,"minecraft:stone_pickaxe":152,"minecraft:oak_planks":13,"minecraft:wooden_pickaxe":31,"minecraft:crafting_table":6,"farmersdelight:rice":1,"neapolitan:banana":4,"minecraft:white_bed":1,"neapolitan:dried_banana":1,"tombstone:bag_of_seeds":2,"neapolitan:banana_bunch":2,"minecraft:bread":14,"minecraft:melon_slice":47,"minecraft:iron_pickaxe":66,"minecraft:stone_axe":62,"minecraft:cobblestone":5,"minecraft:cooked_porkchop":3,"minecraft:bucket":1,"quark:oak_chest":2,"alexsmobs:animal_dictionary":2}},"DataVersion":3465}