{"stats":{"minecraft:used":{"minecraft:red_sand":16,"minecraft:stone_pickaxe":39,"quark:jungle_ladder":3,"quark:jungle_chest":3,"minecraft:wooden_pickaxe":31,"minecraft:iron_sword":3,"minecraft:rotten_flesh":1,"minecraft:torch":85,"minecraft:dirt":31,"minecraft:crafting_table":3,"neapolitan:dried_banana":1,"minecraft:iron_hoe":28,"minecraft:wooden_axe":52,"neapolitan:banana_bunch":2,"minecraft:bread":4,"minecraft:melon_slice":44,"minecraft:stone_axe":55,"minecraft:furnace":2,"alexsmobs:animal_dictionary":2},"minecraft:crafted":{"sophisticatedbackpacks:backpack":2,"minecraft:crafting_table":1,"minecraft:wooden_pickaxe":1,"quark:jungle_chest":5,"minecraft:furnace":2,"sophisticatedbackpacks:gold_backpack":1,"minecraft:bone_meal":9,"neapolitan:dried_banana":1,"minecraft:stone_axe":1,"minecraft:air":0,"minecraft:jungle_planks":60,"quark:jungle_ladder":4,"minecraft:green_dye":3,"quark:iron_plate":24,"minecraft:white_dye":3,"minecraft:iron_hoe":1,"minecraft:stick":24,"minecraft:lime_dye":6,"minecraft:iron_ingot":59,"minecraft:stone_pickaxe":1,"minecraft:wooden_axe":1,"minecraft:gold_ingot":5,"minecraft:torch":84,"sophisticatedbackpacks:iron_backpack":3},"minecraft:dropped":{"minecraft:iron_hoe":1,"minecraft:jungle_planks":4,"sophisticatedbackpacks:gold_backpack":1,"aether:iron_gloves":1,"minecraft:jungle_sapling":1},"minecraft:mined":{"lootr:lootr_chest":1,"minecraft:jungle_leaves":44,"minecraft:crafting_table":2,"minecraft:torch":9,"minecraft:red_sand":19,"minecraft:grass_block":8,"minecraft:melon":10,"minecraft:jungle_log":12,"minecraft:dead_bush":12,"minecraft:cactus":3,"neapolitan:banana_bundle":4,"minecraft:jungle_wood":2,"neapolitan:small_banana_frond":1,"minecraft:grass":8,"minecraft:coal_ore":34,"minecraft:vine":4,"minecraft:dirt":33,"luminousworld:groundpebbles_2":1,"minecraft:stone":32,"minecraft:fern":7,"luminousworld:creepbush":13},"minecraft:custom":{"minecraft:interact_with_furnace":18,"lootr:looted_stat":9,"minecraft:mob_kills":10,"minecraft:interact_with_crafting_table":33,"minecraft:leave_game":3,"minecraft:time_since_death":43984,"minecraft:climb_one_cm":8760,"minecraft:time_since_rest":41585,"minecraft:damage_taken":2186,"minecraft:sprint_one_cm":320403,"minecraft:walk_one_cm":291007,"minecraft:drop":5,"minecraft:damage_dealt":2498,"minecraft:damage_dealt_absorbed":80,"minecraft:swim_one_cm":20577,"minecraft:fly_one_cm":159703,"minecraft:open_chest":62,"minecraft:crouch_one_cm":20626,"waystones:waystone_activated":1,"minecraft:play_time":102095,"tombstone:undead_killed":6,"minecraft:deaths":5,"minecraft:sneak_time":6711,"minecraft:walk_under_water_one_cm":12509,"minecraft:jump":1788,"minecraft:walk_on_water_one_cm":21744,"minecraft:total_world_time":102095,"minecraft:fall_one_cm":15908},"minecraft:picked_up":{"minecraft:crafting_table":2,"minecraft:jungle_log":12,"minecraft:leather":3,"minecraft:jungle_wood":3,"aether:iron_gloves":1,"supplementaries:flax_seeds":1,"aether:leather_gloves":1,"minecraft:dirt":41,"neapolitan:banana_frond":1,"neapolitan:banana_bunch":12,"minecraft:wheat_seeds":1,"minecraft:red_sand":18,"minecraft:jungle_sapling":2,"minecraft:melon_slice":52,"minecraft:chest":1,"minecraft:stick":12,"ecologics:prickly_pear":1,"luminousworld:creepberries":13,"minecraft:torch":9,"neapolitan:chocolate_spider_eye":1,"minecraft:porkchop":3,"minecraft:jungle_planks":57,"tombstone:grave_dust":2,"minecraft:iron_hoe":1,"minecraft:cactus":6,"minecraft:rotten_flesh":9,"minecraft:iron_helmet":1,"supplementaries:ash":1,"minecraft:coal":34,"minecraft:cobblestone":32},"minecraft:killed":{"minecraft:husk":2,"minecraft:pig":1,"enemyexpansion:sprinter":1,"born_in_chaos_v1:maggot":2,"minecraft:zombie":3},"minecraft:killed_by":{"minecraft:husk":1,"born_in_chaos_v1:corpse_fish":1,"alexsmobs:komodo_dragon":1,"born_in_chaos_v1:corpse_fly":1}},"DataVersion":3465}