{"stats":{"minecraft:mined":{"undead_revamp2:arapholia":1,"minecraft:dark_oak_planks":1,"minecraft:tuff":3,"minecraft:spruce_planks":2,"luminousworld:yellowpetunias":3,"iceandfire:silver_ore":4,"minecraft:dark_oak_leaves":4,"luminousworld:grassvariant_4":1,"minecraft:dark_oak_log":86,"minecraft:jungle_leaves":49,"born_in_chaos_v1:infected_diamond_ore":1,"minecraft:obsidian":1,"minecraft:granite":9,"minecraft:dark_oak_fence":6,"minecraft:red_sand":19,"minecraft:grass_block":8,"minecraft:jungle_log":32,"quark:white_corundum":2,"luminousworld:grassvariant_2":6,"farmersdelight:wild_cabbages":10,"minecraft:moss_block":9,"minecraft:kelp":1,"minecraft:hay_block":2,"minecraft:tall_seagrass":2,"neapolitan:banana_bundle":4,"luminousworld:yellow_grassflowers":1,"farmersdelight:wild_rice":2,"farmersdelight:rice":1,"minecraft:iron_ore":23,"minecraft:andesite":3,"minecraft:deepslate_lapis_ore":1,"minecraft:deepslate_iron_ore":2,"minecraft:vine":12,"farmersdelight:rope":1,"luminousworld:groundpebbles_2":1,"minecraft:bone_block":3,"minecraft:stone":103,"luminousworld:creepbush":13,"lootr:lootr_chest":1,"quark:dark_oak_chest":1,"minecraft:kelp_plant":19,"luminousworld:tall_deadbush":2,"minecraft:dandelion":1,"minecraft:crafting_table":7,"minecraft:torch":13,"quark:white_corundum_cluster":4,"minecraft:melon":10,"storagenetwork:storage_kabel":1,"minecraft:dead_bush":12,"supplementaries:wild_flax":1,"minecraft:cobblestone":4,"minecraft:copper_ore":7,"minecraft:tall_grass":5,"minecraft:lapis_ore":7,"minecraft:oak_planks":5,"minecraft:sugar_cane":5,"minecraft:wall_torch":2,"supplementaries:urn":4,"minecraft:cactus":3,"minecraft:jungle_wood":2,"neapolitan:small_banana_frond":1,"minecraft:grass":22,"minecraft:oak_log":7,"minecraft:coal_ore":87,"luminousworld:ishstone":2,"quark:monster_box":1,"minecraft:cocoa":3,"minecraft:dirt":33,"luminousworld:grassvariant_3":2,"minecraft:cobweb":4,"luminousworld:elephant_grass":4,"luminousworld:savannah_grass_4":1,"minecraft:deepslate":80,"minecraft:fern":9},"minecraft:broken":{"minecraft:leather_leggings":1,"minecraft:stone_pickaxe":1,"minecraft:stone_axe":1,"minecraft:iron_helmet":1},"minecraft:dropped":{"minecraft:iron_sword":2,"minecraft:wheat_seeds":2,"luminousworld:yellowpetunias":3,"minecraft:oak_log":1,"minecraft:jungle_planks":4,"sophisticatedbackpacks:gold_backpack":1,"minecraft:dark_oak_log":3,"minecraft:dark_oak_fence":6,"minecraft:torch":9,"quark:jungle_ladder":2,"minecraft:jungle_door":1,"minecraft:jungle_sapling":1,"minecraft:iron_pickaxe":2,"minecraft:redstone":12,"minecraft:kelp":66,"minecraft:wheat":1,"luminousworld:tall_deadbush":4,"minecraft:oak_planks":1,"minecraft:iron_hoe":1,"sophisticatedbackpacks:backpack":1,"luminousworld:yellow_grassflowers":1,"aether:iron_gloves":1,"mowziesmobs:umvuthana_mask_misery":2},"minecraft:crafted":{"minecraft:oak_planks":32,"quark:jungle_chest":5,"minecraft:furnace":2,"minecraft:stone":16,"minecraft:bone_meal":27,"neapolitan:dried_banana":1,"quark:dark_oak_chest":8,"quark:jungle_ladder":4,"minecraft:green_dye":3,"minecraft:dark_oak_fence":21,"quark:iron_plate":24,"minecraft:iron_axe":1,"minecraft:iron_hoe":1,"minecraft:lime_dye":6,"minecraft:stone_pickaxe":1,"minecraft:dark_oak_planks":336,"alexsmobs:flying_fish_boots":1,"sophisticatedbackpacks:iron_backpack":3,"minecraft:wheat":18,"minecraft:cooked_beef":3,"minecraft:dropper":1,"storagenetwork:kabel":8,"sophisticatedbackpacks:backpack":3,"minecraft:cooked_porkchop":3,"minecraft:crafting_table":7,"minecraft:wooden_pickaxe":1,"sophisticatedbackpacks:gold_backpack":1,"minecraft:stone_axe":1,"minecraft:bread":17,"minecraft:air":0,"minecraft:jungle_planks":92,"minecraft:oak_boat":1,"minecraft:diamond_pickaxe":1,"minecraft:white_dye":3,"minecraft:stone_slab":6,"minecraft:stick":56,"quark:oak_chest":2,"minecraft:iron_ingot":94,"storagenetwork:inventory":1,"minecraft:iron_pickaxe":1,"minecraft:wooden_axe":1,"storagenetwork:request":1,"minecraft:gold_ingot":9,"minecraft:dark_oak_fence_gate":1,"storagenetwork:storage_kabel":4,"minecraft:torch":216},"minecraft:killed":{"undead_revamp2:thegliter":1,"enemyexpansion:direwolf":5,"born_in_chaos_v1:siamese_skeletonsright":1,"born_in_chaos_v1:zombie_bruiser":1,"born_in_chaos_v1:maggot":3,"minecraft:skeleton":3,"minecraft:drowned":1,"born_in_chaos_v1:corpse_fish":2,"undead_revamp2:sucker":1,"minecraft:husk":2,"minecraft:pig":1,"born_in_chaos_v1:diamond_termite":3,"undead_revamp2:the_moonflower":4,"enemyexpansion:sprinter":1,"born_in_chaos_v1:decrepit_skeleton":3,"luminousworld:crab":3,"minecraft:pillager":3,"undead_revamp2:thesomnolence":1,"minecraft:zombie":11,"born_in_chaos_v1:dread_hound":1,"born_in_chaos_v1:corpse_fly":22,"enemyexpansion:botfly":2,"alexsmobs:komodo_dragon":1,"born_in_chaos_v1:siamese_skeletonsleft":1,"enemyexpansion:slugger":1},"minecraft:custom":{"lootr:looted_stat":21,"minecraft:mob_kills":82,"minecraft:interact_with_crafting_table":124,"minecraft:damage_dealt_resisted":91,"minecraft:leave_game":7,"minecraft:time_since_death":66114,"minecraft:climb_one_cm":38954,"minecraft:damage_resisted":8,"minecraft:sprint_one_cm":708462,"minecraft:walk_one_cm":793723,"minecraft:damage_blocked_by_shield":160,"minecraft:drop":39,"minecraft:damage_dealt_absorbed":80,"minecraft:play_time":314908,"minecraft:deaths":10,"minecraft:sneak_time":15435,"minecraft:walk_under_water_one_cm":128867,"minecraft:boat_one_cm":289762,"minecraft:jump":3194,"minecraft:walk_on_water_one_cm":127661,"minecraft:total_world_time":314908,"minecraft:interact_with_furnace":47,"tombstone:raider_killed":3,"minecraft:sleep_in_bed":1,"minecraft:time_since_rest":29617,"minecraft:damage_taken":5654,"minecraft:damage_dealt":14563,"minecraft:swim_one_cm":192722,"minecraft:fly_one_cm":480323,"minecraft:open_chest":139,"minecraft:crouch_one_cm":39776,"waystones:waystone_activated":1,"tombstone:undead_killed":31,"minecraft:fall_one_cm":47003},"minecraft:picked_up":{"minecraft:cocoa_beans":9,"born_in_chaos_v1:diamond_termite_shard":2,"minecraft:crafting_table":7,"minecraft:iron_chestplate":1,"quark:white_corundum_cluster":4,"illagerinvasion:platinum_chunk":3,"aether:iron_gloves":1,"quark:dark_oak_chest":1,"minecraft:shield":1,"aether:leather_gloves":1,"minecraft:string":8,"minecraft:raw_copper":20,"quark:jungle_ladder":1,"neapolitan:banana_frond":1,"neapolitan:banana_bunch":12,"minecraft:beetroot":3,"minecraft:tnt_minecart":1,"minecraft:red_sand":23,"minecraft:cobbled_deepslate":75,"farmersdelight:cabbage":7,"minecraft:spruce_planks":3,"minecraft:jungle_sapling":2,"minecraft:iron_pickaxe":1,"minecraft:melon_slice":52,"minecraft:sugar_cane":8,"minecraft:chest":1,"farmersdelight:cabbage_seeds":18,"minecraft:dark_oak_sapling":4,"minecraft:raw_iron":25,"minecraft:stick":46,"minecraft:stone":1,"born_in_chaos_v1:shattered_skull":1,"minecraft:jungle_door":1,"ecologics:coconut_slice":2,"minecraft:copper_ingot":2,"minecraft:torch":19,"neapolitan:chocolate_spider_eye":1,"minecraft:porkchop":3,"tombstone:grave_dust":5,"minecraft:diorite":1,"born_in_chaos_v1:pieceofdarkmetal":1,"supplementaries:flax":1,"minecraft:dark_oak_planks":1,"minecraft:arrow":6,"minecraft:rotten_flesh":38,"minecraft:cactus":6,"luminousworld:yellow_grassflowers":1,"minecraft:beetroot_seeds":4,"minecraft:hay_block":2,"farmersdelight:rope":1,"luminousworld:tall_deadbush":4,"supplementaries:ash":7,"minecraft:obsidian":1,"minecraft:glow_berries":1,"minecraft:bone_block":2,"alexsmobs:flying_fish":2,"minecraft:rail":1,"minecraft:cobblestone":96,"born_in_chaos_v1:fused_bone":2,"born_in_chaos_v1:corpse_maggot":14,"farmersdelight:rice":14,"born_in_chaos_v1:monster_flesh":1,"quark:white_corundum":1,"minecraft:jungle_log":29,"luminousworld:ishstone":2,"minecraft:leather":3,"minecraft:jungle_wood":3,"minecraft:potato":20,"quark:smithing_template_rune":1,"minecraft:tuff":3,"minecraft:oak_log":9,"supplementaries:flax_seeds":6,"minecraft:lapis_lazuli":50,"farmersdelight:tomato":1,"minecraft:dirt":42,"minecraft:white_banner":1,"born_in_chaos_v1:monster_skin":1,"minecraft:bone":15,"minecraft:kelp":232,"minecraft:wheat_seeds":4,"minecraft:iron_ingot":1,"luminousworld:elephant_grass":2,"tombstone:bag_of_seeds":1,"minecraft:moss_block":5,"minecraft:oak_planks":5,"minecraft:iron_sword":3,"mowziesmobs:umvuthana_mask_misery":2,"ecologics:prickly_pear":1,"luminousworld:creepberries":30,"born_in_chaos_v1:ethereal_spirit":1,"minecraft:gravel":3,"minecraft:jungle_planks":59,"minecraft:white_bed":1,"minecraft:dark_oak_log":86,"minecraft:bundle":1,"minecraft:iron_hoe":1,"minecraft:diamond":7,"luminousworld:yellowpetunias":3,"minecraft:iron_helmet":3,"minecraft:bone_meal":1,"minecraft:emerald":2,"tombstone:magic_scroll":1,"born_in_chaos_v1:rotten_fish":1,"minecraft:dark_oak_fence":6,"iceandfire:raw_silver":4,"minecraft:coal":87,"storagenetwork:storage_kabel":1},"minecraft:killed_by":{"minecraft:husk":1,"born_in_chaos_v1:corpse_fly":2,"born_in_chaos_v1:corpse_fish":1,"alexsmobs:komodo_dragon":1,"iceandfire:fire_dragon":1},"minecraft:used":{"minecraft:moss_block":5,"minecraft:beetroot":3,"minecraft:red_sand":16,"mowziesmobs:umvuthana_mask_misery":1,"storagenetwork:request":1,"farmersdelight:cabbage_seeds":4,"quark:jungle_ladder":3,"quark:jungle_chest":3,"minecraft:spruce_planks":3,"minecraft:shield":6,"farmersdelight:cabbage":3,"minecraft:iron_sword":238,"minecraft:rotten_flesh":22,"minecraft:torch":204,"minecraft:dirt":31,"minecraft:tuff":1,"minecraft:dark_oak_planks":69,"farmersdelight:rope":4,"minecraft:iron_hoe":28,"minecraft:wooden_axe":52,"farmersdelight:tomato":1,"minecraft:iron_axe":159,"minecraft:goat_horn":2,"minecraft:furnace":2,"minecraft:beetroot_seeds":4,"tombstone:gift":2,"minecraft:potato":3,"minecraft:cooked_beef":3,"farmersdelight:tomato_seeds":3,"storagenetwork:storage_kabel":5,"minecraft:water_bucket":18,"minecraft:bundle":1,"minecraft:oak_planks":15,"minecraft:stone_pickaxe":152,"minecraft:wooden_pickaxe":31,"minecraft:crafting_table":9,"minecraft:dark_oak_fence_gate":1,"farmersdelight:rice":1,"neapolitan:banana":4,"minecraft:white_bed":1,"neapolitan:dried_banana":1,"tombstone:bag_of_seeds":2,"minecraft:diamond_pickaxe":18,"neapolitan:banana_bunch":2,"minecraft:bread":26,"minecraft:melon_slice":49,"minecraft:suspicious_stew":1,"minecraft:iron_pickaxe":178,"ecologics:coconut_slice":2,"minecraft:stone_axe":62,"quark:dark_oak_chest":5,"minecraft:cobblestone":8,"minecraft:dark_oak_fence":19,"minecraft:cooked_porkchop":3,"minecraft:bucket":19,"quark:oak_chest":2,"minecraft:oak_boat":1,"alexsmobs:animal_dictionary":2,"minecraft:bone_meal":19}},"DataVersion":3465}