{"stats":{"minecraft:used":{"minecraft:red_sand":16,"minecraft:stone_pickaxe":42,"quark:jungle_ladder":3,"quark:jungle_chest":3,"minecraft:wooden_pickaxe":31,"minecraft:iron_sword":15,"minecraft:rotten_flesh":1,"minecraft:torch":86,"minecraft:dirt":31,"minecraft:crafting_table":4,"minecraft:white_bed":1,"neapolitan:dried_banana":1,"minecraft:iron_hoe":28,"minecraft:wooden_axe":52,"neapolitan:banana_bunch":2,"minecraft:iron_axe":19,"minecraft:bread":8,"minecraft:melon_slice":44,"minecraft:stone_axe":62,"minecraft:furnace":2,"minecraft:bucket":1,"alexsmobs:animal_dictionary":2},"minecraft:crafted":{"sophisticatedbackpacks:backpack":2,"minecraft:crafting_table":2,"minecraft:wooden_pickaxe":1,"quark:jungle_chest":5,"minecraft:furnace":2,"sophisticatedbackpacks:gold_backpack":1,"minecraft:bone_meal":9,"neapolitan:dried_banana":1,"minecraft:stone_axe":1,"minecraft:air":0,"minecraft:jungle_planks":64,"quark:jungle_ladder":4,"minecraft:green_dye":3,"quark:iron_plate":24,"minecraft:white_dye":3,"minecraft:iron_axe":1,"minecraft:iron_hoe":1,"minecraft:stick":24,"minecraft:lime_dye":6,"minecraft:iron_ingot":59,"minecraft:stone_pickaxe":1,"minecraft:wooden_axe":1,"minecraft:gold_ingot":5,"minecraft:torch":84,"sophisticatedbackpacks:iron_backpack":3},"minecraft:dropped":{"minecraft:iron_hoe":1,"minecraft:jungle_planks":4,"sophisticatedbackpacks:gold_backpack":1,"aether:iron_gloves":1,"minecraft:jungle_sapling":1},"minecraft:mined":{"lootr:lootr_chest":1,"minecraft:jungle_leaves":44,"minecraft:crafting_table":3,"minecraft:torch":9,"minecraft:red_sand":19,"minecraft:grass_block":8,"minecraft:melon":10,"minecraft:jungle_log":25,"minecraft:dead_bush":12,"minecraft:cactus":3,"neapolitan:banana_bundle":4,"minecraft:jungle_wood":2,"neapolitan:small_banana_frond":1,"minecraft:oak_log":7,"minecraft:grass":11,"minecraft:coal_ore":36,"minecraft:vine":9,"minecraft:dirt":33,"luminousworld:groundpebbles_2":1,"minecraft:stone":32,"minecraft:fern":8,"luminousworld:creepbush":13},"minecraft:custom":{"minecraft:interact_with_furnace":18,"lootr:looted_stat":9,"minecraft:mob_kills":13,"minecraft:interact_with_crafting_table":34,"minecraft:leave_game":4,"minecraft:time_since_death":4802,"minecraft:climb_one_cm":14815,"minecraft:time_since_rest":4179,"minecraft:sprint_one_cm":348630,"minecraft:damage_taken":2668,"minecraft:walk_one_cm":336871,"minecraft:drop":5,"minecraft:damage_dealt":2992,"minecraft:swim_one_cm":20577,"minecraft:damage_dealt_absorbed":80,"minecraft:fly_one_cm":165258,"minecraft:open_chest":68,"minecraft:crouch_one_cm":20835,"waystones:waystone_activated":1,"minecraft:play_time":112931,"tombstone:undead_killed":7,"minecraft:deaths":6,"minecraft:sneak_time":6747,"minecraft:walk_under_water_one_cm":12509,"minecraft:jump":1876,"minecraft:walk_on_water_one_cm":21827,"minecraft:total_world_time":112931,"minecraft:fall_one_cm":18637},"minecraft:picked_up":{"minecraft:crafting_table":3,"minecraft:jungle_log":24,"minecraft:leather":3,"minecraft:jungle_wood":3,"aether:iron_gloves":1,"minecraft:oak_log":7,"supplementaries:flax_seeds":1,"aether:leather_gloves":1,"minecraft:dirt":41,"neapolitan:banana_frond":1,"neapolitan:banana_bunch":12,"minecraft:wheat_seeds":1,"minecraft:red_sand":18,"minecraft:jungle_sapling":2,"minecraft:melon_slice":52,"minecraft:chest":1,"minecraft:stick":12,"ecologics:prickly_pear":1,"luminousworld:creepberries":30,"minecraft:torch":9,"neapolitan:chocolate_spider_eye":1,"minecraft:porkchop":3,"minecraft:jungle_planks":57,"tombstone:grave_dust":2,"minecraft:white_bed":1,"minecraft:iron_hoe":1,"minecraft:cactus":6,"minecraft:rotten_flesh":11,"minecraft:iron_helmet":1,"supplementaries:ash":1,"minecraft:coal":35,"minecraft:cobblestone":32},"minecraft:killed":{"minecraft:husk":2,"minecraft:pig":1,"undead_revamp2:the_moonflower":1,"enemyexpansion:sprinter":1,"enemyexpansion:direwolf":1,"born_in_chaos_v1:maggot":2,"minecraft:zombie":3,"alexsmobs:komodo_dragon":1},"minecraft:broken":{"minecraft:stone_axe":1},"minecraft:killed_by":{"minecraft:husk":1,"born_in_chaos_v1:corpse_fish":1,"alexsmobs:komodo_dragon":1,"born_in_chaos_v1:corpse_fly":1}},"DataVersion":3465}