{"stats":{"minecraft:killed_by":{"born_in_chaos_v1:corpse_fly":2,"undead_revamp2:clogger":1,"cataclysm:deepling":1,"cataclysm:deepling_brute":1,"alexsmobs:komodo_dragon":1,"iceandfire:fire_dragon":1,"minecraft:husk":1,"minecraft:player":1,"born_in_chaos_v1:corpse_fish":1},"minecraft:crafted":{"minecraft:oak_planks":68,"minecraft:stone":48,"minecraft:green_dye":3,"minecraft:glass":22,"quark:iron_plate":24,"farmersdelight:bacon_sandwich":4,"luminousworld:cooked_sunny":5,"minecraft:glass_bottle":21,"minecraft:dropper":1,"storagenetwork:kabel":48,"minecraft:wooden_shovel":1,"luminousworld:cooked_bass":4,"sophisticatedbackpacks:backpack":3,"minecraft:cooked_porkchop":3,"minecraft:crafting_table":11,"minecraft:jungle_boat":1,"minecraft:baked_potato":36,"minecraft:wooden_pickaxe":1,"storagenetwork:master":1,"farmersdelight:organic_compost":1,"farmersdelight:wheat_dough":46,"minecraft:lime_bed":1,"minecraft:paper":21,"minecraft:diamond_pickaxe":1,"minecraft:stick":60,"minecraft:stone_slab":36,"quark:oak_chest":2,"minecraft:iron_ingot":104,"minecraft:iron_pickaxe":1,"minecraft:gold_ingot":14,"minecraft:dark_oak_fence_gate":1,"farmersdelight:melon_juice":18,"minecraft:fishing_rod":1,"quark:jungle_chest":5,"minecraft:furnace":2,"minecraft:bone_meal":27,"neapolitan:dried_banana":1,"born_in_chaos_v1:smoked_monster_flesh":8,"quark:jungle_ladder":4,"quark:dark_oak_chest":42,"minecraft:dark_oak_fence":21,"minecraft:iron_axe":1,"minecraft:iron_hoe":1,"minecraft:lime_dye":6,"minecraft:stone_pickaxe":1,"alexsmobs:flying_fish_boots":1,"minecraft:dark_oak_planks":500,"minecraft:wheat":18,"sophisticatedbackpacks:iron_backpack":3,"minecraft:cooked_beef":3,"minecraft:sugar":39,"minecraft:bowl":56,"luminousworld:cooked_trout":6,"farmersdelight:cooking_pot":1,"sophisticatedbackpacks:gold_backpack":2,"minecraft:stone_axe":1,"minecraft:jungle_planks":104,"minecraft:bread":21,"minecraft:air":0,"minecraft:oak_boat":2,"minecraft:white_dye":3,"storagenetwork:inventory":1,"minecraft:wooden_axe":1,"storagenetwork:request":1,"minecraft:lime_wool":3,"storagenetwork:storage_kabel":20,"minecraft:torch":240},"minecraft:killed":{"luminousworld:miner_zombie":1,"born_in_chaos_v1:siamese_skeletonsright":1,"undead_revamp2:theswarmer":1,"minecraft:skeleton":5,"minecraft:pig":2,"born_in_chaos_v1:diamond_termite":3,"luminousworld:crab":3,"minecraft:pillager":7,"minecraft:zombie":19,"born_in_chaos_v1:dread_hound":5,"cataclysm:deepling":1,"born_in_chaos_v1:corpse_fly":27,"enemyexpansion:botfly":2,"alexsmobs:komodo_dragon":1,"minecraft:cow":1,"born_in_chaos_v1:siamese_skeletonsleft":1,"undead_revamp2:thegliter":1,"luminousworld:sunken_skeleton":1,"enemyexpansion:direwolf":5,"born_in_chaos_v1:zombie_bruiser":1,"born_in_chaos_v1:maggot":5,"born_in_chaos_v1:dire_hound_leader":1,"born_in_chaos_v1:corpse_fish":2,"minecraft:drowned":1,"undead_revamp2:sucker":1,"born_in_chaos_v1:barrel_zombie":1,"enemyexpansion:scorpion":1,"minecraft:husk":2,"earthmobsmod:bouldering_zombie":1,"iceandfire:cyclops":1,"born_in_chaos_v1:baby_skeleton":1,"born_in_chaos_v1:swarmer":2,"undead_revamp2:the_moonflower":5,"enemyexpansion:sprinter":1,"born_in_chaos_v1:decrepit_skeleton":4,"undead_revamp2:thesomnolence":1,"enemyexpansion:slugger":1},"minecraft:broken":{"minecraft:leather_leggings":1,"minecraft:stone_pickaxe":1,"minecraft:stone_axe":1,"alexsmobs:flying_fish_boots":1,"minecraft:iron_pickaxe":1,"minecraft:iron_helmet":1},"minecraft:dropped":{"minecraft:iron_sword":2,"luminousworld:yellowpetunias":3,"minecraft:oak_log":1,"minecraft:jungle_planks":7,"sophisticatedbackpacks:gold_backpack":1,"luminousworld:sunny":1,"minecraft:dark_oak_log":3,"minecraft:dark_oak_fence":6,"quark:jungle_ladder":2,"minecraft:jungle_sapling":1,"minecraft:gold_nugget":7,"minecraft:iron_pickaxe":2,"minecraft:dark_oak_planks":3,"minecraft:wheat":2,"farmersdelight:vegetable_noodles":46,"luminousworld:tall_deadbush":4,"minecraft:oak_planks":1,"minecraft:jungle_trapdoor":1,"minecraft:jungle_stairs":7,"minecraft:ladder":1,"minecraft:spruce_slab":1,"minecraft:crimson_planks":4,"minecraft:purple_terracotta":4,"minecraft:wheat_seeds":2,"minecraft:mossy_cobblestone":10,"minecraft:oak_fence":23,"minecraft:jungle_slab":36,"minecraft:torch":9,"minecraft:jungle_door":1,"farmersdelight:bacon":2,"tombstone:voodoo_poppet":1,"minecraft:redstone":12,"farmersdelight:melon_juice":14,"minecraft:kelp":68,"farmersdelight:kelp_roll_slice":3,"minecraft:iron_hoe":1,"sophisticatedbackpacks:backpack":1,"minecraft:shears":1,"luminousworld:yellow_grassflowers":1,"storagenetwork:storage_kabel":1,"aether:iron_gloves":1,"mowziesmobs:umvuthana_mask_misery":2,"minecraft:spruce_planks":1,"minecraft:barrel":2,"minecraft:quartz_slab":2},"minecraft:mined":{"undead_revamp2:arapholia":1,"minecraft:dark_oak_planks":2,"minecraft:spruce_planks":4,"luminousworld:yellowpetunias":3,"minecraft:jungle_leaves":55,"minecraft:obsidian":12,"minecraft:cave_vines_plant":1,"minecraft:granite":9,"minecraft:red_sand":19,"minecraft:grass_block":9,"minecraft:jungle_log":48,"quark:white_corundum":2,"minecraft:coal_block":4,"minecraft:chiseled_stone_bricks":1,"ecologics:prickly_pear":1,"minecraft:tall_seagrass":2,"minecraft:fire":4,"farmersdelight:wild_rice":2,"farmersdelight:rice":1,"minecraft:iron_ore":30,"minecraft:cobbled_deepslate":15,"minecraft:deepslate_lapis_ore":2,"quark:black_corundum_cluster":1,"minecraft:cave_vines":4,"iceandfire:gold_pile":6,"luminousworld:creepbush":13,"minecraft:deepslate_redstone_ore":1,"lootr:lootr_chest":1,"minecraft:blackstone":6,"luminousworld:tall_deadbush":2,"minecraft:kelp_plant":19,"minecraft:clay":37,"minecraft:torch":13,"quark:white_corundum_cluster":4,"minecraft:melon":10,"minecraft:dead_bush":12,"supplementaries:wild_flax":1,"minecraft:nether_quartz_ore":20,"minecraft:cobblestone":4,"minecraft:sugar_cane":5,"minecraft:oak_planks":5,"minecraft:wall_torch":5,"minecraft:jungle_wood":2,"minecraft:wheat":1,"neapolitan:small_banana_frond":1,"minecraft:grass":23,"minecraft:oak_log":15,"minecraft:sand":7,"minecraft:dirt":44,"minecraft:crimson_planks":1,"luminousworld:grassvariant_3":2,"minecraft:netherrack":56,"luminousworld:savannah_grass_4":1,"minecraft:oak_leaves":11,"minecraft:deepslate":120,"minecraft:tuff":3,"iceandfire:silver_ore":4,"luminousworld:grassvariant_4":1,"minecraft:dark_oak_leaves":5,"minecraft:dark_oak_log":127,"born_in_chaos_v1:infected_diamond_ore":1,"minecraft:dark_oak_fence":6,"minecraft:jungle_planks":3,"luminousworld:grassvariant_2":6,"quark:jungle_chest":4,"farmersdelight:wild_cabbages":10,"minecraft:moss_block":9,"minecraft:kelp":1,"minecraft:hay_block":5,"minecraft:redstone_ore":7,"neapolitan:banana_bundle":4,"luminousworld:yellow_grassflowers":1,"minecraft:andesite":3,"farmersdelight:rope":1,"minecraft:deepslate_iron_ore":4,"minecraft:vine":14,"luminousworld:groundpebbles_2":1,"minecraft:stone":103,"minecraft:bone_block":48,"minecraft:redstone_wall_torch":1,"quark:oak_chest":2,"quark:dark_oak_chest":2,"minecraft:basalt":12,"minecraft:dandelion":1,"minecraft:crafting_table":8,"storagenetwork:storage_kabel":21,"minecraft:copper_ore":7,"minecraft:tall_grass":5,"minecraft:lapis_ore":7,"minecraft:deepslate_gold_ore":8,"supplementaries:urn":4,"farmersdelight:skillet":1,"minecraft:cactus":3,"minecraft:redstone_torch":1,"minecraft:coal_ore":87,"luminousworld:ishstone":3,"quark:monster_box":1,"minecraft:cocoa":3,"minecraft:cobweb":4,"luminousworld:elephant_grass":4,"minecraft:fern":9},"minecraft:used":{"minecraft:beetroot":3,"minecraft:moss_block":5,"minecraft:red_sand":16,"minecraft:bone_block":1,"farmersdelight:cabbage_seeds":4,"quark:jungle_ladder":3,"minecraft:shield":24,"farmersdelight:cabbage":3,"minecraft:iron_sword":407,"farmersdelight:melon_juice":2,"minecraft:rotten_flesh":22,"minecraft:jungle_planks":2,"minecraft:tuff":3,"vanillaplustools:iron_shovel":11,"farmersdelight:tomato":1,"farmersdelight:bacon_sandwich":4,"minecraft:furnace":2,"minecraft:beetroot_seeds":4,"minecraft:potato":3,"storagenetwork:storage_kabel":79,"minecraft:dark_oak_sapling":4,"minecraft:stone_pickaxe":152,"minecraft:oak_planks":15,"minecraft:wooden_pickaxe":31,"farmersdelight:organic_compost":1,"minecraft:jungle_boat":1,"minecraft:glow_berries":1,"farmersdelight:rice":1,"minecraft:redstone_torch":2,"neapolitan:banana_bunch":2,"minecraft:bread":32,"minecraft:melon_slice":49,"born_in_chaos_v1:smoked_monster_flesh":4,"ecologics:coconut_slice":18,"minecraft:dark_oak_fence":19,"luminousworld:cooked_trout":6,"minecraft:oak_boat":2,"minecraft:bone_meal":19,"minecraft:flint_and_steel":2,"mowziesmobs:umvuthana_mask_misery":1,"storagenetwork:request":1,"quark:jungle_chest":7,"minecraft:spruce_planks":3,"minecraft:torch":254,"minecraft:dirt":33,"farmersdelight:rope":4,"minecraft:iron_hoe":28,"minecraft:wooden_axe":56,"minecraft:dark_oak_planks":69,"minecraft:iron_axe":238,"storagenetwork:master":1,"minecraft:goat_horn":2,"farmersdelight:cooking_pot":1,"tombstone:gift":4,"minecraft:cooked_beef":3,"farmersdelight:tomato_seeds":3,"minecraft:cobbled_deepslate":90,"minecraft:cooked_mutton":1,"farmersdelight:iron_knife":6,"minecraft:water_bucket":32,"minecraft:bundle":1,"minecraft:baked_potato":5,"minecraft:tnt":2,"minecraft:lime_bed":1,"minecraft:crafting_table":12,"minecraft:white_bed":1,"neapolitan:banana":4,"minecraft:dark_oak_fence_gate":1,"neapolitan:dried_banana":1,"tombstone:bag_of_seeds":2,"minecraft:diamond_pickaxe":61,"minecraft:suspicious_stew":1,"minecraft:iron_pickaxe":377,"minecraft:stone_axe":62,"luminousworld:cooked_sunny":5,"minecraft:fishing_rod":32,"quark:dark_oak_chest":20,"minecraft:cobblestone":8,"minecraft:cooked_porkchop":3,"minecraft:bucket":34,"quark:oak_chest":2,"alexsmobs:animal_dictionary":2},"minecraft:custom":{"lootr:looted_stat":55,"minecraft:animals_bred":1,"minecraft:interact_with_crafting_table":180,"minecraft:eat_cake_slice":1,"minecraft:leave_game":8,"minecraft:time_since_death":14350,"minecraft:damage_resisted":8,"minecraft:sprint_one_cm":1159910,"minecraft:damage_blocked_by_shield":611,"minecraft:drop":81,"minecraft:talked_to_villager":1,"minecraft:play_time":585857,"minecraft:deaths":18,"minecraft:jump":5016,"minecraft:walk_on_water_one_cm":203426,"minecraft:enchant_item":1,"minecraft:interact_with_furnace":78,"minecraft:sleep_in_bed":5,"minecraft:damage_dealt":24232,"minecraft:crouch_one_cm":55373,"waystones:waystone_activated":5,"tombstone:undead_killed":50,"minecraft:interact_with_smoker":4,"minecraft:inspect_dispenser":3,"minecraft:interact_with_smithing_table":2,"minecraft:mob_kills":124,"minecraft:damage_dealt_resisted":307,"minecraft:climb_one_cm":65182,"minecraft:walk_one_cm":1222271,"minecraft:damage_dealt_absorbed":80,"minecraft:sneak_time":25528,"minecraft:walk_under_water_one_cm":275563,"minecraft:boat_one_cm":1095789,"minecraft:total_world_time":585857,"tombstone:raider_killed":7,"minecraft:time_since_rest":11951,"minecraft:damage_taken":9340,"minecraft:swim_one_cm":420328,"minecraft:fly_one_cm":690582,"minecraft:open_chest":172,"minecraft:fall_one_cm":67305},"minecraft:picked_up":{"minecraft:iron_chestplate":1,"minecraft:wheat":1,"illagerinvasion:platinum_chunk":6,"aether:iron_gloves":1,"minecraft:enchanted_book":2,"minecraft:crimson_planks":4,"minecraft:string":8,"minecraft:raw_copper":20,"neapolitan:banana_bunch":12,"minecraft:experience_bottle":2,"minecraft:beetroot":4,"minecraft:gold_nugget":52,"minecraft:red_sand":28,"minecraft:tnt_minecart":2,"alexsmobs:banana":1,"minecraft:cobbled_deepslate":135,"farmersdelight:cabbage":11,"minecraft:spruce_planks":11,"minecraft:redstone_torch":2,"minecraft:azalea":1,"minecraft:iron_pickaxe":2,"minecraft:melon_slice":129,"minecraft:coal_block":4,"farmersdelight:cabbage_seeds":18,"minecraft:iron_boots":1,"minecraft:stick":65,"born_in_chaos_v1:shattered_skull":2,"minecraft:jungle_door":1,"minecraft:oak_fence":23,"quark:yellow_corundum_cluster":1,"minecraft:torch":23,"vanillaplustools:iron_shovel":1,"minecraft:porkchop":5,"tombstone:grave_dust":8,"minecraft:diorite":2,"supplementaries:flax":2,"minecraft:cactus":6,"minecraft:rotten_flesh":59,"luminousworld:yellow_grassflowers":1,"aether:chainmail_gloves":1,"farmersdelight:rope":56,"luminousworld:tall_deadbush":4,"supplementaries:ash":9,"farmersdelight:raw_pasta":46,"minecraft:obsidian":11,"alexsmobs:flying_fish":2,"minecraft:cobblestone":103,"farmersdelight:kelp_roll":1,"farmersdelight:rice":14,"minecraft:water_bucket":1,"minecraft:jungle_log":45,"minecraft:jungle_wood":3,"minecraft:potato":20,"farmersdelight:bacon":6,"quark:black_corundum_cluster":1,"minecraft:tuff":3,"farmersdelight:cooked_bacon":4,"supplementaries:flax_seeds":6,"minecraft:lapis_lazuli":101,"farmersdelight:tomato":1,"minecraft:dirt":48,"born_in_chaos_v1:monster_skin":14,"minecraft:bone":45,"supplementaries:cartographers_quill":1,"minecraft:wheat_seeds":12,"minecraft:raw_gold":8,"luminousworld:elephant_grass":2,"minecraft:powered_rail":39,"minecraft:moss_block":5,"minecraft:oak_planks":5,"luminousworld:bass_item":4,"ecologics:prickly_pear":2,"luminousworld:creepberries":47,"minecraft:poisonous_potato":1,"minecraft:sand":2,"minecraft:jungle_planks":63,"farmersdelight:ham":1,"minecraft:jungle_slab":36,"minecraft:dark_oak_log":127,"minecraft:barrel":2,"minecraft:mossy_cobblestone":10,"minecraft:bundle":2,"minecraft:iron_hoe":2,"minecraft:diamond":7,"luminousworld:yellowpetunias":3,"minecraft:crossbow":1,"minecraft:bone_meal":1,"minecraft:golden_horse_armor":1,"minecraft:emerald":11,"born_in_chaos_v1:rotten_fish":1,"minecraft:netherrack":49,"minecraft:dark_oak_fence":8,"iceandfire:raw_silver":4,"minecraft:cocoa_beans":9,"born_in_chaos_v1:diamond_termite_shard":3,"minecraft:crafting_table":8,"quark:white_corundum_cluster":8,"minecraft:ladder":1,"minecraft:clay_ball":63,"luminousworld:trout":6,"tombstone:scroll_of_preservation":1,"quark:dark_oak_chest":2,"minecraft:shield":1,"aether:leather_gloves":1,"minecraft:jungle_trapdoor":1,"quark:jungle_ladder":1,"minecraft:iron_axe":1,"minecraft:flint_and_steel":1,"luminousworld:sunny":6,"neapolitan:banana_frond":1,"minecraft:quartz_slab":2,"minecraft:blackstone":4,"supplementaries:bomb":1,"minecraft:beef":2,"farmersdelight:straw":1,"born_in_chaos_v1:gnawed_bones":3,"minecraft:jungle_sapling":6,"minecraft:spruce_slab":1,"minecraft:sugar_cane":16,"minecraft:chest":1,"farmersdelight:kelp_roll_slice":3,"minecraft:dark_oak_sapling":10,"minecraft:raw_iron":35,"minecraft:stone":1,"ecologics:coconut_slice":18,"minecraft:copper_ingot":4,"minecraft:bowl":1,"quark:jungle_chest":4,"neapolitan:chocolate_spider_eye":1,"farmersdelight:tomato_seeds":5,"born_in_chaos_v1:pieceofdarkmetal":2,"minecraft:redstone":37,"minecraft:iron_horse_armor":1,"minecraft:purple_terracotta":4,"minecraft:dark_oak_planks":5,"iceandfire:cyclops_eye":1,"minecraft:arrow":14,"minecraft:beetroot_seeds":4,"minecraft:jungle_stairs":7,"minecraft:shears":1,"minecraft:hay_block":5,"minecraft:saddle":1,"minecraft:white_wool":2,"minecraft:glow_berries":6,"minecraft:mutton":4,"minecraft:rail":39,"minecraft:bone_block":44,"born_in_chaos_v1:fused_bone":4,"born_in_chaos_v1:corpse_maggot":16,"minecraft:basalt":11,"born_in_chaos_v1:monster_flesh":11,"minecraft:glow_ink_sac":2,"quark:white_corundum":1,"luminousworld:ishstone":2,"minecraft:leather":15,"quark:smithing_template_rune":1,"minecraft:oak_log":25,"farmersdelight:skillet":1,"tombstone:voodoo_poppet":1,"minecraft:white_banner":1,"minecraft:apple":1,"minecraft:kelp":395,"minecraft:iron_ingot":1,"tombstone:bag_of_seeds":1,"minecraft:glass_bottle":2,"minecraft:iron_sword":4,"mowziesmobs:umvuthana_mask_misery":3,"born_in_chaos_v1:ethereal_spirit":1,"minecraft:quartz":32,"minecraft:gravel":3,"born_in_chaos_v1:fangofthe_hound_leader":3,"minecraft:white_bed":1,"quark:oak_chest":2,"tombstone:scroll_of_knowledge":1,"minecraft:iron_helmet":3,"tombstone:magic_scroll":1,"minecraft:coal":87,"storagenetwork:storage_kabel":22}},"DataVersion":3465}