{"stats":{"minecraft:mined":{"undead_revamp2:arapholia":1,"minecraft:dark_oak_planks":1,"minecraft:spruce_planks":2,"luminousworld:yellowpetunias":3,"minecraft:jungle_leaves":49,"minecraft:obsidian":12,"minecraft:cave_vines_plant":1,"minecraft:granite":9,"minecraft:red_sand":19,"minecraft:grass_block":8,"quark:white_corundum":2,"minecraft:jungle_log":32,"minecraft:tall_seagrass":2,"minecraft:iron_ore":30,"farmersdelight:wild_rice":2,"farmersdelight:rice":1,"minecraft:cobbled_deepslate":13,"minecraft:fire":4,"minecraft:deepslate_lapis_ore":2,"quark:black_corundum_cluster":1,"minecraft:cave_vines":4,"luminousworld:creepbush":13,"minecraft:deepslate_redstone_ore":1,"lootr:lootr_chest":1,"minecraft:blackstone":6,"luminousworld:tall_deadbush":2,"minecraft:kelp_plant":19,"minecraft:torch":13,"quark:white_corundum_cluster":4,"minecraft:melon":10,"minecraft:dead_bush":12,"supplementaries:wild_flax":1,"minecraft:nether_quartz_ore":20,"minecraft:cobblestone":4,"minecraft:sugar_cane":5,"minecraft:oak_planks":5,"minecraft:wall_torch":5,"minecraft:jungle_wood":2,"neapolitan:small_banana_frond":1,"minecraft:grass":22,"minecraft:oak_log":7,"minecraft:dirt":33,"luminousworld:grassvariant_3":2,"minecraft:netherrack":56,"luminousworld:savannah_grass_4":1,"minecraft:deepslate":120,"minecraft:tuff":3,"iceandfire:silver_ore":4,"luminousworld:grassvariant_4":1,"minecraft:dark_oak_leaves":4,"minecraft:dark_oak_log":86,"born_in_chaos_v1:infected_diamond_ore":1,"minecraft:dark_oak_fence":6,"luminousworld:grassvariant_2":6,"farmersdelight:wild_cabbages":10,"minecraft:kelp":1,"minecraft:moss_block":9,"minecraft:hay_block":2,"minecraft:redstone_ore":7,"neapolitan:banana_bundle":4,"luminousworld:yellow_grassflowers":1,"minecraft:andesite":3,"farmersdelight:rope":1,"minecraft:deepslate_iron_ore":4,"minecraft:vine":12,"luminousworld:groundpebbles_2":1,"minecraft:stone":103,"minecraft:bone_block":3,"quark:dark_oak_chest":1,"minecraft:basalt":12,"minecraft:dandelion":1,"minecraft:crafting_table":7,"storagenetwork:storage_kabel":1,"minecraft:tall_grass":5,"minecraft:copper_ore":7,"minecraft:deepslate_gold_ore":8,"minecraft:lapis_ore":7,"supplementaries:urn":4,"minecraft:cactus":3,"minecraft:coal_ore":87,"luminousworld:ishstone":3,"quark:monster_box":1,"minecraft:cocoa":3,"minecraft:cobweb":4,"luminousworld:elephant_grass":4,"minecraft:fern":9},"minecraft:broken":{"minecraft:leather_leggings":1,"minecraft:stone_pickaxe":1,"minecraft:stone_axe":1,"alexsmobs:flying_fish_boots":1,"minecraft:iron_pickaxe":1,"minecraft:iron_helmet":1},"minecraft:dropped":{"minecraft:iron_sword":2,"luminousworld:yellowpetunias":3,"minecraft:oak_log":1,"minecraft:jungle_planks":4,"sophisticatedbackpacks:gold_backpack":1,"minecraft:dark_oak_log":3,"minecraft:dark_oak_fence":6,"quark:jungle_ladder":2,"minecraft:jungle_sapling":1,"minecraft:iron_pickaxe":2,"minecraft:wheat":2,"luminousworld:tall_deadbush":4,"minecraft:oak_planks":1,"minecraft:wheat_seeds":2,"minecraft:torch":9,"minecraft:jungle_door":1,"minecraft:redstone":12,"minecraft:kelp":66,"minecraft:iron_hoe":1,"sophisticatedbackpacks:backpack":1,"luminousworld:yellow_grassflowers":1,"aether:iron_gloves":1,"mowziesmobs:umvuthana_mask_misery":2},"minecraft:crafted":{"minecraft:oak_planks":32,"minecraft:stone":16,"minecraft:green_dye":3,"quark:iron_plate":24,"minecraft:dropper":1,"storagenetwork:kabel":8,"sophisticatedbackpacks:backpack":3,"minecraft:cooked_porkchop":3,"minecraft:crafting_table":7,"minecraft:baked_potato":19,"minecraft:wooden_pickaxe":1,"minecraft:diamond_pickaxe":1,"minecraft:stick":60,"minecraft:stone_slab":6,"quark:oak_chest":2,"minecraft:iron_ingot":94,"minecraft:iron_pickaxe":1,"minecraft:gold_ingot":9,"minecraft:dark_oak_fence_gate":1,"quark:jungle_chest":5,"minecraft:furnace":2,"minecraft:bone_meal":27,"neapolitan:dried_banana":1,"born_in_chaos_v1:smoked_monster_flesh":8,"quark:jungle_ladder":4,"quark:dark_oak_chest":8,"minecraft:dark_oak_fence":21,"minecraft:iron_axe":1,"minecraft:iron_hoe":1,"minecraft:lime_dye":6,"minecraft:stone_pickaxe":1,"alexsmobs:flying_fish_boots":1,"minecraft:dark_oak_planks":336,"minecraft:wheat":18,"sophisticatedbackpacks:iron_backpack":3,"minecraft:cooked_beef":3,"sophisticatedbackpacks:gold_backpack":1,"minecraft:stone_axe":1,"minecraft:bread":17,"minecraft:air":0,"minecraft:jungle_planks":92,"minecraft:oak_boat":1,"minecraft:white_dye":3,"storagenetwork:inventory":1,"minecraft:wooden_axe":1,"storagenetwork:request":1,"storagenetwork:storage_kabel":4,"minecraft:torch":240},"minecraft:killed":{"luminousworld:miner_zombie":1,"born_in_chaos_v1:siamese_skeletonsright":1,"undead_revamp2:theswarmer":1,"minecraft:skeleton":4,"minecraft:pig":1,"born_in_chaos_v1:diamond_termite":3,"luminousworld:crab":3,"minecraft:pillager":3,"minecraft:zombie":19,"born_in_chaos_v1:dread_hound":5,"born_in_chaos_v1:corpse_fly":27,"enemyexpansion:botfly":2,"alexsmobs:komodo_dragon":1,"born_in_chaos_v1:siamese_skeletonsleft":1,"undead_revamp2:thegliter":1,"enemyexpansion:direwolf":5,"born_in_chaos_v1:zombie_bruiser":1,"born_in_chaos_v1:maggot":5,"born_in_chaos_v1:dire_hound_leader":1,"born_in_chaos_v1:corpse_fish":2,"minecraft:drowned":1,"undead_revamp2:sucker":1,"born_in_chaos_v1:barrel_zombie":1,"minecraft:husk":2,"earthmobsmod:bouldering_zombie":1,"born_in_chaos_v1:baby_skeleton":1,"born_in_chaos_v1:swarmer":2,"undead_revamp2:the_moonflower":4,"enemyexpansion:sprinter":1,"born_in_chaos_v1:decrepit_skeleton":4,"undead_revamp2:thesomnolence":1,"enemyexpansion:slugger":1},"minecraft:custom":{"lootr:looted_stat":23,"minecraft:interact_with_crafting_table":124,"minecraft:leave_game":7,"minecraft:time_since_death":17940,"minecraft:damage_resisted":8,"minecraft:sprint_one_cm":770913,"minecraft:damage_blocked_by_shield":485,"minecraft:drop":40,"minecraft:play_time":350908,"minecraft:deaths":12,"minecraft:jump":3665,"minecraft:walk_on_water_one_cm":136387,"minecraft:interact_with_furnace":49,"minecraft:sleep_in_bed":1,"minecraft:damage_dealt":20889,"minecraft:crouch_one_cm":50116,"waystones:waystone_activated":1,"tombstone:undead_killed":48,"minecraft:interact_with_smoker":4,"minecraft:interact_with_smithing_table":2,"minecraft:mob_kills":112,"minecraft:damage_dealt_resisted":307,"minecraft:climb_one_cm":41096,"minecraft:walk_one_cm":853465,"minecraft:damage_dealt_absorbed":80,"minecraft:sneak_time":21931,"minecraft:walk_under_water_one_cm":134111,"minecraft:boat_one_cm":289762,"minecraft:total_world_time":350908,"tombstone:raider_killed":3,"minecraft:time_since_rest":16214,"minecraft:damage_taken":6553,"minecraft:swim_one_cm":193739,"minecraft:fly_one_cm":534846,"minecraft:open_chest":146,"minecraft:fall_one_cm":53663},"minecraft:picked_up":{"minecraft:iron_chestplate":1,"illagerinvasion:platinum_chunk":3,"aether:iron_gloves":1,"minecraft:string":8,"minecraft:raw_copper":20,"neapolitan:banana_bunch":12,"minecraft:beetroot":3,"minecraft:red_sand":23,"minecraft:tnt_minecart":1,"minecraft:cobbled_deepslate":125,"farmersdelight:cabbage":7,"minecraft:spruce_planks":3,"minecraft:iron_pickaxe":1,"minecraft:melon_slice":52,"farmersdelight:cabbage_seeds":18,"minecraft:stick":46,"born_in_chaos_v1:shattered_skull":1,"minecraft:jungle_door":1,"minecraft:torch":22,"minecraft:porkchop":3,"tombstone:grave_dust":6,"minecraft:diorite":1,"supplementaries:flax":1,"minecraft:cactus":6,"minecraft:rotten_flesh":56,"luminousworld:yellow_grassflowers":1,"farmersdelight:rope":1,"supplementaries:ash":7,"luminousworld:tall_deadbush":4,"minecraft:obsidian":11,"alexsmobs:flying_fish":2,"minecraft:cobblestone":96,"farmersdelight:rice":14,"minecraft:water_bucket":1,"minecraft:jungle_log":29,"minecraft:jungle_wood":3,"minecraft:potato":20,"quark:black_corundum_cluster":1,"minecraft:tuff":3,"supplementaries:flax_seeds":6,"minecraft:lapis_lazuli":57,"farmersdelight:tomato":1,"minecraft:dirt":42,"born_in_chaos_v1:monster_skin":8,"minecraft:bone":20,"minecraft:wheat_seeds":4,"minecraft:raw_gold":8,"luminousworld:elephant_grass":2,"minecraft:moss_block":5,"minecraft:oak_planks":5,"ecologics:prickly_pear":1,"luminousworld:creepberries":30,"minecraft:poisonous_potato":1,"minecraft:jungle_planks":59,"minecraft:dark_oak_log":86,"minecraft:iron_hoe":1,"minecraft:bundle":2,"minecraft:diamond":7,"luminousworld:yellowpetunias":3,"minecraft:bone_meal":1,"minecraft:emerald":2,"born_in_chaos_v1:rotten_fish":1,"minecraft:netherrack":47,"minecraft:dark_oak_fence":6,"iceandfire:raw_silver":4,"minecraft:cocoa_beans":9,"minecraft:crafting_table":7,"born_in_chaos_v1:diamond_termite_shard":2,"quark:white_corundum_cluster":4,"minecraft:clay_ball":3,"quark:dark_oak_chest":1,"minecraft:shield":1,"aether:leather_gloves":1,"quark:jungle_ladder":1,"neapolitan:banana_frond":1,"minecraft:blackstone":4,"born_in_chaos_v1:gnawed_bones":3,"minecraft:jungle_sapling":2,"minecraft:sugar_cane":8,"minecraft:chest":1,"minecraft:dark_oak_sapling":4,"minecraft:raw_iron":35,"minecraft:stone":1,"ecologics:coconut_slice":2,"minecraft:copper_ingot":2,"neapolitan:chocolate_spider_eye":1,"born_in_chaos_v1:pieceofdarkmetal":1,"minecraft:redstone":37,"minecraft:dark_oak_planks":1,"minecraft:arrow":9,"minecraft:beetroot_seeds":4,"minecraft:hay_block":2,"minecraft:glow_berries":1,"minecraft:rail":1,"minecraft:bone_block":2,"born_in_chaos_v1:fused_bone":2,"born_in_chaos_v1:corpse_maggot":15,"minecraft:basalt":11,"born_in_chaos_v1:monster_flesh":11,"quark:white_corundum":1,"luminousworld:ishstone":2,"minecraft:leather":3,"quark:smithing_template_rune":1,"minecraft:oak_log":9,"minecraft:white_banner":1,"minecraft:kelp":232,"minecraft:iron_ingot":1,"tombstone:bag_of_seeds":1,"mowziesmobs:umvuthana_mask_misery":2,"minecraft:iron_sword":3,"minecraft:quartz":18,"born_in_chaos_v1:ethereal_spirit":1,"minecraft:gravel":3,"born_in_chaos_v1:fangofthe_hound_leader":3,"minecraft:white_bed":1,"minecraft:iron_helmet":3,"tombstone:magic_scroll":1,"minecraft:coal":87,"storagenetwork:storage_kabel":1},"minecraft:killed_by":{"born_in_chaos_v1:corpse_fly":2,"alexsmobs:komodo_dragon":1,"iceandfire:fire_dragon":1,"minecraft:husk":1,"born_in_chaos_v1:corpse_fish":1},"minecraft:used":{"minecraft:beetroot":3,"minecraft:moss_block":5,"minecraft:red_sand":16,"farmersdelight:cabbage_seeds":4,"quark:jungle_ladder":3,"minecraft:shield":18,"farmersdelight:cabbage":3,"minecraft:iron_sword":355,"minecraft:rotten_flesh":22,"minecraft:tuff":3,"farmersdelight:tomato":1,"minecraft:furnace":2,"minecraft:beetroot_seeds":4,"minecraft:potato":3,"storagenetwork:storage_kabel":5,"minecraft:stone_pickaxe":152,"minecraft:oak_planks":15,"minecraft:wooden_pickaxe":31,"minecraft:glow_berries":1,"farmersdelight:rice":1,"neapolitan:banana_bunch":2,"minecraft:melon_slice":49,"minecraft:bread":31,"born_in_chaos_v1:smoked_monster_flesh":3,"ecologics:coconut_slice":2,"minecraft:dark_oak_fence":19,"minecraft:oak_boat":1,"minecraft:bone_meal":19,"mowziesmobs:umvuthana_mask_misery":1,"storagenetwork:request":1,"quark:jungle_chest":3,"minecraft:spruce_planks":3,"minecraft:torch":236,"minecraft:dirt":31,"farmersdelight:rope":4,"minecraft:iron_hoe":28,"minecraft:wooden_axe":52,"minecraft:dark_oak_planks":69,"minecraft:iron_axe":159,"minecraft:goat_horn":2,"tombstone:gift":2,"minecraft:cooked_beef":3,"farmersdelight:tomato_seeds":3,"minecraft:cobbled_deepslate":90,"minecraft:water_bucket":26,"minecraft:bundle":1,"minecraft:crafting_table":9,"minecraft:white_bed":1,"neapolitan:banana":4,"minecraft:dark_oak_fence_gate":1,"neapolitan:dried_banana":1,"tombstone:bag_of_seeds":2,"minecraft:diamond_pickaxe":60,"minecraft:iron_pickaxe":322,"minecraft:suspicious_stew":1,"minecraft:stone_axe":62,"quark:dark_oak_chest":5,"minecraft:cobblestone":8,"minecraft:cooked_porkchop":3,"minecraft:bucket":27,"quark:oak_chest":2,"alexsmobs:animal_dictionary":2}},"DataVersion":3465}