{"stats":{"minecraft:mined":{"undead_revamp2:arapholia":1,"luminousworld:yellowpetunias":3,"iceandfire:silver_ore":4,"luminousworld:grassvariant_4":1,"minecraft:jungle_leaves":44,"minecraft:dark_oak_fence":6,"minecraft:granite":9,"minecraft:red_sand":19,"minecraft:grass_block":8,"quark:white_corundum":2,"minecraft:jungle_log":25,"luminousworld:grassvariant_2":6,"minecraft:kelp":1,"minecraft:hay_block":2,"minecraft:tall_seagrass":2,"neapolitan:banana_bundle":4,"luminousworld:yellow_grassflowers":1,"farmersdelight:wild_rice":2,"minecraft:iron_ore":23,"farmersdelight:rice":1,"minecraft:andesite":3,"minecraft:vine":9,"luminousworld:groundpebbles_2":1,"minecraft:stone":96,"luminousworld:creepbush":13,"lootr:lootr_chest":1,"luminousworld:tall_deadbush":2,"minecraft:kelp_plant":19,"minecraft:dandelion":1,"minecraft:crafting_table":5,"minecraft:torch":11,"quark:white_corundum_cluster":4,"minecraft:melon":10,"minecraft:dead_bush":12,"supplementaries:wild_flax":1,"minecraft:copper_ore":7,"minecraft:tall_grass":3,"minecraft:lapis_ore":6,"minecraft:sugar_cane":5,"minecraft:oak_planks":3,"minecraft:cactus":3,"minecraft:jungle_wood":2,"neapolitan:small_banana_frond":1,"minecraft:grass":14,"minecraft:coal_ore":75,"minecraft:oak_log":7,"luminousworld:ishstone":1,"minecraft:dirt":33,"luminousworld:grassvariant_3":2,"minecraft:cobweb":4,"luminousworld:savannah_grass_4":1,"luminousworld:elephant_grass":4,"minecraft:fern":8},"minecraft:broken":{"minecraft:leather_leggings":1,"minecraft:stone_pickaxe":1,"minecraft:stone_axe":1,"minecraft:iron_helmet":1},"minecraft:dropped":{"minecraft:wheat_seeds":2,"minecraft:jungle_planks":4,"sophisticatedbackpacks:gold_backpack":1,"quark:jungle_ladder":1,"minecraft:jungle_sapling":1,"minecraft:iron_pickaxe":1,"minecraft:kelp":64,"minecraft:oak_planks":1,"minecraft:iron_hoe":1,"aether:iron_gloves":1},"minecraft:crafted":{"minecraft:oak_planks":28,"quark:jungle_chest":5,"minecraft:furnace":2,"minecraft:bone_meal":9,"neapolitan:dried_banana":1,"quark:jungle_ladder":4,"minecraft:green_dye":3,"quark:iron_plate":24,"minecraft:iron_axe":1,"minecraft:iron_hoe":1,"minecraft:lime_dye":6,"minecraft:stone_pickaxe":1,"alexsmobs:flying_fish_boots":1,"minecraft:wheat":18,"sophisticatedbackpacks:iron_backpack":3,"minecraft:cooked_beef":3,"sophisticatedbackpacks:backpack":2,"minecraft:cooked_porkchop":3,"minecraft:crafting_table":2,"minecraft:wooden_pickaxe":1,"sophisticatedbackpacks:gold_backpack":1,"minecraft:stone_axe":1,"minecraft:bread":7,"minecraft:air":0,"minecraft:jungle_planks":72,"minecraft:white_dye":3,"minecraft:stick":40,"quark:oak_chest":2,"minecraft:iron_ingot":59,"minecraft:wooden_axe":1,"minecraft:gold_ingot":5,"minecraft:torch":168},"minecraft:killed":{"enemyexpansion:direwolf":4,"born_in_chaos_v1:siamese_skeletonsright":1,"born_in_chaos_v1:zombie_bruiser":1,"born_in_chaos_v1:maggot":3,"minecraft:skeleton":1,"minecraft:drowned":1,"born_in_chaos_v1:corpse_fish":2,"minecraft:husk":2,"minecraft:pig":1,"born_in_chaos_v1:diamond_termite":2,"undead_revamp2:the_moonflower":4,"enemyexpansion:sprinter":1,"born_in_chaos_v1:decrepit_skeleton":2,"minecraft:pillager":3,"undead_revamp2:thesomnolence":1,"minecraft:zombie":11,"born_in_chaos_v1:dread_hound":1,"born_in_chaos_v1:corpse_fly":22,"enemyexpansion:botfly":2,"alexsmobs:komodo_dragon":1,"born_in_chaos_v1:siamese_skeletonsleft":1,"enemyexpansion:slugger":1},"minecraft:custom":{"lootr:looted_stat":17,"minecraft:mob_kills":72,"minecraft:interact_with_crafting_table":42,"minecraft:damage_dealt_resisted":91,"minecraft:leave_game":5,"minecraft:time_since_death":7213,"minecraft:climb_one_cm":27104,"minecraft:sprint_one_cm":523029,"minecraft:walk_one_cm":569685,"minecraft:damage_blocked_by_shield":20,"minecraft:drop":10,"minecraft:damage_dealt_absorbed":80,"minecraft:play_time":192133,"minecraft:deaths":7,"minecraft:sneak_time":8791,"minecraft:walk_under_water_one_cm":65334,"minecraft:boat_one_cm":101962,"minecraft:jump":2589,"minecraft:walk_on_water_one_cm":82608,"minecraft:total_world_time":192133,"minecraft:interact_with_furnace":22,"tombstone:raider_killed":3,"minecraft:time_since_rest":4814,"minecraft:damage_taken":4371,"minecraft:damage_dealt":12893,"minecraft:swim_one_cm":74463,"minecraft:fly_one_cm":300688,"minecraft:open_chest":79,"minecraft:crouch_one_cm":25537,"waystones:waystone_activated":1,"tombstone:undead_killed":26,"minecraft:fall_one_cm":30698},"minecraft:picked_up":{"minecraft:crafting_table":5,"minecraft:iron_chestplate":1,"born_in_chaos_v1:diamond_termite_shard":1,"quark:white_corundum_cluster":4,"illagerinvasion:platinum_chunk":3,"aether:iron_gloves":1,"minecraft:shield":1,"aether:leather_gloves":1,"minecraft:string":8,"minecraft:raw_copper":20,"neapolitan:banana_frond":1,"neapolitan:banana_bunch":12,"minecraft:beetroot":3,"minecraft:red_sand":18,"minecraft:tnt_minecart":1,"minecraft:jungle_sapling":2,"minecraft:iron_pickaxe":1,"minecraft:melon_slice":52,"minecraft:sugar_cane":8,"minecraft:chest":1,"minecraft:stick":12,"minecraft:raw_iron":23,"minecraft:stone":1,"born_in_chaos_v1:shattered_skull":1,"minecraft:torch":12,"neapolitan:chocolate_spider_eye":1,"minecraft:porkchop":3,"tombstone:grave_dust":3,"born_in_chaos_v1:pieceofdarkmetal":1,"minecraft:cactus":6,"minecraft:arrow":3,"minecraft:rotten_flesh":35,"luminousworld:yellow_grassflowers":1,"minecraft:beetroot_seeds":4,"minecraft:hay_block":2,"luminousworld:tall_deadbush":2,"supplementaries:ash":3,"minecraft:rail":1,"alexsmobs:flying_fish":2,"minecraft:cobblestone":89,"born_in_chaos_v1:fused_bone":2,"born_in_chaos_v1:corpse_maggot":14,"farmersdelight:rice":14,"born_in_chaos_v1:monster_flesh":1,"quark:white_corundum":1,"minecraft:jungle_log":24,"luminousworld:ishstone":1,"minecraft:leather":3,"minecraft:jungle_wood":3,"minecraft:potato":1,"minecraft:oak_log":9,"supplementaries:flax_seeds":2,"minecraft:lapis_lazuli":37,"minecraft:dirt":42,"minecraft:white_banner":1,"born_in_chaos_v1:monster_skin":1,"minecraft:bone":4,"minecraft:kelp":232,"minecraft:wheat_seeds":1,"minecraft:iron_ingot":1,"luminousworld:elephant_grass":2,"tombstone:bag_of_seeds":1,"minecraft:iron_sword":1,"minecraft:oak_planks":3,"ecologics:prickly_pear":1,"luminousworld:creepberries":30,"minecraft:gravel":3,"minecraft:jungle_planks":57,"minecraft:white_bed":1,"minecraft:bundle":1,"minecraft:iron_hoe":1,"luminousworld:yellowpetunias":3,"minecraft:iron_helmet":1,"minecraft:bone_meal":1,"minecraft:emerald":2,"tombstone:magic_scroll":1,"born_in_chaos_v1:rotten_fish":1,"minecraft:dark_oak_fence":6,"minecraft:coal":75,"iceandfire:raw_silver":4},"minecraft:killed_by":{"minecraft:husk":1,"born_in_chaos_v1:corpse_fly":2,"born_in_chaos_v1:corpse_fish":1,"alexsmobs:komodo_dragon":1},"minecraft:used":{"minecraft:beetroot":3,"minecraft:red_sand":16,"quark:jungle_ladder":3,"quark:jungle_chest":3,"minecraft:shield":1,"minecraft:iron_sword":211,"minecraft:rotten_flesh":22,"minecraft:torch":148,"minecraft:dirt":31,"minecraft:iron_hoe":28,"minecraft:wooden_axe":52,"minecraft:iron_axe":42,"minecraft:goat_horn":2,"minecraft:furnace":2,"minecraft:beetroot_seeds":4,"tombstone:gift":2,"minecraft:cooked_beef":3,"minecraft:water_bucket":1,"minecraft:bundle":1,"minecraft:stone_pickaxe":152,"minecraft:oak_planks":13,"minecraft:wooden_pickaxe":31,"minecraft:crafting_table":7,"farmersdelight:rice":1,"neapolitan:banana":4,"minecraft:white_bed":1,"neapolitan:dried_banana":1,"tombstone:bag_of_seeds":2,"neapolitan:banana_bunch":2,"minecraft:bread":16,"minecraft:melon_slice":49,"minecraft:iron_pickaxe":66,"minecraft:stone_axe":62,"minecraft:cobblestone":5,"minecraft:cooked_porkchop":3,"minecraft:bucket":2,"quark:oak_chest":2,"alexsmobs:animal_dictionary":2}},"DataVersion":3465}