{"stats":{"minecraft:killed_by":{"minecraft:husk":1,"born_in_chaos_v1:corpse_fish":1,"alexsmobs:komodo_dragon":1,"born_in_chaos_v1:corpse_fly":1},"minecraft:used":{"minecraft:red_sand":16,"minecraft:stone_pickaxe":93,"quark:jungle_ladder":3,"quark:jungle_chest":3,"minecraft:wooden_pickaxe":31,"minecraft:iron_sword":77,"minecraft:rotten_flesh":1,"minecraft:torch":104,"minecraft:dirt":31,"minecraft:crafting_table":4,"neapolitan:banana":3,"minecraft:white_bed":1,"neapolitan:dried_banana":1,"minecraft:iron_hoe":28,"minecraft:wooden_axe":52,"neapolitan:banana_bunch":2,"minecraft:bread":14,"minecraft:iron_axe":19,"minecraft:iron_pickaxe":4,"minecraft:melon_slice":47,"minecraft:stone_axe":62,"minecraft:furnace":2,"minecraft:bucket":1,"tombstone:gift":1,"alexsmobs:animal_dictionary":2},"minecraft:custom":{"minecraft:interact_with_furnace":18,"lootr:looted_stat":9,"minecraft:mob_kills":34,"minecraft:interact_with_crafting_table":35,"minecraft:damage_dealt_resisted":10,"minecraft:time_since_death":20701,"minecraft:leave_game":5,"minecraft:climb_one_cm":19239,"minecraft:time_since_rest":20078,"minecraft:sprint_one_cm":378018,"minecraft:damage_taken":3084,"minecraft:walk_one_cm":387595,"minecraft:drop":5,"minecraft:damage_dealt":6720,"minecraft:swim_one_cm":20671,"minecraft:damage_dealt_absorbed":80,"minecraft:fly_one_cm":179770,"minecraft:open_chest":75,"minecraft:crouch_one_cm":20988,"waystones:waystone_activated":1,"minecraft:play_time":128830,"tombstone:undead_killed":20,"minecraft:deaths":6,"minecraft:sneak_time":6868,"minecraft:walk_under_water_one_cm":17812,"minecraft:jump":2098,"minecraft:walk_on_water_one_cm":24217,"minecraft:total_world_time":128830,"minecraft:fall_one_cm":21240},"minecraft:dropped":{"minecraft:iron_hoe":1,"minecraft:jungle_planks":4,"sophisticatedbackpacks:gold_backpack":1,"aether:iron_gloves":1,"minecraft:jungle_sapling":1},"minecraft:crafted":{"sophisticatedbackpacks:backpack":2,"minecraft:crafting_table":2,"minecraft:wooden_pickaxe":1,"quark:jungle_chest":5,"minecraft:furnace":2,"sophisticatedbackpacks:gold_backpack":1,"minecraft:bone_meal":9,"neapolitan:dried_banana":1,"minecraft:stone_axe":1,"minecraft:jungle_planks":64,"minecraft:air":0,"quark:jungle_ladder":4,"minecraft:green_dye":3,"quark:iron_plate":24,"minecraft:white_dye":3,"minecraft:iron_axe":1,"minecraft:iron_hoe":1,"minecraft:stick":24,"minecraft:lime_dye":6,"minecraft:iron_ingot":59,"minecraft:stone_pickaxe":1,"minecraft:wooden_axe":1,"minecraft:gold_ingot":5,"minecraft:torch":104,"sophisticatedbackpacks:iron_backpack":3},"minecraft:broken":{"minecraft:stone_axe":1},"minecraft:killed":{"minecraft:husk":2,"minecraft:pig":1,"undead_revamp2:the_moonflower":2,"enemyexpansion:sprinter":1,"enemyexpansion:direwolf":4,"born_in_chaos_v1:siamese_skeletonsright":1,"born_in_chaos_v1:decrepit_skeleton":2,"born_in_chaos_v1:maggot":3,"minecraft:skeleton":1,"minecraft:zombie":9,"born_in_chaos_v1:dread_hound":1,"enemyexpansion:botfly":2,"alexsmobs:komodo_dragon":1,"born_in_chaos_v1:siamese_skeletonsleft":1,"enemyexpansion:slugger":1},"minecraft:mined":{"iceandfire:silver_ore":4,"lootr:lootr_chest":1,"minecraft:jungle_leaves":44,"minecraft:crafting_table":3,"minecraft:torch":9,"minecraft:red_sand":19,"minecraft:grass_block":8,"minecraft:melon":10,"minecraft:jungle_log":25,"minecraft:dead_bush":12,"minecraft:copper_ore":7,"minecraft:cactus":3,"neapolitan:banana_bundle":4,"minecraft:jungle_wood":2,"neapolitan:small_banana_frond":1,"minecraft:grass":11,"minecraft:coal_ore":73,"minecraft:oak_log":7,"minecraft:vine":9,"minecraft:dirt":33,"minecraft:cobweb":3,"luminousworld:groundpebbles_2":1,"minecraft:stone":39,"minecraft:fern":8,"luminousworld:creepbush":13},"minecraft:picked_up":{"born_in_chaos_v1:fused_bone":2,"born_in_chaos_v1:corpse_maggot":1,"minecraft:iron_chestplate":1,"minecraft:crafting_table":3,"born_in_chaos_v1:monster_flesh":1,"minecraft:jungle_log":24,"minecraft:leather":3,"minecraft:jungle_wood":3,"aether:iron_gloves":1,"minecraft:oak_log":7,"supplementaries:flax_seeds":1,"aether:leather_gloves":1,"minecraft:string":2,"minecraft:dirt":41,"minecraft:raw_copper":20,"neapolitan:banana_frond":1,"born_in_chaos_v1:monster_skin":1,"neapolitan:banana_bunch":12,"minecraft:bone":2,"minecraft:wheat_seeds":1,"minecraft:red_sand":18,"minecraft:iron_ingot":1,"minecraft:jungle_sapling":2,"minecraft:melon_slice":52,"minecraft:chest":1,"minecraft:iron_sword":1,"minecraft:stick":12,"born_in_chaos_v1:shattered_skull":1,"ecologics:prickly_pear":1,"luminousworld:creepberries":30,"minecraft:torch":9,"neapolitan:chocolate_spider_eye":1,"minecraft:porkchop":3,"minecraft:jungle_planks":57,"tombstone:grave_dust":3,"minecraft:white_bed":1,"minecraft:arrow":2,"minecraft:iron_hoe":1,"minecraft:cactus":6,"minecraft:rotten_flesh":21,"minecraft:iron_helmet":1,"supplementaries:ash":2,"tombstone:magic_scroll":1,"iceandfire:raw_silver":4,"minecraft:cobblestone":39,"minecraft:coal":73}},"DataVersion":3465}