{"stats":{"minecraft:killed_by":{"minecraft:husk":1,"born_in_chaos_v1:corpse_fly":1,"born_in_chaos_v1:corpse_fish":1,"alexsmobs:komodo_dragon":1},"minecraft:used":{"minecraft:beetroot":3,"minecraft:red_sand":16,"quark:jungle_ladder":3,"quark:jungle_chest":3,"minecraft:iron_sword":100,"minecraft:rotten_flesh":1,"minecraft:torch":131,"minecraft:dirt":31,"minecraft:iron_hoe":28,"minecraft:wooden_axe":52,"minecraft:iron_axe":19,"minecraft:furnace":2,"minecraft:beetroot_seeds":4,"tombstone:gift":1,"minecraft:stone_pickaxe":106,"minecraft:oak_planks":13,"minecraft:wooden_pickaxe":31,"minecraft:crafting_table":6,"minecraft:white_bed":1,"neapolitan:banana":4,"farmersdelight:rice":1,"neapolitan:dried_banana":1,"neapolitan:banana_bunch":2,"minecraft:melon_slice":47,"minecraft:bread":14,"minecraft:iron_pickaxe":4,"minecraft:stone_axe":62,"minecraft:cooked_porkchop":2,"minecraft:bucket":1,"quark:oak_chest":2,"alexsmobs:animal_dictionary":2},"minecraft:custom":{"lootr:looted_stat":13,"minecraft:mob_kills":36,"minecraft:interact_with_crafting_table":40,"minecraft:damage_dealt_resisted":10,"minecraft:leave_game":5,"minecraft:time_since_death":44701,"minecraft:climb_one_cm":21349,"minecraft:sprint_one_cm":406391,"minecraft:walk_one_cm":449319,"minecraft:drop":6,"minecraft:damage_dealt_absorbed":80,"minecraft:play_time":152830,"minecraft:deaths":6,"minecraft:sneak_time":7376,"minecraft:walk_under_water_one_cm":30583,"minecraft:boat_one_cm":101962,"minecraft:jump":2221,"minecraft:walk_on_water_one_cm":39116,"minecraft:total_world_time":152830,"minecraft:interact_with_furnace":22,"minecraft:time_since_rest":44078,"minecraft:damage_taken":3238,"minecraft:damage_dealt":6882,"minecraft:swim_one_cm":42881,"minecraft:fly_one_cm":228562,"minecraft:open_chest":79,"minecraft:crouch_one_cm":22857,"waystones:waystone_activated":1,"tombstone:undead_killed":20,"minecraft:fall_one_cm":23688},"minecraft:dropped":{"minecraft:jungle_planks":4,"sophisticatedbackpacks:gold_backpack":1,"quark:jungle_ladder":1,"minecraft:jungle_sapling":1,"minecraft:iron_hoe":1,"aether:iron_gloves":1},"minecraft:crafted":{"minecraft:oak_planks":28,"quark:jungle_chest":5,"minecraft:furnace":2,"minecraft:bone_meal":9,"neapolitan:dried_banana":1,"quark:jungle_ladder":4,"minecraft:green_dye":3,"quark:iron_plate":24,"minecraft:iron_axe":1,"minecraft:iron_hoe":1,"minecraft:lime_dye":6,"minecraft:stone_pickaxe":1,"alexsmobs:flying_fish_boots":1,"sophisticatedbackpacks:iron_backpack":3,"minecraft:cooked_beef":3,"sophisticatedbackpacks:backpack":2,"minecraft:cooked_porkchop":3,"minecraft:crafting_table":2,"minecraft:wooden_pickaxe":1,"sophisticatedbackpacks:gold_backpack":1,"minecraft:stone_axe":1,"minecraft:air":0,"minecraft:jungle_planks":72,"minecraft:white_dye":3,"minecraft:stick":32,"quark:oak_chest":2,"minecraft:iron_ingot":59,"minecraft:wooden_axe":1,"minecraft:gold_ingot":5,"minecraft:torch":136},"minecraft:broken":{"minecraft:stone_axe":1},"minecraft:killed":{"enemyexpansion:direwolf":4,"born_in_chaos_v1:siamese_skeletonsright":1,"born_in_chaos_v1:maggot":3,"minecraft:skeleton":1,"minecraft:husk":2,"minecraft:pig":1,"born_in_chaos_v1:diamond_termite":2,"undead_revamp2:the_moonflower":2,"enemyexpansion:sprinter":1,"born_in_chaos_v1:decrepit_skeleton":2,"minecraft:zombie":9,"born_in_chaos_v1:dread_hound":1,"enemyexpansion:botfly":2,"alexsmobs:komodo_dragon":1,"born_in_chaos_v1:siamese_skeletonsleft":1,"enemyexpansion:slugger":1},"minecraft:picked_up":{"born_in_chaos_v1:diamond_termite_shard":1,"minecraft:crafting_table":5,"minecraft:iron_chestplate":1,"aether:iron_gloves":1,"minecraft:shield":1,"aether:leather_gloves":1,"minecraft:string":6,"minecraft:raw_copper":20,"neapolitan:banana_frond":1,"neapolitan:banana_bunch":12,"minecraft:beetroot":3,"minecraft:red_sand":18,"minecraft:jungle_sapling":2,"minecraft:melon_slice":52,"minecraft:sugar_cane":7,"minecraft:chest":1,"minecraft:stick":12,"born_in_chaos_v1:shattered_skull":1,"minecraft:torch":9,"neapolitan:chocolate_spider_eye":1,"minecraft:porkchop":3,"tombstone:grave_dust":3,"minecraft:cactus":6,"minecraft:arrow":2,"minecraft:rotten_flesh":21,"luminousworld:yellow_grassflowers":1,"minecraft:beetroot_seeds":4,"supplementaries:ash":2,"alexsmobs:flying_fish":2,"minecraft:cobblestone":39,"born_in_chaos_v1:fused_bone":2,"born_in_chaos_v1:corpse_maggot":1,"farmersdelight:rice":14,"born_in_chaos_v1:monster_flesh":1,"minecraft:jungle_log":24,"minecraft:leather":3,"minecraft:jungle_wood":3,"minecraft:oak_log":7,"supplementaries:flax_seeds":2,"minecraft:dirt":41,"born_in_chaos_v1:monster_skin":1,"minecraft:bone":2,"minecraft:kelp":230,"minecraft:wheat_seeds":1,"minecraft:iron_ingot":1,"luminousworld:elephant_grass":2,"minecraft:oak_planks":1,"minecraft:iron_sword":1,"ecologics:prickly_pear":1,"luminousworld:creepberries":30,"minecraft:gravel":3,"minecraft:jungle_planks":57,"minecraft:white_bed":1,"minecraft:iron_hoe":1,"luminousworld:yellowpetunias":3,"minecraft:iron_helmet":1,"tombstone:magic_scroll":1,"minecraft:coal":73,"iceandfire:raw_silver":4},"minecraft:mined":{"undead_revamp2:arapholia":1,"luminousworld:yellowpetunias":3,"iceandfire:silver_ore":4,"minecraft:jungle_leaves":44,"minecraft:red_sand":19,"minecraft:grass_block":8,"minecraft:jungle_log":25,"luminousworld:grassvariant_2":4,"minecraft:kelp":1,"minecraft:tall_seagrass":2,"neapolitan:banana_bundle":4,"luminousworld:yellow_grassflowers":1,"farmersdelight:wild_rice":2,"farmersdelight:rice":1,"minecraft:vine":9,"luminousworld:groundpebbles_2":1,"minecraft:stone":39,"luminousworld:creepbush":13,"lootr:lootr_chest":1,"minecraft:kelp_plant":19,"minecraft:dandelion":1,"minecraft:crafting_table":5,"minecraft:torch":10,"minecraft:melon":10,"minecraft:dead_bush":12,"supplementaries:wild_flax":1,"minecraft:tall_grass":3,"minecraft:copper_ore":7,"minecraft:oak_planks":1,"minecraft:sugar_cane":4,"minecraft:cactus":3,"minecraft:jungle_wood":2,"neapolitan:small_banana_frond":1,"minecraft:grass":13,"minecraft:oak_log":7,"minecraft:coal_ore":73,"minecraft:dirt":33,"luminousworld:grassvariant_3":1,"minecraft:cobweb":3,"luminousworld:elephant_grass":2,"minecraft:fern":8}},"DataVersion":3465}