{"stats":{"minecraft:mined":{"minecraft:dark_oak_planks":1,"minecraft:farmland":3,"iceandfire:silver_ore":4,"luminousworld:grassvariant_4":2,"minecraft:jungle_leaves":157,"born_in_chaos_v1:infected_diamond_ore":3,"minecraft:granite":4,"minecraft:red_sand":38,"minecraft:grass_block":100,"minecraft:jungle_planks":18,"born_in_chaos_v1:black_argillite":1,"minecraft:jungle_log":18,"luminousworld:grassvariant_2":1,"minecraft:kelp":8,"luminousworld:sunset_petunias":1,"minecraft:tall_seagrass":13,"neapolitan:banana_bundle":4,"minecraft:furnace":1,"minecraft:jungle_sapling":1,"farmersdelight:wild_rice":15,"minecraft:iron_ore":2,"minecraft:andesite":1,"neapolitan:banana_stalk":15,"neapolitan:banana_frond":9,"minecraft:vine":6,"minecraft:rail":1,"minecraft:stone":131,"minecraft:bone_block":12,"minecraft:water":4,"luminousworld:creepbush":4,"luminousworld:tall_deadbush":2,"minecraft:kelp_plant":41,"neapolitan:frond_thatch":1,"minecraft:dandelion":1,"minecraft:crafting_table":6,"minecraft:jungle_stairs":1,"minecraft:blast_furnace":1,"minecraft:melon":4,"minecraft:dead_bush":4,"supplementaries:wild_flax":3,"minecraft:cobblestone":9,"minecraft:sugar_cane":2,"minecraft:wall_torch":2,"farmersdelight:wild_beetroots":1,"minecraft:seagrass":5,"minecraft:jungle_wood":59,"ecologics:seashell":7,"neapolitan:small_banana_frond":20,"minecraft:birch_log":2,"minecraft:grass":34,"minecraft:coal_ore":6,"minecraft:oak_log":16,"luminousworld:ishstone":16,"minecraft:cocoa":1,"minecraft:gravel":1,"minecraft:sand":35,"minecraft:dirt":54,"luminousworld:grassvariant_3":3,"minecraft:cobweb":1,"neapolitan:large_banana_frond":14,"minecraft:stone_bricks":1,"minecraft:deepslate":2,"minecraft:oak_leaves":41,"minecraft:fern":11},"minecraft:broken":{"minecraft:wooden_axe":1},"minecraft:dropped":{"minecraft:wheat_seeds":4,"luminousworld:creepberries":17,"minecraft:leather":3,"minecraft:jungle_planks":60,"farmersdelight:rice":11,"tombstone:bag_of_seeds":2,"tombstone:magic_scroll":1,"alexsmobs:flying_fish":2,"minecraft:string":4,"minecraft:oak_door":2,"neapolitan:chocolate_spider_eye":1,"minecraft:stone_axe":1,"minecraft:kelp":3,"minecraft:cocoa_beans":12,"minecraft:rotten_flesh":1,"aether:leather_gloves":3,"minecraft:iron_hoe":1,"minecraft:white_bed":1,"minecraft:shield":1,"neapolitan:banana_frond":1,"minecraft:wooden_pickaxe":3},"minecraft:crafted":{"minecraft:oak_door":3,"minecraft:oak_planks":40,"quark:jungle_chest":1,"minecraft:furnace":3,"neapolitan:frond_thatch":32,"minecraft:bone_meal":63,"neapolitan:dried_banana":34,"quark:jungle_ladder":12,"minecraft:iron_axe":1,"minecraft:iron_hoe":1,"minecraft:stone_pickaxe":1,"minecraft:jungle_stairs":8,"alexsmobs:flying_fish_boots":1,"minecraft:cooked_beef":2,"minecraft:cooked_porkchop":3,"minecraft:crafting_table":7,"minecraft:jungle_boat":2,"minecraft:dried_kelp":13,"minecraft:wooden_pickaxe":1,"minecraft:cooked_salmon":1,"minecraft:bucket":2,"minecraft:birch_planks":8,"minecraft:stone_axe":1,"minecraft:air":0,"minecraft:jungle_planks":332,"minecraft:string":21,"minecraft:white_wool":6,"minecraft:shield":2,"minecraft:stick":32,"minecraft:iron_ingot":51,"minecraft:iron_pickaxe":1,"minecraft:wooden_axe":1,"minecraft:iron_block":3,"minecraft:iron_shovel":1,"minecraft:iron_leggings":1,"minecraft:anvil":1,"minecraft:white_bed":2,"minecraft:torch":72},"minecraft:killed":{"alexsmobs:lobster":1,"minecraft:spider":1,"enemyexpansion:direwolf":1,"born_in_chaos_v1:maggot":2,"creeperoverhaul:bamboo_creeper":1,"minecraft:skeleton":4,"iceandfire:siren":1,"naturalist:bass":2,"undead_revamp2:sucker":2,"luminousworld:savannah_zombie":2,"alexsmobs:flying_fish":3,"iceandfire:hippocampus":2,"minecraft:husk":3,"minecraft:pig":2,"born_in_chaos_v1:diamond_termite":3,"minecraft:salmon":3,"enemyexpansion:sprinter":2,"minecraft:pillager":1,"enemyexpansion:meature":1,"minecraft:zombie":5,"alexsmobs:terrapin":1,"alexsmobs:toucan":1,"born_in_chaos_v1:corpse_fly":1,"enemyexpansion:huntsman":1,"alexsmobs:fly":1,"minecraft:cow":8},"minecraft:custom":{"lootr:looted_stat":19,"minecraft:interact_with_anvil":1,"minecraft:mob_kills":56,"minecraft:interact_with_crafting_table":43,"minecraft:damage_dealt_resisted":107,"minecraft:leave_game":9,"minecraft:time_since_death":51831,"minecraft:climb_one_cm":42192,"minecraft:sprint_one_cm":663637,"minecraft:walk_one_cm":495916,"minecraft:damage_blocked_by_shield":705,"minecraft:drop":31,"minecraft:play_time":220277,"minecraft:deaths":6,"minecraft:sneak_time":11489,"minecraft:walk_under_water_one_cm":45514,"minecraft:boat_one_cm":230179,"tombstone:tomb_raiding":1,"minecraft:jump":4044,"minecraft:interact_with_blast_furnace":1,"minecraft:walk_on_water_one_cm":68440,"minecraft:total_world_time":220277,"minecraft:interact_with_furnace":43,"tombstone:raider_killed":1,"minecraft:sleep_in_bed":4,"minecraft:time_since_rest":51409,"minecraft:damage_taken":3647,"minecraft:damage_dealt":9445,"tombstone:cast_on_ally":1,"minecraft:player_kills":1,"minecraft:swim_one_cm":60579,"minecraft:fly_one_cm":724121,"minecraft:open_chest":77,"tombstone:undead_killed":20,"minecraft:crouch_one_cm":33125,"waystones:waystone_activated":3,"minecraft:fall_one_cm":80065},"minecraft:picked_up":{"sophisticatedbackpacks:gold_backpack":1,"minecraft:cocoa_beans":12,"born_in_chaos_v1:diamond_termite_shard":4,"minecraft:crafting_table":6,"quark:white_corundum_cluster":4,"illagerinvasion:platinum_chunk":1,"ecologics:seashell":7,"minecraft:wooden_pickaxe":1,"minecraft:cooked_rabbit":1,"aether:leather_gloves":1,"born_in_chaos_v1:black_argillite":1,"minecraft:string":2,"minecraft:iron_leggings":1,"neapolitan:banana_frond":136,"neapolitan:banana_bunch":13,"minecraft:tnt_minecart":1,"minecraft:red_sand":43,"minecraft:cobbled_deepslate":2,"alexsmobs:banana":1,"minecraft:beef":15,"minecraft:jungle_sapling":2,"minecraft:melon_slice":22,"minecraft:sugar_cane":6,"minecraft:furnace":1,"minecraft:raw_iron":2,"minecraft:stick":14,"minecraft:stone":1,"minecraft:oak_door":2,"minecraft:torch":8,"minecraft:porkchop":6,"tombstone:grave_dust":4,"supplementaries:flax":21,"enemyexpansion:meathead_helmet":1,"minecraft:prismarine_crystals":4,"minecraft:dark_oak_planks":1,"neapolitan:banana_stalk":15,"minecraft:arrow":5,"minecraft:rotten_flesh":12,"minecraft:beetroot_seeds":1,"minecraft:jungle_stairs":1,"luminousworld:tall_deadbush":2,"alexsmobs:flying_fish":4,"undead_revamp2:arapholia":1,"minecraft:bone_block":10,"minecraft:rail":1,"minecraft:cobblestone":137,"minecraft:birch_log":2,"born_in_chaos_v1:corpse_maggot":4,"quark:white_corundum":1,"minecraft:feather":1,"farmersdelight:rice":11,"minecraft:salmon":3,"neapolitan:frond_thatch":1,"minecraft:andesite":1,"minecraft:jungle_log":27,"luminousworld:ishstone":21,"minecraft:leather":12,"minecraft:jungle_wood":57,"minecraft:oak_log":16,"supplementaries:flax_seeds":32,"minecraft:dirt":207,"minecraft:white_banner":1,"minecraft:orange_terracotta":2,"naturalist:bass":2,"minecraft:bone":3,"minecraft:stone_bricks":2,"undead_revamp2:blacpetalblock":1,"minecraft:kelp":90,"minecraft:wheat_seeds":16,"tombstone:bag_of_seeds":1,"minecraft:mossy_stone_bricks":2,"minecraft:bamboo":1,"minecraft:oak_slab":1,"luminousworld:sunset_petunias":1,"luminousworld:creepberries":5,"minecraft:dandelion":1,"waystones:mossy_waystone":2,"minecraft:gravel":1,"iceandfire:shiny_scales":9,"minecraft:jungle_planks":19,"minecraft:sand":40,"minecraft:blast_furnace":1,"minecraft:spider_eye":1,"minecraft:iron_hoe":1,"minecraft:stone_axe":1,"minecraft:granite":11,"tombstone:magic_scroll":1,"minecraft:oak_sapling":6,"minecraft:coal":11,"iceandfire:raw_silver":4},"minecraft:killed_by":{"undead_revamp2:theimmortal":1,"minecraft:creeper":1,"alexsmobs:emu":2,"undead_revamp2:thebeartamer":1},"minecraft:used":{"minecraft:jungle_leaves":4,"minecraft:red_sand":33,"minecraft:iron_shovel":189,"undead_revamp2:blacpetalblock":1,"quark:jungle_ladder":10,"quark:jungle_chest":1,"minecraft:shield":15,"minecraft:stone":1,"minecraft:iron_sword":258,"minecraft:cooked_salmon":3,"minecraft:rotten_flesh":1,"minecraft:oak_door":1,"minecraft:iron_chestplate":1,"minecraft:torch":63,"minecraft:dirt":217,"minecraft:anvil":1,"enemyexpansion:meathead_helmet":1,"minecraft:jungle_planks":125,"minecraft:granite":3,"minecraft:wooden_axe":46,"born_in_chaos_v1:corpse_maggot":3,"minecraft:jungle_sapling":3,"minecraft:iron_hoe":94,"minecraft:dark_oak_planks":1,"minecraft:iron_axe":132,"minecraft:bamboo":1,"supplementaries:bomb_blue":1,"minecraft:beef":4,"minecraft:goat_horn":2,"minecraft:furnace":4,"minecraft:beetroot_seeds":3,"alexsmobs:banana":1,"tombstone:gift":7,"minecraft:cooked_beef":2,"minecraft:orange_terracotta":2,"minecraft:iron_leggings":1,"mowziesmobs:foliaath_seed":13,"naturalist:bass":2,"minecraft:wheat_seeds":9,"minecraft:water_bucket":25,"minecraft:leather_leggings":1,"tombstone:scroll_of_reach":2,"minecraft:birch_planks":8,"minecraft:bundle":1,"minecraft:stone_pickaxe":43,"minecraft:oak_planks":24,"alexsmobs:flying_fish_boots":1,"minecraft:wooden_pickaxe":4,"minecraft:jungle_boat":2,"neapolitan:frond_thatch":33,"minecraft:jungle_wood":1,"minecraft:sand":9,"minecraft:oak_slab":1,"minecraft:crafting_table":13,"neapolitan:banana":8,"minecraft:white_bed":1,"neapolitan:dried_banana":36,"luminousworld:creepberries":1,"minecraft:oak_log":4,"tombstone:bag_of_seeds":2,"minecraft:diamond_pickaxe":135,"minecraft:bread":2,"neapolitan:banana_stalk":15,"neapolitan:banana_bunch":24,"minecraft:iron_pickaxe":33,"minecraft:melon_slice":14,"waystones:mossy_waystone":2,"minecraft:jungle_stairs":9,"minecraft:gravel":1,"minecraft:stone_axe":111,"supplementaries:flax_seeds":28,"tombstone:familiar_stone":2,"minecraft:cobblestone":8,"minecraft:porkchop":2,"minecraft:white_banner":1,"minecraft:cooked_rabbit":1,"minecraft:cooked_porkchop":3,"minecraft:bucket":25,"minecraft:andesite":1,"alexsmobs:animal_dictionary":5,"minecraft:bone_meal":69}},"DataVersion":3465}