{"stats":{"minecraft:mined":{"minecraft:dark_oak_planks":1,"minecraft:farmland":3,"alexsmobs:leafcutter_anthill":1,"minecraft:jungle_leaves":157,"minecraft:granite":4,"minecraft:red_sand":43,"minecraft:grass_block":100,"minecraft:jungle_log":18,"luminousworld:savanna_grass_2":2,"minecraft:spawner":1,"minecraft:tall_seagrass":13,"minecraft:magma_block":2,"farmersdelight:wild_rice":15,"minecraft:iron_ore":2,"minecraft:cobbled_deepslate":5,"minecraft:water":4,"luminousworld:creepbush":4,"luminousworld:tall_deadbush":2,"minecraft:kelp_plant":41,"minecraft:jungle_stairs":1,"minecraft:blast_furnace":1,"minecraft:melon":4,"minecraft:dead_bush":4,"supplementaries:wild_flax":3,"minecraft:cobblestone":15,"minecraft:sugar_cane":2,"minecraft:wall_torch":4,"minecraft:seagrass":5,"minecraft:jungle_wood":59,"ecologics:seashell":7,"minecraft:birch_log":2,"neapolitan:small_banana_frond":20,"minecraft:black_bed":1,"minecraft:grass":46,"minecraft:oak_log":16,"minecraft:beetroots":5,"minecraft:sand":35,"minecraft:dirt":54,"luminousworld:grassvariant_3":3,"minecraft:oak_leaves":42,"minecraft:deepslate":173,"minecraft:tuff":11,"iceandfire:silver_ore":4,"minecraft:deepslate_diamond_ore":6,"luminousworld:grassvariant_4":2,"born_in_chaos_v1:infected_diamond_ore":3,"minecraft:jungle_planks":18,"born_in_chaos_v1:black_argillite":1,"alexsmobs:leafcutter_ant_chamber":2,"luminousworld:grassvariant_2":1,"quark:jungle_chest":3,"ecologics:coconut_log":3,"minecraft:kelp":8,"luminousworld:sunset_petunias":2,"neapolitan:banana_bundle":4,"minecraft:furnace":2,"minecraft:jungle_sapling":1,"supplementaries:flax":2,"minecraft:andesite":7,"neapolitan:banana_stalk":15,"neapolitan:banana_frond":9,"minecraft:deepslate_iron_ore":2,"minecraft:vine":6,"minecraft:rail":1,"minecraft:bamboo":13,"minecraft:stone":145,"minecraft:bone_block":12,"minecraft:stone_brick_slab":1,"neapolitan:frond_thatch":1,"minecraft:dandelion":1,"minecraft:crafting_table":7,"minecraft:diorite":4,"supplementaries:urn":1,"farmersdelight:wild_beetroots":1,"minecraft:coal_ore":6,"luminousworld:ishstone":17,"minecraft:cocoa":1,"minecraft:gravel":4,"minecraft:cobweb":6,"neapolitan:large_banana_frond":14,"minecraft:stone_bricks":1,"minecraft:fern":12},"minecraft:broken":{"minecraft:iron_chestplate":1,"minecraft:iron_leggings":1,"enemyexpansion:meathead_helmet":1,"minecraft:iron_sword":1,"minecraft:wooden_axe":1,"alexsmobs:flying_fish_boots":1,"minecraft:shield":1},"minecraft:dropped":{"minecraft:iron_sword":1,"ecologics:coconut_slice":3,"minecraft:leather":3,"minecraft:jungle_planks":62,"farmersdelight:rice":11,"tombstone:bag_of_seeds":2,"alexsmobs:flying_fish":2,"iceandfire:ash":1,"minecraft:oak_door":2,"minecraft:stone_axe":1,"minecraft:rotten_flesh":1,"aether:leather_gloves":3,"minecraft:white_bed":1,"minecraft:beetroot_seeds":8,"neapolitan:banana_frond":1,"minecraft:wheat_seeds":6,"minecraft:cobblestone":1,"luminousworld:creepberries":17,"minecraft:stick":68,"tombstone:magic_scroll":1,"tombstone:grave_key":2,"minecraft:string":4,"neapolitan:chocolate_spider_eye":1,"minecraft:kelp":3,"minecraft:cocoa_beans":12,"minecraft:iron_hoe":1,"minecraft:shield":1,"mowziesmobs:umvuthana_mask_misery":2,"minecraft:red_sand":5,"minecraft:wooden_pickaxe":3},"minecraft:crafted":{"minecraft:oak_planks":48,"securitycraft:keypad_item":1,"minecraft:heavy_weighted_pressure_plate":1,"minecraft:iron_bars":16,"securitycraft:laser_block":1,"minecraft:glass":8,"minecraft:jungle_stairs":8,"minecraft:cooked_porkchop":3,"minecraft:crafting_table":14,"minecraft:jungle_boat":3,"securitycraft:reinforced_stone_button":17,"minecraft:wooden_pickaxe":1,"minecraft:baked_potato":7,"minecraft:birch_planks":8,"minecraft:string":21,"minecraft:shield":3,"minecraft:stick":70,"minecraft:iron_ingot":83,"minecraft:iron_pickaxe":1,"minecraft:iron_block":3,"securitycraft:sc_manual":1,"securitycraft:universal_block_reinforcer_lvl1":1,"minecraft:oak_door":3,"ecologics:coconut_planks":12,"quark:jungle_chest":4,"minecraft:furnace":5,"minecraft:bone_meal":126,"neapolitan:frond_thatch":32,"neapolitan:dried_banana":34,"minecraft:glass_pane":16,"quark:jungle_ladder":12,"minecraft:iron_axe":1,"minecraft:iron_hoe":1,"minecraft:stone_pickaxe":1,"minecraft:redstone_block":1,"minecraft:dark_oak_planks":20,"alexsmobs:flying_fish_boots":1,"ecologics:coconut_boat":1,"minecraft:cooked_beef":5,"minecraft:dried_kelp":13,"minecraft:cooked_salmon":1,"minecraft:bucket":12,"minecraft:stone_axe":1,"minecraft:air":0,"minecraft:jungle_planks":332,"securitycraft:reinforced_stone":16,"minecraft:jungle_door":3,"minecraft:white_wool":6,"minecraft:wooden_axe":1,"minecraft:iron_shovel":1,"minecraft:iron_leggings":2,"minecraft:anvil":1,"minecraft:white_bed":2,"minecraft:torch":72},"minecraft:killed":{"alexsmobs:lobster":1,"iceandfire:gorgon":1,"minecraft:spider":1,"creeperoverhaul:bamboo_creeper":1,"minecraft:skeleton":4,"alexsmobs:leafcutter_ant":1,"undead_revamp2:therod":7,"minecraft:pig":2,"born_in_chaos_v1:diamond_termite":3,"minecraft:salmon":3,"minecraft:pillager":11,"enemyexpansion:meature":1,"minecraft:zombie":5,"alexsmobs:terrapin":1,"alexsmobs:toucan":1,"born_in_chaos_v1:corpse_fly":2,"alexsmobs:fly":1,"minecraft:cow":8,"undead_revamp2:bomber":1,"enemyexpansion:direwolf":2,"born_in_chaos_v1:maggot":3,"naturalist:coral_snake":1,"iceandfire:siren":1,"naturalist:bass":2,"undead_revamp2:sucker":2,"alexsmobs:flying_fish":3,"luminousworld:savannah_zombie":2,"iceandfire:hippocampus":2,"minecraft:husk":3,"born_in_chaos_v1:baby_skeleton":1,"enemyexpansion:sprinter":2,"undead_revamp2:thesomnolence":1,"enemyexpansion:huntsman":1},"minecraft:custom":{"lootr:looted_stat":31,"minecraft:interact_with_crafting_table":80,"minecraft:leave_game":11,"minecraft:time_since_death":14812,"minecraft:sprint_one_cm":914205,"minecraft:damage_blocked_by_shield":2147483647,"minecraft:drop":47,"minecraft:play_time":341546,"minecraft:deaths":12,"tombstone:tomb_raiding":1,"minecraft:jump":5567,"minecraft:walk_on_water_one_cm":90681,"minecraft:interact_with_furnace":70,"minecraft:sleep_in_bed":7,"minecraft:damage_dealt":16712,"minecraft:player_kills":1,"minecraft:crouch_one_cm":45488,"waystones:waystone_activated":7,"tombstone:undead_killed":30,"minecraft:interact_with_anvil":1,"minecraft:mob_kills":82,"minecraft:damage_dealt_resisted":107,"minecraft:climb_one_cm":62455,"minecraft:walk_one_cm":705755,"minecraft:sneak_time":19861,"minecraft:walk_under_water_one_cm":72766,"minecraft:boat_one_cm":503175,"minecraft:interact_with_blast_furnace":1,"minecraft:total_world_time":341546,"tombstone:raider_killed":11,"minecraft:time_since_rest":14121,"minecraft:damage_taken":2147483647,"minecraft:damage_absorbed":10,"tombstone:cast_on_ally":4,"minecraft:swim_one_cm":154518,"minecraft:fly_one_cm":1076243,"minecraft:open_chest":201,"minecraft:fall_one_cm":113139},"minecraft:picked_up":{"illagerinvasion:platinum_chunk":7,"tombstone:grave_key":1,"born_in_chaos_v1:black_argillite":1,"minecraft:string":6,"minecraft:iron_leggings":1,"neapolitan:banana_bunch":13,"minecraft:beetroot":5,"minecraft:red_sand":48,"minecraft:tnt_minecart":1,"minecraft:cobbled_deepslate":178,"alexsmobs:banana":1,"farmersdelight:cabbage":1,"minecraft:spruce_planks":1,"minecraft:iron_pickaxe":1,"minecraft:melon_slice":22,"farmersdelight:cabbage_seeds":2,"alexsmobs:leafcutter_ant_chamber":2,"minecraft:furnace":2,"minecraft:stick":48,"minecraft:jungle_door":1,"minecraft:torch":19,"minecraft:porkchop":6,"tombstone:grave_dust":5,"minecraft:diorite":3,"supplementaries:flax":22,"enemyexpansion:meathead_helmet":1,"minecraft:rotten_flesh":24,"ecologics:coconut_log":3,"luminousworld:tall_deadbush":2,"supplementaries:ash":1,"undead_revamp2:arapholia":1,"alexsmobs:flying_fish":4,"minecraft:cobblestone":160,"minecraft:birch_log":2,"minecraft:magma_block":2,"minecraft:feather":4,"farmersdelight:rice":11,"minecraft:water_bucket":1,"neapolitan:frond_thatch":1,"minecraft:andesite":7,"minecraft:jungle_log":27,"minecraft:black_bed":1,"minecraft:jungle_wood":57,"minecraft:tuff":11,"supplementaries:flax_seeds":39,"farmersdelight:tomato":9,"minecraft:dirt":207,"minecraft:bone":6,"supplementaries:cartographers_quill":1,"undead_revamp2:blacpetalblock":1,"minecraft:wheat_seeds":18,"minecraft:mossy_stone_bricks":5,"minecraft:bamboo":71,"luminousworld:creepberries":5,"iceandfire:shiny_scales":9,"minecraft:jungle_planks":19,"minecraft:sand":40,"minecraft:dark_oak_log":3,"minecraft:iron_hoe":1,"minecraft:diamond":6,"minecraft:granite":11,"minecraft:chainmail_helmet":1,"minecraft:emerald":6,"iceandfire:gorgon_head":1,"minecraft:oak_sapling":6,"iceandfire:raw_silver":4,"sophisticatedbackpacks:gold_backpack":1,"minecraft:cocoa_beans":12,"born_in_chaos_v1:diamond_termite_shard":4,"minecraft:crafting_table":7,"quark:white_corundum_cluster":4,"ecologics:seashell":7,"minecraft:wooden_pickaxe":1,"minecraft:cooked_rabbit":1,"aether:leather_gloves":1,"neapolitan:banana_frond":136,"minecraft:cracked_stone_bricks":1,"minecraft:beef":15,"minecraft:jungle_sapling":2,"minecraft:sugar_cane":6,"minecraft:raw_iron":4,"minecraft:stone":1,"securitycraft:reinforced_cobblestone":51,"minecraft:oak_door":3,"ecologics:coconut_slice":7,"minecraft:copper_ingot":7,"quark:jungle_chest":2,"minecraft:redstone":12,"minecraft:prismarine_crystals":4,"minecraft:dark_oak_planks":1,"mowziesmobs:umvuthana_mask_faith":1,"neapolitan:banana_stalk":15,"minecraft:arrow":5,"minecraft:beetroot_seeds":22,"minecraft:jungle_stairs":1,"minecraft:glow_berries":10,"minecraft:rail":1,"minecraft:bone_block":10,"born_in_chaos_v1:corpse_maggot":5,"quark:white_corundum":1,"minecraft:salmon":3,"luminousworld:ishstone":22,"minecraft:leather":12,"minecraft:filled_map":1,"minecraft:oak_log":17,"minecraft:paper":9,"minecraft:white_banner":2,"minecraft:orange_terracotta":2,"naturalist:bass":2,"minecraft:stone_bricks":3,"minecraft:kelp":90,"tombstone:bag_of_seeds":1,"minecraft:iron_sword":5,"mowziesmobs:umvuthana_mask_misery":3,"minecraft:oak_slab":1,"minecraft:chiseled_stone_bricks":2,"minecraft:stone_brick_slab":6,"iceandfire:ash":1,"minecraft:dandelion":1,"waystones:mossy_waystone":6,"luminousworld:sunset_petunias":2,"minecraft:gravel":4,"minecraft:blast_furnace":1,"minecraft:spider_eye":1,"tombstone:scroll_of_true_sight":1,"minecraft:stone_axe":1,"minecraft:chainmail_leggings":1,"tombstone:magic_scroll":1,"minecraft:coal":11},"minecraft:killed_by":{"minecraft:creeper":1,"alexsmobs:emu":2,"iceandfire:fire_dragon":1,"undead_revamp2:theimmortal":1,"iceandfire:gorgon":1,"undead_revamp2:therod":2,"undead_revamp2:thebeartamer":1},"minecraft:used":{"minecraft:beetroot":5,"minecraft:red_sand":33,"minecraft:iron_shovel":189,"quark:jungle_ladder":10,"minecraft:shield":35,"farmersdelight:cabbage":1,"minecraft:stone":1,"minecraft:iron_sword":399,"ecologics:coconut_planks":3,"minecraft:rotten_flesh":1,"minecraft:iron_chestplate":2,"securitycraft:keypad_item":1,"enemyexpansion:meathead_helmet":1,"minecraft:jungle_planks":125,"minecraft:jungle_sapling":3,"born_in_chaos_v1:corpse_maggot":3,"farmersdelight:tomato":9,"mowziesmobs:umvuthana_mask_faith":2,"minecraft:stone_brick_stairs":1,"supplementaries:bomb_blue":1,"minecraft:magma_block":1,"minecraft:furnace":6,"minecraft:beetroot_seeds":8,"minecraft:potato":13,"minecraft:dark_oak_sapling":8,"mowziesmobs:foliaath_seed":13,"minecraft:diorite":2,"minecraft:leather_leggings":1,"minecraft:stone_pickaxe":76,"minecraft:oak_planks":27,"alexsmobs:flying_fish_boots":1,"minecraft:wooden_pickaxe":4,"tombstone:scroll_of_true_sight":2,"minecraft:jungle_boat":3,"minecraft:glow_berries":20,"neapolitan:frond_thatch":33,"minecraft:golden_apple":2,"minecraft:sand":9,"minecraft:black_bed":1,"luminousworld:creepberries":1,"neapolitan:banana_bunch":24,"minecraft:melon_slice":14,"minecraft:bread":3,"minecraft:gravel":1,"supplementaries:flax_seeds":28,"tombstone:familiar_stone":2,"minecraft:cooked_rabbit":1,"minecraft:andesite":2,"alexsmobs:leafcutter_ant_chamber":1,"minecraft:bone_meal":95,"minecraft:jungle_leaves":4,"mowziesmobs:umvuthana_mask_misery":1,"undead_revamp2:blacpetalblock":1,"quark:jungle_chest":6,"minecraft:cooked_salmon":3,"minecraft:oak_door":4,"minecraft:torch":91,"minecraft:dirt":217,"minecraft:anvil":1,"minecraft:granite":3,"minecraft:iron_hoe":94,"minecraft:wooden_axe":46,"minecraft:dark_oak_planks":1,"minecraft:iron_axe":140,"minecraft:iron_boots":1,"minecraft:bamboo":1,"minecraft:beef":4,"ecologics:coconut_boat":1,"minecraft:goat_horn":3,"alexsmobs:banana":1,"tombstone:gift":8,"minecraft:cooked_beef":3,"minecraft:cobbled_deepslate":25,"minecraft:orange_terracotta":2,"minecraft:iron_leggings":2,"naturalist:bass":2,"minecraft:wheat_seeds":9,"minecraft:water_bucket":27,"tombstone:scroll_of_reach":3,"minecraft:birch_planks":8,"minecraft:bundle":1,"minecraft:baked_potato":7,"minecraft:cracked_stone_bricks":2,"minecraft:jungle_wood":1,"minecraft:oak_slab":1,"minecraft:crafting_table":16,"supplementaries:bomb":1,"minecraft:white_bed":1,"neapolitan:banana":8,"neapolitan:dried_banana":36,"minecraft:oak_log":4,"tombstone:bag_of_seeds":2,"minecraft:diamond_pickaxe":186,"neapolitan:banana_stalk":15,"minecraft:iron_pickaxe":188,"waystones:mossy_waystone":6,"minecraft:jungle_stairs":9,"minecraft:stone_axe":111,"minecraft:cobblestone":12,"minecraft:porkchop":3,"minecraft:white_banner":2,"minecraft:cooked_porkchop":3,"minecraft:jungle_door":4,"minecraft:bucket":38,"alexsmobs:animal_dictionary":5,"minecraft:chainmail_leggings":1}},"DataVersion":3465}