{"stats":{"minecraft:killed_by":{"undead_revamp2:theimmortal":1,"undead_revamp2:thebeartamer":1,"mowziesmobs:naga":1,"minecraft:creeper":1,"alexsmobs:emu":2,"iceandfire:fire_dragon":1,"born_in_chaos_v1:bone_imp":1,"iceandfire:gorgon":1,"undead_revamp2:therod":2},"minecraft:crafted":{"botanypots:terracotta_hopper_botany_pot":12,"securitycraft:keypad_item":1,"minecraft:iron_bars":16,"minecraft:glass":8,"minecraft:quartz_block":10,"minecraft:melon_seeds":1,"farmersdelight:kelp_roll":18,"minecraft:wooden_shovel":1,"minecraft:cooked_porkchop":5,"farmersdelight:iron_knife":3,"minecraft:jungle_boat":3,"securitycraft:reinforced_stone_button":17,"minecraft:campfire":2,"minecraft:iron_pickaxe":1,"minecraft:iron_block":3,"ecologics:coconut_planks":12,"quark:jungle_chest":4,"neapolitan:frond_thatch":32,"minecraft:bone_meal":567,"neapolitan:dried_banana":34,"minecraft:stone_pickaxe":1,"farmersdelight:rice":66,"minecraft:redstone_block":1,"minecraft:dark_oak_planks":580,"ecologics:coconut_boat":1,"minecraft:dried_kelp":99,"minecraft:wooden_axe":1,"minecraft:iron_shovel":10,"minecraft:iron_leggings":2,"botanypots:terracotta_botany_pot":11,"minecraft:white_bed":2,"farmersdelight:oak_cabinet":2,"minecraft:brick":36,"minecraft:oak_planks":132,"minecraft:dark_oak_boat":4,"minecraft:heavy_weighted_pressure_plate":1,"securitycraft:laser_block":1,"minecraft:dark_oak_door":3,"minecraft:hopper":12,"tombstone:grave_key":1,"minecraft:jungle_stairs":8,"minecraft:bricks":8,"minecraft:sea_lantern":1,"farmersdelight:stove":2,"minecraft:oak_slab":24,"minecraft:crafting_table":21,"minecraft:wooden_pickaxe":1,"minecraft:baked_potato":88,"minecraft:birch_planks":8,"farmersdelight:skillet":1,"farmersdelight:cutting_board":1,"minecraft:string":37,"minecraft:dark_oak_slab":240,"minecraft:shield":4,"minecraft:stick":106,"minecraft:iron_ingot":129,"securitycraft:sc_manual":1,"securitycraft:universal_block_reinforcer_lvl1":1,"minecraft:oak_door":3,"vanillaplustools:iron_shovel":1,"minecraft:furnace":5,"minecraft:dark_oak_trapdoor":30,"furnitura:dark_oak_chair":1,"quark:jungle_ladder":12,"minecraft:glass_pane":16,"minecraft:oak_trapdoor":6,"minecraft:flint_and_steel":1,"quark:dark_oak_chest":2,"minecraft:iron_axe":4,"minecraft:iron_hoe":3,"alexsmobs:flying_fish_boots":1,"minecraft:cooked_beef":5,"supplementaries:item_shelf":4,"minecraft:dark_oak_stairs":4,"minecraft:iron_sword":1,"minecraft:bowl":24,"minecraft:cooked_salmon":1,"minecraft:bucket":14,"minecraft:stone_axe":1,"farmersdelight:dark_oak_cabinet":15,"minecraft:air":0,"minecraft:jungle_planks":332,"securitycraft:reinforced_stone":16,"minecraft:jungle_door":3,"minecraft:white_wool":6,"minecraft:anvil":1,"minecraft:torch":96},"minecraft:killed":{"alexsmobs:lobster":1,"iceandfire:gorgon":1,"minecraft:skeleton":4,"alexsmobs:leafcutter_ant":1,"alexsmobs:straddler":2,"minecraft:magma_cube":25,"born_in_chaos_v1:bone_imp":3,"minecraft:salmon":3,"minecraft:pillager":15,"enemyexpansion:meature":1,"minecraft:zombie":5,"born_in_chaos_v1:corpse_fly":2,"takesapillage:archer":1,"minecraft:cow":8,"mowziesmobs:naga":1,"minecraft:vindicator":7,"undead_revamp2:bomber":1,"naturalist:coral_snake":1,"iceandfire:siren":3,"iceandfire:hippocampus":2,"minecraft:husk":3,"undead_revamp2:the_moonflower":1,"enemyexpansion:sprinter":2,"alexsmobs:catfish":2,"undead_revamp2:thesomnolence":1,"minecraft:spider":1,"creeperoverhaul:bamboo_creeper":1,"undead_revamp2:therod":8,"minecraft:piglin":2,"minecraft:pig":4,"born_in_chaos_v1:diamond_termite":3,"born_in_chaos_v1:dread_hound":1,"alexsmobs:terrapin":1,"alexsmobs:toucan":1,"alexsmobs:fly":2,"enemyexpansion:direwolf":2,"born_in_chaos_v1:maggot":3,"naturalist:bass":2,"undead_revamp2:sucker":7,"alexsmobs:flying_fish":3,"luminousworld:savannah_zombie":2,"mowziesmobs:baby_foliaath":4,"born_in_chaos_v1:baby_skeleton":1,"quark:foxhound":5,"creeperoverhaul:ocean_creeper":1,"enemyexpansion:huntsman":1},"minecraft:broken":{"minecraft:iron_chestplate":1,"minecraft:iron_leggings":1,"minecraft:iron_sword":2,"minecraft:shield":1,"minecraft:iron_axe":2,"minecraft:iron_helmet":1,"minecraft:iron_shovel":1,"enemyexpansion:meathead_helmet":1,"minecraft:wooden_axe":1,"alexsmobs:flying_fish_boots":1},"minecraft:dropped":{"minecraft:iron_sword":1,"minecraft:saddle":1,"minecraft:dirt":4,"alexsmobs:flying_fish":2,"minecraft:oak_door":2,"minecraft:stone_axe":1,"minecraft:rotten_flesh":1,"minecraft:white_bed":1,"supplementaries:flax_seeds":2,"minecraft:leather_boots":3,"minecraft:wheat_seeds":12,"minecraft:cobblestone":1,"minecraft:apple":3,"minecraft:dried_kelp":9,"minecraft:string":4,"tombstone:voodoo_poppet":1,"neapolitan:chocolate_spider_eye":1,"minecraft:cocoa_beans":12,"farmersdelight:kelp_roll_slice":8,"minecraft:wooden_shovel":1,"minecraft:red_sand":5,"ecologics:coconut_slice":3,"minecraft:sandstone_slab":3,"minecraft:leather":3,"minecraft:jungle_planks":62,"farmersdelight:rice":11,"tombstone:bag_of_seeds":2,"iceandfire:ash":1,"minecraft:white_tulip":1,"farmersdelight:kelp_roll":1,"aether:leather_gloves":5,"minecraft:leather_chestplate":1,"minecraft:beetroot_seeds":8,"minecraft:azalea":1,"neapolitan:banana_frond":8,"neapolitan:banana_stalk":1,"alexsmobs:banana":4,"minecraft:bread":2,"luminousworld:creepberries":20,"vanillaplustools:iron_shovel":1,"minecraft:stick":71,"tombstone:magic_scroll":1,"tombstone:grave_key":2,"farmersdelight:rotten_tomato":2,"minecraft:kelp":3,"quark:dark_oak_chest":2,"farmersdelight:cabbage_seeds":3,"minecraft:iron_hoe":1,"minecraft:shield":1,"mowziesmobs:umvuthana_mask_misery":2,"luminousworld:groundpebbles_1":2,"minecraft:wooden_pickaxe":4},"minecraft:mined":{"minecraft:dark_oak_planks":16,"minecraft:white_bed":1,"alexsmobs:leafcutter_anthill":1,"minecraft:jungle_leaves":215,"minecraft:obsidian":1,"minecraft:granite":4,"minecraft:red_sand":43,"minecraft:jungle_log":20,"quark:yellow_corundum":1,"minecraft:hopper":3,"luminousworld:savanna_grass_2":2,"minecraft:spawner":1,"ecologics:prickly_pear":2,"minecraft:tall_seagrass":14,"minecraft:magma_block":2,"minecraft:dark_oak_trapdoor":1,"minecraft:fire":2,"minecraft:cobbled_deepslate":5,"minecraft:moss_carpet":2,"minecraft:potted_dandelion":1,"minecraft:cave_vines":1,"minecraft:dirt_path":2,"minecraft:orange_bed":1,"minecraft:sandstone_slab":4,"minecraft:brown_mushroom":2,"botanypots:terracotta_botany_pot":1,"minecraft:kelp_plant":41,"minecraft:torch":1,"minecraft:blast_furnace":1,"minecraft:melon":5,"minecraft:dead_bush":8,"farmersdelight:cabbages":21,"minecraft:sugar_cane":2,"minecraft:chain":2,"minecraft:jungle_wood":67,"ecologics:seashell":7,"minecraft:wheat":12,"minecraft:pumpkin_stem":4,"minecraft:black_bed":1,"minecraft:potted_poppy":1,"minecraft:grass":76,"minecraft:dark_oak_sapling":2,"luminousworld:grassvariant_3":3,"minecraft:sandstone_wall":1,"minecraft:deepslate":173,"iceandfire:silver_ore":4,"minecraft:dark_oak_log":75,"minecraft:sea_lantern":2,"minecraft:dark_oak_fence":5,"placeablesmod:wheat_block_1":4,"minecraft:jungle_planks":33,"born_in_chaos_v1:black_argillite":1,"alexsmobs:leafcutter_ant_chamber":2,"luminousworld:grassvariant_2":1,"minecraft:moss_block":7,"minecraft:kelp":8,"neapolitan:banana_bundle":4,"minecraft:jungle_sapling":1,"supplementaries:flax":19,"minecraft:andesite":7,"neapolitan:banana_stalk":18,"minecraft:potatoes":38,"neapolitan:banana_frond":12,"minecraft:vine":13,"minecraft:rail":1,"farmersdelight:dark_oak_cabinet":6,"minecraft:bamboo":13,"minecraft:bone_block":37,"quark:dark_oak_chest":5,"minecraft:stone_brick_slab":1,"minecraft:dandelion":1,"minecraft:tall_grass":14,"minecraft:diorite":4,"luminousworld:ishstone":17,"minecraft:gravel":33,"minecraft:cobweb":7,"neapolitan:large_banana_frond":14,"minecraft:stone_bricks":1,"minecraft:fern":17,"minecraft:spruce_planks":13,"minecraft:attached_melon_stem":1,"farmersdelight:rich_soil":10,"minecraft:farmland":4,"sophisticatedbackpacks:gold_backpack":1,"minecraft:potted_blue_orchid":3,"minecraft:potted_cactus":1,"minecraft:grass_block":433,"farmersdelight:budding_tomatoes":7,"minecraft:sandstone_stairs":1,"farmersdelight:wild_rice":19,"minecraft:iron_ore":2,"minecraft:anvil":1,"minecraft:brown_bed":1,"minecraft:azalea":7,"minecraft:spruce_slab":5,"minecraft:water":4,"luminousworld:creepbush":8,"minecraft:quartz_block":1,"minecraft:blackstone":6,"luminousworld:tall_deadbush":2,"minecraft:melon_stem":3,"minecraft:soul_lantern":4,"minecraft:clay":9,"minecraft:jungle_stairs":1,"supplementaries:wild_flax":3,"minecraft:nether_quartz_ore":28,"minecraft:cobblestone":15,"minecraft:oak_planks":4,"minecraft:wall_torch":11,"minecraft:seagrass":6,"minecraft:dark_oak_slab":3,"neapolitan:small_banana_frond":20,"minecraft:birch_log":2,"minecraft:oak_log":39,"minecraft:beetroots":13,"minecraft:dirt":433,"minecraft:sand":491,"minecraft:crimson_planks":2,"minecraft:netherrack":57,"minecraft:oak_leaves":180,"minecraft:tuff":11,"minecraft:yellow_wall_banner":6,"minecraft:deepslate_diamond_ore":6,"minecraft:dark_oak_leaves":1,"luminousworld:grassvariant_4":2,"born_in_chaos_v1:infected_diamond_ore":3,"minecraft:purple_terracotta":4,"quark:jungle_chest":3,"farmersdelight:tomatoes":9,"ecologics:coconut_log":3,"minecraft:sandstone":4,"placeablesmod:bowl_block_1":2,"luminousworld:sunset_petunias":2,"minecraft:oak_trapdoor":3,"minecraft:furnace":5,"minecraft:carrots":15,"minecraft:chiseled_sandstone":4,"farmersdelight:rope":29,"minecraft:deepslate_iron_ore":2,"minecraft:stone":145,"sophisticatedbackpacks:backpack":1,"farmersdelight:cooking_pot":1,"minecraft:flowering_azalea":3,"minecraft:stripped_dark_oak_log":1,"minecraft:basalt":80,"neapolitan:frond_thatch":1,"minecraft:crafting_table":9,"farmersdelight:onion_crate":6,"supplementaries:urn":1,"farmersdelight:wild_beetroots":1,"minecraft:birch_planks":1,"minecraft:potted_azure_bluet":5,"minecraft:coal_ore":26,"minecraft:cocoa":1,"minecraft:flower_pot":1,"farmersdelight:stove":1,"minecraft:terracotta":81,"minecraft:potted_white_tulip":2},"minecraft:used":{"alexsmobs:emu_egg":8,"minecraft:beetroot":5,"minecraft:moss_block":9,"farmersdelight:onion_crate":9,"farmersdelight:cabbage_seeds":17,"farmersdelight:cabbage":1,"minecraft:stone":1,"ecologics:coconut_planks":3,"minecraft:rotten_flesh":1,"minecraft:cocoa_beans":7,"securitycraft:keypad_item":1,"enemyexpansion:meathead_helmet":1,"minecraft:jungle_slab":2,"minecraft:jungle_sapling":3,"minecraft:lava_bucket":10,"minecraft:quartz_block":11,"minecraft:dark_oak_slab":85,"minecraft:stone_brick_stairs":1,"supplementaries:bomb_blue":1,"minecraft:dark_oak_boat":8,"minecraft:furnace":9,"minecraft:potato":63,"mowziesmobs:foliaath_seed":13,"minecraft:diorite":2,"minecraft:leather_leggings":1,"alexsmobs:flying_fish_boots":1,"minecraft:wooden_pickaxe":4,"tombstone:scroll_of_true_sight":2,"minecraft:jungle_boat":3,"minecraft:golden_apple":2,"minecraft:glow_berries":20,"minecraft:dark_oak_trapdoor":1,"minecraft:sand":19,"minecraft:blast_furnace":1,"farmersdelight:rice":8,"minecraft:pumpkin_seeds":1,"botanypots:terracotta_botany_pot":1,"neapolitan:banana_bunch":24,"minecraft:soul_lantern":4,"supplementaries:flax_seeds":29,"minecraft:dark_oak_fence":7,"furnitura:dark_oak_chair":1,"minecraft:oak_boat":1,"alexsmobs:leafcutter_ant_chamber":1,"minecraft:oak_trapdoor":3,"minecraft:cooked_salmon":3,"minecraft:netherrack":53,"minecraft:orange_bed":1,"minecraft:torch":110,"minecraft:anvil":2,"minecraft:golden_shovel":13,"farmersdelight:kelp_roll":6,"farmersdelight:oak_cabinet":2,"minecraft:sea_lantern":1,"minecraft:iron_axe":501,"minecraft:bamboo":1,"minecraft:basalt":79,"minecraft:beef":4,"minecraft:goat_horn":5,"ecologics:coconut_boat":1,"farmersdelight:cooking_pot":2,"tombstone:gift":8,"farmersdelight:tomato_seeds":11,"minecraft:cobbled_deepslate":25,"minecraft:orange_terracotta":2,"sophisticatedbackpacks:gold_backpack":1,"naturalist:bass":2,"minecraft:wheat_seeds":10,"farmersdelight:iron_knife":7,"minecraft:water_bucket":46,"minecraft:yellow_banner":6,"tombstone:scroll_of_reach":4,"minecraft:birch_planks":8,"minecraft:bundle":1,"farmersdelight:dark_oak_cabinet":21,"minecraft:cracked_stone_bricks":2,"minecraft:tnt":2,"minecraft:oak_slab":1,"minecraft:crafting_table":25,"supplementaries:bomb":1,"minecraft:white_bed":2,"minecraft:oak_log":4,"minecraft:diamond_pickaxe":549,"neapolitan:banana_stalk":15,"minecraft:iron_pickaxe":188,"quark:dark_oak_chest":71,"minecraft:cobblestone":12,"minecraft:cooked_porkchop":5,"minecraft:porkchop":3,"minecraft:sandstone_slab":1,"minecraft:moss_carpet":1,"minecraft:red_sand":33,"minecraft:iron_shovel":433,"minecraft:bone_block":11,"quark:jungle_ladder":10,"farmersdelight:stove":3,"minecraft:shield":117,"minecraft:iron_sword":567,"farmersdelight:melon_juice":1,"minecraft:iron_chestplate":2,"minecraft:jungle_planks":130,"minecraft:carrot":21,"minecraft:obsidian":1,"vanillaplustools:iron_shovel":158,"born_in_chaos_v1:corpse_maggot":3,"farmersdelight:tomato":9,"mowziesmobs:umvuthana_mask_faith":2,"minecraft:iron_helmet":1,"minecraft:item_frame":3,"farmersdelight:cutting_board":1,"minecraft:magma_block":1,"minecraft:beetroot_seeds":8,"minecraft:dark_oak_sapling":23,"minecraft:stone_pickaxe":76,"minecraft:oak_planks":27,"neapolitan:frond_thatch":33,"minecraft:black_bed":1,"luminousworld:creepberries":1,"sophisticatedbackpacks:backpack":1,"minecraft:dark_oak_log":2,"minecraft:melon_slice":14,"minecraft:bread":9,"minecraft:gravel":22,"tombstone:familiar_stone":2,"minecraft:cooked_rabbit":1,"minecraft:andesite":2,"minecraft:chain":2,"minecraft:bone_meal":462,"minecraft:azalea":2,"farmersdelight:kelp_roll_slice":14,"minecraft:jungle_leaves":4,"minecraft:flint_and_steel":7,"mowziesmobs:umvuthana_mask_misery":1,"minecraft:dried_kelp":10,"undead_revamp2:blacpetalblock":1,"quark:jungle_chest":6,"minecraft:wooden_shovel":8,"minecraft:oak_door":4,"minecraft:dirt":497,"minecraft:hopper":3,"minecraft:granite":3,"supplementaries:item_shelf":3,"farmersdelight:rope":84,"minecraft:iron_hoe":138,"minecraft:dark_oak_planks":432,"minecraft:wooden_axe":46,"alexsmobs:maggot":2,"minecraft:iron_boots":2,"alexsmobs:banana":1,"minecraft:cooked_beef":5,"minecraft:iron_leggings":2,"minecraft:brown_bed":1,"tombstone:scroll_of_knowledge":1,"botanypots:terracotta_hopper_botany_pot":12,"farmersdelight:skillet":1,"minecraft:baked_potato":71,"minecraft:jungle_wood":1,"neapolitan:banana":8,"neapolitan:dried_banana":36,"minecraft:dark_oak_door":2,"tombstone:bag_of_seeds":2,"minecraft:flower_pot":1,"waystones:mossy_waystone":6,"minecraft:jungle_stairs":9,"minecraft:stone_axe":111,"minecraft:white_banner":2,"minecraft:jungle_door":4,"minecraft:bucket":59,"alexsmobs:animal_dictionary":10,"minecraft:chainmail_leggings":1},"minecraft:custom":{"minecraft:interact_with_crafting_table":150,"minecraft:eat_cake_slice":4,"minecraft:leave_game":16,"minecraft:time_since_death":240739,"minecraft:damage_blocked_by_shield":2147483647,"minecraft:play_time":731067,"minecraft:deaths":14,"tombstone:tomb_raiding":1,"minecraft:jump":16007,"minecraft:interact_with_furnace":140,"minecraft:sleep_in_bed":18,"minecraft:damage_dealt":27607,"waystones:waystone_activated":8,"tombstone:undead_killed":40,"minecraft:inspect_dispenser":1,"minecraft:interact_with_anvil":4,"minecraft:sneak_time":58051,"minecraft:interact_with_blast_furnace":6,"minecraft:total_world_time":731067,"tombstone:raider_killed":23,"minecraft:time_since_rest":89724,"tombstone:cast_on_ally":4,"minecraft:swim_one_cm":207651,"minecraft:fly_one_cm":1957995,"minecraft:open_chest":236,"minecraft:fall_one_cm":214490,"lootr:looted_stat":66,"minecraft:animals_bred":13,"minecraft:sprint_one_cm":1828155,"minecraft:drop":113,"minecraft:talked_to_villager":2,"minecraft:walk_on_water_one_cm":137708,"minecraft:player_kills":2,"minecraft:crouch_one_cm":177537,"minecraft:mob_kills":152,"minecraft:damage_dealt_resisted":107,"minecraft:climb_one_cm":191401,"minecraft:walk_one_cm":1412397,"minecraft:walk_under_water_one_cm":119526,"minecraft:boat_one_cm":1059210,"minecraft:pot_flower":1,"minecraft:damage_absorbed":10,"minecraft:damage_taken":2147483647},"minecraft:picked_up":{"minecraft:chainmail_boots":1,"minecraft:flower_pot":14,"minecraft:anvil":1,"minecraft:prismarine_shard":4,"minecraft:lead":1,"farmersdelight:rice_panicle":4,"minecraft:brown_bed":1,"minecraft:string":6,"minecraft:dark_oak_trapdoor":1,"neapolitan:banana_bunch":13,"minecraft:beetroot":11,"minecraft:cobbled_deepslate":178,"minecraft:spruce_planks":16,"minecraft:melon_slice":45,"minecraft:coal_block":1,"minecraft:yellow_banner":6,"minecraft:orange_bed":1,"farmersdelight:onion":10,"farmersdelight:rope":28,"supplementaries:ash":1,"farmersdelight:melon_juice":3,"alexsmobs:flying_fish":4,"minecraft:birch_log":2,"minecraft:magma_block":2,"minecraft:water_bucket":8,"minecraft:feather":4,"farmersdelight:rice":43,"neapolitan:frond_thatch":1,"minecraft:jungle_log":29,"minecraft:dark_oak_boat":4,"minecraft:jungle_wood":65,"minecraft:flint":5,"farmersdelight:tomato":59,"supplementaries:cartographers_quill":1,"undead_revamp2:blacpetalblock":1,"minecraft:moss_block":5,"ecologics:prickly_pear":4,"luminousworld:creepberries":9,"iceandfire:shiny_scales":13,"minecraft:dark_oak_log":425,"minecraft:iron_hoe":1,"minecraft:granite":12,"minecraft:bread":13,"minecraft:chainmail_helmet":1,"iceandfire:gorgon_head":1,"alexsmobs:maggot":2,"minecraft:dark_oak_fence":5,"iceandfire:raw_silver":4,"luminousworld:groundpebbles_1":4,"sophisticatedbackpacks:gold_backpack":2,"minecraft:crafting_table":9,"minecraft:sandstone_slab":4,"minecraft:clay_ball":92,"ecologics:seashell":7,"quark:dark_oak_chest":5,"neapolitan:banana_frond":155,"minecraft:cracked_stone_bricks":1,"minecraft:beef":15,"minecraft:jungle_sapling":2,"minecraft:spruce_slab":11,"minecraft:sandstone":4,"minecraft:stone":1,"securitycraft:reinforced_cobblestone":51,"minecraft:oak_door":3,"sophisticatedbackpacks:backpack":1,"quark:jungle_chest":2,"farmersdelight:tomato_seeds":34,"minecraft:carrot":153,"minecraft:redstone":12,"minecraft:prismarine_crystals":15,"mowziesmobs:umvuthana_mask_faith":1,"quark:yellow_corundum":1,"neapolitan:banana_stalk":18,"minecraft:beetroot_seeds":44,"minecraft:glow_berries":10,"minecraft:rail":1,"minecraft:bone_block":33,"quark:white_corundum":1,"luminousworld:ishstone":22,"minecraft:filled_map":1,"minecraft:oak_log":39,"minecraft:paper":9,"minecraft:white_banner":3,"minecraft:apple":5,"minecraft:stone_bricks":3,"farmersdelight:cooking_pot":1,"minecraft:kelp":90,"tombstone:bag_of_seeds":1,"minecraft:iron_sword":5,"minecraft:flowering_azalea":1,"minecraft:dark_oak_stairs":12,"minecraft:dark_oak_slab":3,"minecraft:gravel":25,"tombstone:scroll_of_true_sight":1,"minecraft:stone_axe":1,"minecraft:melon_seeds":3,"minecraft:stripped_dark_oak_log":1,"botanypots:terracotta_botany_pot":1,"minecraft:hopper":3,"minecraft:wheat":47,"illagerinvasion:platinum_chunk":9,"minecraft:crimson_planks":10,"tombstone:grave_key":1,"born_in_chaos_v1:black_argillite":1,"minecraft:iron_leggings":2,"minecraft:tnt_minecart":1,"minecraft:red_sand":48,"alexsmobs:banana":4,"farmersdelight:cabbage":16,"minecraft:white_tulip":4,"minecraft:azalea":5,"minecraft:iron_pickaxe":1,"farmersdelight:cabbage_seeds":75,"alexsmobs:leafcutter_ant_chamber":2,"minecraft:furnace":5,"minecraft:stick":111,"minecraft:jungle_door":1,"farmersdelight:rotten_tomato":3,"minecraft:torch":29,"minecraft:porkchop":9,"minecraft:dried_kelp":7,"tombstone:grave_dust":7,"minecraft:diorite":3,"supplementaries:flax":53,"enemyexpansion:meathead_helmet":1,"minecraft:quartz_block":1,"minecraft:cactus":1,"minecraft:rotten_flesh":30,"ecologics:coconut_log":3,"luminousworld:tall_deadbush":2,"minecraft:obsidian":1,"undead_revamp2:arapholia":1,"minecraft:cobblestone":164,"farmersdelight:onion_crate":6,"minecraft:magma_cream":4,"minecraft:andesite":7,"minecraft:black_bed":1,"minecraft:potato":198,"minecraft:tuff":11,"supplementaries:flax_seeds":98,"minecraft:dirt":822,"minecraft:bone":9,"farmersdelight:iron_knife":4,"minecraft:bow":1,"minecraft:wheat_seeds":127,"minecraft:mossy_stone_bricks":5,"minecraft:bamboo":71,"minecraft:oak_planks":2,"minecraft:sand":462,"minecraft:jungle_planks":45,"minecraft:jungle_slab":2,"born_in_chaos_v1:fire_dust":2,"minecraft:diamond":6,"minecraft:soul_lantern":4,"minecraft:emerald":8,"minecraft:oak_sapling":24,"minecraft:netherrack":53,"quark:white_corundum_cluster":4,"minecraft:cocoa_beans":19,"born_in_chaos_v1:diamond_termite_shard":4,"minecraft:azure_bluet":3,"minecraft:brown_mushroom":1,"minecraft:wooden_pickaxe":2,"minecraft:cooked_rabbit":1,"minecraft:chain":2,"aether:leather_gloves":3,"minecraft:oak_trapdoor":3,"minecraft:moss_carpet":1,"minecraft:item_frame":2,"minecraft:blackstone":6,"minecraft:blue_orchid":4,"farmersdelight:straw":7,"minecraft:oak_boat":1,"minecraft:sugar_cane":6,"farmersdelight:kelp_roll_slice":25,"minecraft:dark_oak_sapling":19,"minecraft:raw_iron":4,"ecologics:coconut_slice":7,"minecraft:copper_ingot":9,"minecraft:bowl":13,"minecraft:purple_terracotta":3,"minecraft:dark_oak_planks":8,"minecraft:arrow":5,"minecraft:jungle_stairs":3,"born_in_chaos_v1:corpse_maggot":5,"farmersdelight:rich_soil":10,"minecraft:basalt":81,"minecraft:salmon":3,"minecraft:leather":17,"tombstone:voodoo_poppet":1,"minecraft:orange_terracotta":2,"naturalist:bass":2,"farmersdelight:dark_oak_cabinet":6,"mowziesmobs:umvuthana_mask_misery":3,"minecraft:oak_slab":1,"minecraft:chiseled_stone_bricks":2,"minecraft:stone_brick_slab":6,"iceandfire:ash":1,"minecraft:quartz":28,"minecraft:dandelion":1,"waystones:mossy_waystone":6,"luminousworld:sunset_petunias":2,"minecraft:blast_furnace":1,"minecraft:white_bed":1,"minecraft:spider_eye":1,"mowziesmobs:naga_fang":1,"alexsmobs:raw_catfish":5,"minecraft:pumpkin_seeds":1,"minecraft:chainmail_leggings":1,"minecraft:terracotta":81,"tombstone:magic_scroll":1,"farmersdelight:stove":1,"minecraft:coal":43}},"DataVersion":3465}