{"stats":{"minecraft:crafted":{"minecraft:oak_planks":132,"minecraft:dark_oak_boat":3,"botanypots:terracotta_hopper_botany_pot":11,"securitycraft:keypad_item":1,"minecraft:heavy_weighted_pressure_plate":1,"minecraft:iron_bars":16,"minecraft:dark_oak_door":3,"minecraft:hopper":11,"securitycraft:laser_block":1,"minecraft:quartz_block":10,"minecraft:glass":8,"minecraft:melon_seeds":1,"tombstone:grave_key":1,"minecraft:jungle_stairs":8,"minecraft:bricks":8,"farmersdelight:kelp_roll":18,"minecraft:sea_lantern":1,"farmersdelight:stove":2,"minecraft:oak_slab":24,"minecraft:wooden_shovel":1,"minecraft:cooked_porkchop":5,"minecraft:crafting_table":21,"farmersdelight:iron_knife":3,"minecraft:jungle_boat":3,"securitycraft:reinforced_stone_button":17,"minecraft:wooden_pickaxe":1,"minecraft:baked_potato":88,"minecraft:birch_planks":8,"minecraft:campfire":2,"farmersdelight:skillet":1,"farmersdelight:cutting_board":1,"minecraft:dark_oak_slab":240,"minecraft:string":37,"minecraft:shield":3,"minecraft:stick":106,"minecraft:iron_ingot":129,"minecraft:iron_pickaxe":1,"minecraft:iron_block":3,"securitycraft:sc_manual":1,"securitycraft:universal_block_reinforcer_lvl1":1,"minecraft:oak_door":3,"ecologics:coconut_planks":12,"vanillaplustools:iron_shovel":1,"quark:jungle_chest":4,"minecraft:furnace":5,"minecraft:dark_oak_trapdoor":30,"furnitura:dark_oak_chair":1,"minecraft:bone_meal":540,"neapolitan:frond_thatch":32,"neapolitan:dried_banana":34,"minecraft:oak_trapdoor":6,"minecraft:glass_pane":16,"minecraft:flint_and_steel":1,"quark:jungle_ladder":12,"quark:dark_oak_chest":2,"minecraft:iron_axe":4,"minecraft:iron_hoe":3,"minecraft:stone_pickaxe":1,"farmersdelight:rice":66,"minecraft:redstone_block":1,"minecraft:dark_oak_planks":580,"alexsmobs:flying_fish_boots":1,"ecologics:coconut_boat":1,"minecraft:cooked_beef":5,"supplementaries:item_shelf":4,"minecraft:dark_oak_stairs":4,"minecraft:dried_kelp":99,"minecraft:iron_sword":1,"minecraft:bowl":24,"minecraft:cooked_salmon":1,"minecraft:bucket":14,"minecraft:stone_axe":1,"farmersdelight:dark_oak_cabinet":15,"minecraft:air":0,"minecraft:jungle_planks":332,"securitycraft:reinforced_stone":16,"minecraft:jungle_door":3,"minecraft:white_wool":6,"minecraft:wooden_axe":1,"minecraft:iron_shovel":10,"minecraft:iron_leggings":2,"botanypots:terracotta_botany_pot":11,"minecraft:anvil":1,"minecraft:white_bed":2,"minecraft:torch":76,"farmersdelight:oak_cabinet":2,"minecraft:brick":36},"minecraft:killed_by":{"mowziesmobs:naga":1,"minecraft:creeper":1,"alexsmobs:emu":2,"iceandfire:fire_dragon":1,"undead_revamp2:theimmortal":1,"born_in_chaos_v1:bone_imp":1,"iceandfire:gorgon":1,"undead_revamp2:therod":2,"undead_revamp2:thebeartamer":1},"minecraft:killed":{"alexsmobs:lobster":1,"iceandfire:gorgon":1,"minecraft:spider":1,"creeperoverhaul:bamboo_creeper":1,"minecraft:skeleton":4,"alexsmobs:leafcutter_ant":1,"alexsmobs:straddler":2,"undead_revamp2:therod":8,"minecraft:magma_cube":25,"minecraft:piglin":2,"minecraft:pig":4,"born_in_chaos_v1:diamond_termite":3,"born_in_chaos_v1:bone_imp":3,"minecraft:salmon":3,"minecraft:pillager":12,"enemyexpansion:meature":1,"minecraft:zombie":5,"born_in_chaos_v1:dread_hound":1,"alexsmobs:terrapin":1,"alexsmobs:toucan":1,"born_in_chaos_v1:corpse_fly":2,"alexsmobs:fly":2,"takesapillage:archer":1,"minecraft:cow":8,"mowziesmobs:naga":1,"undead_revamp2:bomber":1,"enemyexpansion:direwolf":2,"born_in_chaos_v1:maggot":3,"naturalist:coral_snake":1,"iceandfire:siren":3,"naturalist:bass":2,"undead_revamp2:sucker":6,"luminousworld:savannah_zombie":2,"alexsmobs:flying_fish":3,"iceandfire:hippocampus":2,"mowziesmobs:baby_foliaath":4,"minecraft:husk":3,"born_in_chaos_v1:baby_skeleton":1,"quark:foxhound":5,"undead_revamp2:the_moonflower":1,"enemyexpansion:sprinter":2,"alexsmobs:catfish":2,"undead_revamp2:thesomnolence":1,"enemyexpansion:huntsman":1},"minecraft:broken":{"minecraft:iron_shovel":1,"minecraft:iron_chestplate":1,"minecraft:iron_leggings":1,"enemyexpansion:meathead_helmet":1,"minecraft:iron_sword":2,"minecraft:wooden_axe":1,"alexsmobs:flying_fish_boots":1,"minecraft:shield":1,"minecraft:iron_axe":2,"minecraft:iron_helmet":1},"minecraft:dropped":{"minecraft:iron_sword":1,"ecologics:coconut_slice":3,"minecraft:sandstone_slab":3,"minecraft:leather":3,"minecraft:saddle":1,"minecraft:jungle_planks":62,"minecraft:dirt":4,"farmersdelight:rice":11,"tombstone:bag_of_seeds":2,"alexsmobs:flying_fish":2,"iceandfire:ash":1,"minecraft:white_tulip":1,"minecraft:oak_door":2,"minecraft:stone_axe":1,"farmersdelight:kelp_roll":1,"minecraft:rotten_flesh":1,"aether:leather_gloves":5,"minecraft:white_bed":1,"minecraft:leather_chestplate":1,"supplementaries:flax_seeds":2,"minecraft:beetroot_seeds":8,"minecraft:leather_boots":3,"minecraft:azalea":1,"neapolitan:banana_frond":8,"neapolitan:banana_stalk":1,"alexsmobs:banana":1,"minecraft:wheat_seeds":6,"minecraft:cobblestone":1,"luminousworld:creepberries":17,"vanillaplustools:iron_shovel":1,"minecraft:stick":68,"tombstone:magic_scroll":1,"tombstone:grave_key":2,"minecraft:dried_kelp":9,"minecraft:string":4,"tombstone:voodoo_poppet":1,"neapolitan:chocolate_spider_eye":1,"farmersdelight:rotten_tomato":2,"minecraft:kelp":3,"minecraft:cocoa_beans":12,"farmersdelight:kelp_roll_slice":8,"quark:dark_oak_chest":2,"farmersdelight:cabbage_seeds":3,"minecraft:iron_hoe":1,"minecraft:shield":1,"mowziesmobs:umvuthana_mask_misery":2,"minecraft:wooden_shovel":1,"minecraft:red_sand":5,"minecraft:wooden_pickaxe":4},"minecraft:mined":{"minecraft:dark_oak_planks":16,"minecraft:white_bed":1,"minecraft:attached_melon_stem":1,"farmersdelight:rich_soil":10,"minecraft:farmland":4,"sophisticatedbackpacks:gold_backpack":1,"alexsmobs:leafcutter_anthill":1,"minecraft:jungle_leaves":214,"minecraft:potted_blue_orchid":3,"minecraft:potted_cactus":1,"minecraft:obsidian":1,"minecraft:granite":4,"minecraft:red_sand":43,"minecraft:grass_block":432,"minecraft:jungle_log":20,"farmersdelight:budding_tomatoes":7,"minecraft:hopper":3,"minecraft:sandstone_stairs":1,"luminousworld:savanna_grass_2":2,"ecologics:prickly_pear":2,"minecraft:spawner":1,"minecraft:tall_seagrass":14,"minecraft:magma_block":2,"minecraft:dark_oak_trapdoor":1,"farmersdelight:wild_rice":19,"minecraft:iron_ore":2,"minecraft:cobbled_deepslate":5,"minecraft:fire":2,"minecraft:moss_carpet":2,"minecraft:anvil":1,"minecraft:brown_bed":1,"minecraft:potted_dandelion":1,"minecraft:cave_vines":1,"minecraft:dirt_path":2,"minecraft:azalea":6,"minecraft:water":4,"minecraft:orange_bed":1,"luminousworld:creepbush":5,"minecraft:sandstone_slab":4,"minecraft:brown_mushroom":2,"minecraft:quartz_block":1,"minecraft:blackstone":6,"botanypots:terracotta_botany_pot":1,"minecraft:kelp_plant":41,"luminousworld:tall_deadbush":2,"minecraft:melon_stem":3,"minecraft:soul_lantern":4,"minecraft:torch":1,"minecraft:clay":9,"minecraft:jungle_stairs":1,"minecraft:blast_furnace":1,"minecraft:melon":5,"minecraft:dead_bush":4,"supplementaries:wild_flax":3,"farmersdelight:cabbages":21,"minecraft:nether_quartz_ore":28,"minecraft:cobblestone":15,"minecraft:sugar_cane":2,"minecraft:wall_torch":10,"minecraft:seagrass":6,"minecraft:chain":2,"minecraft:dark_oak_slab":3,"minecraft:jungle_wood":67,"ecologics:seashell":7,"neapolitan:small_banana_frond":20,"minecraft:birch_log":2,"minecraft:wheat":12,"minecraft:pumpkin_stem":4,"minecraft:black_bed":1,"minecraft:potted_poppy":1,"minecraft:grass":76,"minecraft:oak_log":39,"minecraft:beetroots":13,"minecraft:dark_oak_sapling":2,"minecraft:sand":491,"minecraft:dirt":432,"minecraft:sandstone_wall":1,"luminousworld:grassvariant_3":3,"minecraft:netherrack":57,"minecraft:oak_leaves":180,"minecraft:deepslate":173,"minecraft:tuff":11,"iceandfire:silver_ore":4,"luminousworld:grassvariant_4":2,"minecraft:dark_oak_leaves":1,"minecraft:deepslate_diamond_ore":6,"minecraft:dark_oak_log":75,"minecraft:sea_lantern":2,"born_in_chaos_v1:infected_diamond_ore":3,"minecraft:dark_oak_fence":4,"minecraft:jungle_planks":32,"born_in_chaos_v1:black_argillite":1,"alexsmobs:leafcutter_ant_chamber":2,"luminousworld:grassvariant_2":1,"quark:jungle_chest":3,"farmersdelight:tomatoes":9,"ecologics:coconut_log":3,"minecraft:moss_block":7,"minecraft:kelp":8,"minecraft:sandstone":4,"placeablesmod:bowl_block_1":2,"luminousworld:sunset_petunias":2,"minecraft:oak_trapdoor":3,"neapolitan:banana_bundle":4,"minecraft:furnace":5,"minecraft:carrots":15,"minecraft:jungle_sapling":1,"supplementaries:flax":19,"minecraft:chiseled_sandstone":4,"minecraft:andesite":7,"neapolitan:banana_stalk":18,"minecraft:potatoes":38,"farmersdelight:rope":29,"minecraft:deepslate_iron_ore":2,"neapolitan:banana_frond":12,"minecraft:vine":13,"minecraft:rail":1,"farmersdelight:dark_oak_cabinet":6,"minecraft:bamboo":13,"minecraft:stone":145,"minecraft:bone_block":37,"sophisticatedbackpacks:backpack":1,"farmersdelight:cooking_pot":1,"minecraft:flowering_azalea":2,"quark:dark_oak_chest":5,"minecraft:stripped_dark_oak_log":1,"minecraft:basalt":80,"minecraft:stone_brick_slab":1,"neapolitan:frond_thatch":1,"minecraft:dandelion":1,"minecraft:crafting_table":9,"farmersdelight:onion_crate":6,"minecraft:tall_grass":6,"minecraft:diorite":4,"supplementaries:urn":1,"farmersdelight:wild_beetroots":1,"minecraft:birch_planks":1,"minecraft:potted_azure_bluet":5,"minecraft:coal_ore":26,"luminousworld:ishstone":17,"minecraft:cocoa":1,"minecraft:flower_pot":1,"minecraft:gravel":33,"farmersdelight:stove":1,"minecraft:cobweb":6,"neapolitan:large_banana_frond":14,"minecraft:terracotta":57,"minecraft:potted_white_tulip":2,"minecraft:stone_bricks":1,"minecraft:fern":17},"minecraft:used":{"minecraft:moss_carpet":1,"minecraft:beetroot":5,"minecraft:moss_block":9,"farmersdelight:onion_crate":9,"minecraft:red_sand":33,"minecraft:iron_shovel":433,"farmersdelight:stove":3,"minecraft:bone_block":11,"farmersdelight:cabbage_seeds":17,"quark:jungle_ladder":10,"minecraft:stone":1,"minecraft:shield":115,"farmersdelight:cabbage":1,"minecraft:iron_sword":519,"ecologics:coconut_planks":3,"farmersdelight:melon_juice":1,"minecraft:rotten_flesh":1,"minecraft:iron_chestplate":2,"securitycraft:keypad_item":1,"enemyexpansion:meathead_helmet":1,"minecraft:jungle_planks":129,"minecraft:carrot":21,"minecraft:obsidian":1,"vanillaplustools:iron_shovel":158,"minecraft:jungle_sapling":3,"born_in_chaos_v1:corpse_maggot":3,"minecraft:lava_bucket":10,"farmersdelight:tomato":9,"mowziesmobs:umvuthana_mask_faith":2,"minecraft:quartz_block":11,"minecraft:iron_helmet":1,"minecraft:dark_oak_slab":85,"minecraft:stone_brick_stairs":1,"minecraft:item_frame":3,"supplementaries:bomb_blue":1,"farmersdelight:cutting_board":1,"minecraft:magma_block":1,"minecraft:dark_oak_boat":5,"minecraft:furnace":9,"minecraft:beetroot_seeds":8,"minecraft:potato":63,"minecraft:dark_oak_sapling":23,"mowziesmobs:foliaath_seed":13,"minecraft:diorite":2,"minecraft:leather_leggings":1,"minecraft:stone_pickaxe":76,"minecraft:oak_planks":27,"alexsmobs:flying_fish_boots":1,"minecraft:wooden_pickaxe":4,"tombstone:scroll_of_true_sight":2,"minecraft:jungle_boat":3,"minecraft:dark_oak_trapdoor":1,"minecraft:glow_berries":20,"neapolitan:frond_thatch":33,"minecraft:golden_apple":2,"minecraft:sand":19,"minecraft:blast_furnace":1,"farmersdelight:rice":8,"minecraft:black_bed":1,"minecraft:pumpkin_seeds":1,"botanypots:terracotta_botany_pot":1,"luminousworld:creepberries":1,"sophisticatedbackpacks:backpack":1,"neapolitan:banana_bunch":24,"minecraft:dark_oak_log":2,"minecraft:bread":9,"minecraft:melon_slice":14,"minecraft:gravel":22,"minecraft:soul_lantern":4,"supplementaries:flax_seeds":29,"tombstone:familiar_stone":2,"minecraft:dark_oak_fence":6,"minecraft:chain":2,"minecraft:cooked_rabbit":1,"minecraft:andesite":2,"minecraft:oak_boat":1,"furnitura:dark_oak_chair":1,"alexsmobs:leafcutter_ant_chamber":1,"minecraft:bone_meal":444,"minecraft:azalea":2,"minecraft:oak_trapdoor":3,"farmersdelight:kelp_roll_slice":14,"minecraft:jungle_leaves":4,"mowziesmobs:umvuthana_mask_misery":1,"minecraft:flint_and_steel":3,"undead_revamp2:blacpetalblock":1,"minecraft:dried_kelp":10,"quark:jungle_chest":6,"minecraft:wooden_shovel":8,"minecraft:cooked_salmon":3,"minecraft:netherrack":53,"minecraft:oak_door":4,"minecraft:orange_bed":1,"minecraft:torch":102,"minecraft:dirt":495,"minecraft:anvil":2,"minecraft:hopper":3,"minecraft:golden_shovel":13,"farmersdelight:kelp_roll":3,"supplementaries:item_shelf":3,"minecraft:granite":3,"farmersdelight:rope":84,"farmersdelight:oak_cabinet":2,"minecraft:wooden_axe":46,"minecraft:dark_oak_planks":413,"minecraft:iron_hoe":138,"alexsmobs:maggot":2,"minecraft:sea_lantern":1,"minecraft:iron_axe":462,"minecraft:iron_boots":1,"minecraft:bamboo":1,"minecraft:basalt":79,"minecraft:beef":4,"ecologics:coconut_boat":1,"minecraft:goat_horn":5,"farmersdelight:cooking_pot":2,"tombstone:gift":8,"alexsmobs:banana":1,"minecraft:cooked_beef":5,"farmersdelight:tomato_seeds":11,"minecraft:cobbled_deepslate":25,"minecraft:orange_terracotta":2,"minecraft:iron_leggings":2,"minecraft:brown_bed":1,"sophisticatedbackpacks:gold_backpack":1,"naturalist:bass":2,"minecraft:wheat_seeds":10,"farmersdelight:iron_knife":7,"tombstone:scroll_of_knowledge":1,"minecraft:water_bucket":46,"farmersdelight:skillet":1,"botanypots:terracotta_hopper_botany_pot":11,"tombstone:scroll_of_reach":3,"minecraft:birch_planks":8,"minecraft:bundle":1,"minecraft:baked_potato":56,"farmersdelight:dark_oak_cabinet":21,"minecraft:cracked_stone_bricks":2,"minecraft:jungle_wood":1,"minecraft:oak_slab":1,"minecraft:crafting_table":25,"supplementaries:bomb":1,"neapolitan:banana":8,"minecraft:white_bed":2,"neapolitan:dried_banana":36,"minecraft:dark_oak_door":2,"minecraft:oak_log":4,"tombstone:bag_of_seeds":2,"minecraft:flower_pot":1,"minecraft:diamond_pickaxe":518,"neapolitan:banana_stalk":15,"minecraft:iron_pickaxe":188,"waystones:mossy_waystone":6,"minecraft:jungle_stairs":9,"minecraft:stone_axe":111,"quark:dark_oak_chest":71,"minecraft:cobblestone":12,"minecraft:sandstone_slab":1,"minecraft:porkchop":3,"minecraft:white_banner":2,"minecraft:cooked_porkchop":5,"minecraft:jungle_door":4,"minecraft:bucket":59,"alexsmobs:animal_dictionary":5,"minecraft:chainmail_leggings":1},"minecraft:custom":{"lootr:looted_stat":50,"minecraft:animals_bred":10,"minecraft:interact_with_crafting_table":150,"minecraft:eat_cake_slice":4,"minecraft:leave_game":16,"minecraft:time_since_death":174739,"minecraft:sprint_one_cm":1632197,"minecraft:damage_blocked_by_shield":2147483647,"minecraft:drop":91,"minecraft:play_time":665067,"minecraft:deaths":14,"tombstone:tomb_raiding":1,"minecraft:jump":15046,"minecraft:walk_on_water_one_cm":134281,"minecraft:interact_with_furnace":139,"minecraft:sleep_in_bed":18,"minecraft:damage_dealt":24280,"minecraft:player_kills":2,"minecraft:crouch_one_cm":166757,"waystones:waystone_activated":8,"tombstone:undead_killed":39,"minecraft:interact_with_anvil":4,"minecraft:mob_kills":140,"minecraft:damage_dealt_resisted":107,"minecraft:climb_one_cm":165864,"minecraft:walk_one_cm":1297657,"minecraft:sneak_time":54511,"minecraft:walk_under_water_one_cm":117327,"minecraft:boat_one_cm":672470,"minecraft:interact_with_blast_furnace":5,"minecraft:total_world_time":665067,"tombstone:raider_killed":13,"minecraft:pot_flower":1,"minecraft:time_since_rest":23724,"minecraft:damage_taken":2147483647,"minecraft:damage_absorbed":10,"tombstone:cast_on_ally":4,"minecraft:swim_one_cm":206088,"minecraft:fly_one_cm":1770299,"minecraft:open_chest":236,"minecraft:fall_one_cm":188145},"minecraft:picked_up":{"minecraft:wheat":47,"illagerinvasion:platinum_chunk":8,"minecraft:chainmail_boots":1,"minecraft:anvil":1,"minecraft:flower_pot":14,"minecraft:prismarine_shard":4,"farmersdelight:rice_panicle":4,"minecraft:brown_bed":1,"tombstone:grave_key":1,"born_in_chaos_v1:black_argillite":1,"minecraft:string":6,"minecraft:dark_oak_trapdoor":1,"minecraft:iron_leggings":2,"neapolitan:banana_bunch":13,"minecraft:beetroot":11,"minecraft:red_sand":48,"minecraft:tnt_minecart":1,"alexsmobs:banana":2,"minecraft:cobbled_deepslate":178,"farmersdelight:cabbage":16,"minecraft:spruce_planks":1,"minecraft:white_tulip":4,"minecraft:azalea":4,"minecraft:iron_pickaxe":1,"minecraft:melon_slice":45,"farmersdelight:cabbage_seeds":75,"alexsmobs:leafcutter_ant_chamber":2,"minecraft:furnace":5,"minecraft:stick":104,"minecraft:jungle_door":1,"farmersdelight:rotten_tomato":3,"minecraft:torch":28,"minecraft:porkchop":9,"tombstone:grave_dust":7,"minecraft:diorite":3,"supplementaries:flax":53,"enemyexpansion:meathead_helmet":1,"minecraft:quartz_block":1,"minecraft:orange_bed":1,"minecraft:cactus":1,"minecraft:rotten_flesh":30,"farmersdelight:onion":10,"ecologics:coconut_log":3,"farmersdelight:rope":28,"luminousworld:tall_deadbush":2,"supplementaries:ash":1,"minecraft:obsidian":1,"farmersdelight:melon_juice":3,"undead_revamp2:arapholia":1,"alexsmobs:flying_fish":4,"minecraft:cobblestone":160,"minecraft:birch_log":2,"farmersdelight:onion_crate":6,"minecraft:magma_block":2,"minecraft:feather":4,"farmersdelight:rice":43,"minecraft:jungle_log":29,"minecraft:magma_cream":4,"neapolitan:frond_thatch":1,"minecraft:water_bucket":8,"minecraft:andesite":7,"minecraft:black_bed":1,"minecraft:dark_oak_boat":2,"minecraft:jungle_wood":65,"minecraft:potato":198,"minecraft:flint":5,"minecraft:tuff":11,"supplementaries:flax_seeds":98,"farmersdelight:tomato":59,"minecraft:dirt":805,"minecraft:bone":9,"supplementaries:cartographers_quill":1,"farmersdelight:iron_knife":4,"undead_revamp2:blacpetalblock":1,"minecraft:bow":1,"minecraft:wheat_seeds":121,"minecraft:mossy_stone_bricks":5,"minecraft:bamboo":71,"minecraft:moss_block":5,"ecologics:prickly_pear":4,"luminousworld:creepberries":6,"iceandfire:shiny_scales":13,"minecraft:jungle_planks":32,"minecraft:sand":462,"minecraft:dark_oak_log":425,"minecraft:iron_hoe":1,"born_in_chaos_v1:fire_dust":2,"minecraft:diamond":6,"minecraft:soul_lantern":4,"minecraft:granite":11,"minecraft:emerald":7,"minecraft:chainmail_helmet":1,"minecraft:bread":11,"alexsmobs:maggot":2,"iceandfire:gorgon_head":1,"minecraft:dark_oak_fence":4,"minecraft:oak_sapling":23,"minecraft:netherrack":53,"iceandfire:raw_silver":4,"sophisticatedbackpacks:gold_backpack":2,"luminousworld:groundpebbles_1":2,"minecraft:cocoa_beans":12,"born_in_chaos_v1:diamond_termite_shard":4,"minecraft:crafting_table":9,"quark:white_corundum_cluster":4,"minecraft:azure_bluet":3,"minecraft:sandstone_slab":4,"minecraft:clay_ball":92,"minecraft:brown_mushroom":1,"ecologics:seashell":7,"minecraft:wooden_pickaxe":2,"minecraft:cooked_rabbit":1,"minecraft:chain":2,"quark:dark_oak_chest":5,"aether:leather_gloves":3,"minecraft:moss_carpet":1,"minecraft:oak_trapdoor":3,"neapolitan:banana_frond":155,"minecraft:item_frame":2,"minecraft:blackstone":6,"minecraft:blue_orchid":4,"minecraft:cracked_stone_bricks":1,"minecraft:oak_boat":1,"minecraft:beef":15,"farmersdelight:straw":7,"minecraft:jungle_sapling":2,"minecraft:sugar_cane":6,"farmersdelight:kelp_roll_slice":25,"minecraft:dark_oak_sapling":19,"minecraft:raw_iron":4,"minecraft:sandstone":4,"minecraft:stone":1,"securitycraft:reinforced_cobblestone":51,"minecraft:oak_door":3,"ecologics:coconut_slice":7,"minecraft:copper_ingot":9,"minecraft:bowl":13,"quark:jungle_chest":2,"sophisticatedbackpacks:backpack":1,"farmersdelight:tomato_seeds":34,"minecraft:carrot":153,"minecraft:redstone":12,"minecraft:prismarine_crystals":15,"minecraft:dark_oak_planks":8,"mowziesmobs:umvuthana_mask_faith":1,"neapolitan:banana_stalk":18,"minecraft:arrow":5,"minecraft:beetroot_seeds":44,"minecraft:jungle_stairs":1,"minecraft:glow_berries":10,"minecraft:bone_block":33,"minecraft:rail":1,"born_in_chaos_v1:corpse_maggot":5,"farmersdelight:rich_soil":10,"minecraft:basalt":81,"quark:white_corundum":1,"minecraft:salmon":3,"luminousworld:ishstone":22,"minecraft:leather":17,"minecraft:filled_map":1,"minecraft:oak_log":38,"tombstone:voodoo_poppet":1,"minecraft:paper":9,"minecraft:white_banner":3,"minecraft:orange_terracotta":2,"naturalist:bass":2,"minecraft:apple":4,"minecraft:stone_bricks":3,"farmersdelight:cooking_pot":1,"minecraft:kelp":90,"tombstone:bag_of_seeds":1,"farmersdelight:dark_oak_cabinet":6,"minecraft:flowering_azalea":1,"minecraft:iron_sword":5,"mowziesmobs:umvuthana_mask_misery":3,"minecraft:oak_slab":1,"minecraft:dark_oak_slab":3,"minecraft:chiseled_stone_bricks":2,"minecraft:stone_brick_slab":6,"iceandfire:ash":1,"minecraft:quartz":28,"minecraft:dandelion":1,"waystones:mossy_waystone":6,"luminousworld:sunset_petunias":2,"minecraft:gravel":25,"minecraft:blast_furnace":1,"minecraft:white_bed":1,"minecraft:spider_eye":1,"mowziesmobs:naga_fang":1,"tombstone:scroll_of_true_sight":1,"minecraft:pumpkin_seeds":1,"alexsmobs:raw_catfish":5,"minecraft:stone_axe":1,"minecraft:chainmail_leggings":1,"minecraft:terracotta":57,"tombstone:magic_scroll":1,"minecraft:melon_seeds":3,"minecraft:stripped_dark_oak_log":1,"farmersdelight:stove":1,"minecraft:hopper":3,"minecraft:coal":43,"botanypots:terracotta_botany_pot":1}},"DataVersion":3465}