{"stats":{"minecraft:crafted":{"minecraft:oak_planks":132,"minecraft:dark_oak_boat":1,"securitycraft:keypad_item":1,"minecraft:heavy_weighted_pressure_plate":1,"minecraft:iron_bars":16,"minecraft:quartz_block":7,"securitycraft:laser_block":1,"minecraft:glass":8,"tombstone:grave_key":1,"minecraft:jungle_stairs":8,"minecraft:cooked_porkchop":5,"minecraft:crafting_table":18,"farmersdelight:iron_knife":1,"minecraft:jungle_boat":3,"securitycraft:reinforced_stone_button":17,"minecraft:wooden_pickaxe":1,"minecraft:baked_potato":53,"minecraft:birch_planks":8,"minecraft:string":37,"minecraft:shield":3,"minecraft:stick":94,"minecraft:iron_ingot":103,"minecraft:iron_pickaxe":1,"minecraft:iron_block":3,"securitycraft:sc_manual":1,"securitycraft:universal_block_reinforcer_lvl1":1,"minecraft:oak_door":3,"ecologics:coconut_planks":12,"vanillaplustools:iron_shovel":1,"quark:jungle_chest":4,"minecraft:furnace":5,"minecraft:bone_meal":405,"neapolitan:frond_thatch":32,"neapolitan:dried_banana":34,"minecraft:glass_pane":16,"minecraft:flint_and_steel":1,"quark:jungle_ladder":12,"minecraft:iron_axe":1,"minecraft:iron_hoe":3,"minecraft:stone_pickaxe":1,"minecraft:redstone_block":1,"minecraft:dark_oak_planks":192,"alexsmobs:flying_fish_boots":1,"ecologics:coconut_boat":1,"minecraft:cooked_beef":5,"minecraft:dried_kelp":99,"minecraft:iron_sword":1,"minecraft:cooked_salmon":1,"minecraft:bucket":14,"minecraft:stone_axe":1,"minecraft:air":0,"minecraft:jungle_planks":332,"securitycraft:reinforced_stone":16,"minecraft:jungle_door":3,"minecraft:white_wool":6,"minecraft:wooden_axe":1,"minecraft:iron_shovel":10,"minecraft:iron_leggings":2,"minecraft:anvil":1,"minecraft:white_bed":2,"minecraft:torch":76},"minecraft:killed_by":{"mowziesmobs:naga":1,"minecraft:creeper":1,"alexsmobs:emu":2,"iceandfire:fire_dragon":1,"undead_revamp2:theimmortal":1,"born_in_chaos_v1:bone_imp":1,"iceandfire:gorgon":1,"undead_revamp2:therod":2,"undead_revamp2:thebeartamer":1},"minecraft:killed":{"alexsmobs:lobster":1,"iceandfire:gorgon":1,"minecraft:spider":1,"creeperoverhaul:bamboo_creeper":1,"minecraft:skeleton":4,"alexsmobs:leafcutter_ant":1,"alexsmobs:straddler":2,"undead_revamp2:therod":8,"minecraft:magma_cube":25,"minecraft:piglin":2,"minecraft:pig":4,"born_in_chaos_v1:diamond_termite":3,"born_in_chaos_v1:bone_imp":3,"minecraft:salmon":3,"minecraft:pillager":11,"enemyexpansion:meature":1,"minecraft:zombie":5,"born_in_chaos_v1:dread_hound":1,"alexsmobs:terrapin":1,"alexsmobs:toucan":1,"born_in_chaos_v1:corpse_fly":2,"alexsmobs:fly":2,"minecraft:cow":8,"mowziesmobs:naga":1,"undead_revamp2:bomber":1,"enemyexpansion:direwolf":2,"born_in_chaos_v1:maggot":3,"naturalist:coral_snake":1,"iceandfire:siren":3,"naturalist:bass":2,"undead_revamp2:sucker":5,"luminousworld:savannah_zombie":2,"alexsmobs:flying_fish":3,"iceandfire:hippocampus":2,"mowziesmobs:baby_foliaath":1,"minecraft:husk":3,"born_in_chaos_v1:baby_skeleton":1,"quark:foxhound":5,"undead_revamp2:the_moonflower":1,"enemyexpansion:sprinter":2,"undead_revamp2:thesomnolence":1,"enemyexpansion:huntsman":1},"minecraft:broken":{"minecraft:iron_shovel":1,"minecraft:iron_chestplate":1,"minecraft:iron_leggings":1,"enemyexpansion:meathead_helmet":1,"minecraft:iron_sword":2,"minecraft:wooden_axe":1,"alexsmobs:flying_fish_boots":1,"minecraft:shield":1,"minecraft:iron_axe":1},"minecraft:dropped":{"minecraft:iron_sword":1,"ecologics:coconut_slice":3,"minecraft:leather":3,"minecraft:jungle_planks":62,"farmersdelight:rice":11,"tombstone:bag_of_seeds":2,"alexsmobs:flying_fish":2,"iceandfire:ash":1,"minecraft:oak_door":2,"minecraft:stone_axe":1,"minecraft:rotten_flesh":1,"aether:leather_gloves":5,"minecraft:white_bed":1,"minecraft:leather_chestplate":1,"supplementaries:flax_seeds":1,"minecraft:beetroot_seeds":8,"minecraft:leather_boots":3,"neapolitan:banana_frond":3,"minecraft:wheat_seeds":6,"minecraft:cobblestone":1,"luminousworld:creepberries":17,"minecraft:stick":68,"tombstone:magic_scroll":1,"tombstone:grave_key":2,"minecraft:dried_kelp":9,"minecraft:string":4,"neapolitan:chocolate_spider_eye":1,"farmersdelight:rotten_tomato":1,"minecraft:kelp":3,"minecraft:cocoa_beans":12,"farmersdelight:cabbage_seeds":3,"minecraft:iron_hoe":1,"minecraft:shield":1,"mowziesmobs:umvuthana_mask_misery":2,"minecraft:red_sand":5,"minecraft:wooden_pickaxe":3},"minecraft:mined":{"minecraft:dark_oak_planks":4,"minecraft:farmland":3,"sophisticatedbackpacks:gold_backpack":1,"alexsmobs:leafcutter_anthill":1,"minecraft:jungle_leaves":195,"minecraft:granite":4,"minecraft:red_sand":43,"minecraft:grass_block":432,"minecraft:jungle_log":20,"farmersdelight:budding_tomatoes":7,"minecraft:spawner":1,"luminousworld:savanna_grass_2":2,"minecraft:tall_seagrass":14,"minecraft:magma_block":2,"farmersdelight:wild_rice":19,"minecraft:iron_ore":2,"minecraft:cobbled_deepslate":5,"minecraft:fire":2,"minecraft:cave_vines":1,"minecraft:water":4,"luminousworld:creepbush":5,"minecraft:brown_mushroom":2,"minecraft:blackstone":6,"luminousworld:tall_deadbush":2,"minecraft:kelp_plant":41,"minecraft:jungle_stairs":1,"minecraft:blast_furnace":1,"minecraft:melon":4,"minecraft:dead_bush":4,"supplementaries:wild_flax":3,"farmersdelight:cabbages":6,"minecraft:nether_quartz_ore":28,"minecraft:cobblestone":15,"minecraft:sugar_cane":2,"minecraft:wall_torch":5,"minecraft:seagrass":6,"minecraft:jungle_wood":59,"ecologics:seashell":7,"neapolitan:small_banana_frond":20,"minecraft:birch_log":2,"minecraft:wheat":12,"minecraft:black_bed":1,"minecraft:grass":61,"minecraft:oak_log":39,"minecraft:beetroots":13,"minecraft:dark_oak_sapling":2,"minecraft:sand":491,"minecraft:dirt":429,"luminousworld:grassvariant_3":3,"minecraft:netherrack":57,"minecraft:oak_leaves":180,"minecraft:deepslate":173,"minecraft:tuff":11,"iceandfire:silver_ore":4,"luminousworld:grassvariant_4":2,"minecraft:dark_oak_leaves":1,"minecraft:deepslate_diamond_ore":6,"minecraft:dark_oak_log":43,"minecraft:sea_lantern":1,"born_in_chaos_v1:infected_diamond_ore":3,"minecraft:jungle_planks":28,"born_in_chaos_v1:black_argillite":1,"alexsmobs:leafcutter_ant_chamber":2,"luminousworld:grassvariant_2":1,"quark:jungle_chest":3,"farmersdelight:tomatoes":5,"ecologics:coconut_log":3,"minecraft:kelp":8,"luminousworld:sunset_petunias":2,"neapolitan:banana_bundle":4,"minecraft:furnace":2,"minecraft:jungle_sapling":1,"supplementaries:flax":17,"minecraft:andesite":7,"neapolitan:banana_stalk":15,"minecraft:potatoes":6,"farmersdelight:rope":13,"minecraft:deepslate_iron_ore":2,"neapolitan:banana_frond":11,"minecraft:vine":13,"minecraft:rail":1,"minecraft:bamboo":13,"minecraft:stone":145,"minecraft:bone_block":22,"sophisticatedbackpacks:backpack":1,"minecraft:basalt":80,"minecraft:stone_brick_slab":1,"neapolitan:frond_thatch":1,"minecraft:dandelion":1,"minecraft:crafting_table":7,"minecraft:diorite":4,"supplementaries:urn":1,"farmersdelight:wild_beetroots":1,"minecraft:birch_planks":1,"minecraft:coal_ore":26,"luminousworld:ishstone":17,"minecraft:cocoa":1,"minecraft:gravel":33,"minecraft:cobweb":6,"neapolitan:large_banana_frond":14,"minecraft:stone_bricks":1,"minecraft:fern":17},"minecraft:used":{"minecraft:beetroot":5,"farmersdelight:onion_crate":3,"minecraft:red_sand":33,"minecraft:iron_shovel":433,"farmersdelight:cabbage_seeds":17,"quark:jungle_ladder":10,"minecraft:shield":115,"farmersdelight:cabbage":1,"minecraft:stone":1,"minecraft:iron_sword":519,"ecologics:coconut_planks":3,"minecraft:rotten_flesh":1,"minecraft:iron_chestplate":2,"securitycraft:keypad_item":1,"enemyexpansion:meathead_helmet":1,"minecraft:jungle_planks":129,"minecraft:carrot":18,"vanillaplustools:iron_shovel":155,"minecraft:jungle_sapling":3,"born_in_chaos_v1:corpse_maggot":3,"minecraft:lava_bucket":10,"farmersdelight:tomato":9,"mowziesmobs:umvuthana_mask_faith":2,"minecraft:iron_helmet":1,"minecraft:stone_brick_stairs":1,"supplementaries:bomb_blue":1,"minecraft:magma_block":1,"minecraft:dark_oak_boat":3,"minecraft:furnace":6,"minecraft:beetroot_seeds":8,"minecraft:potato":63,"minecraft:dark_oak_sapling":17,"mowziesmobs:foliaath_seed":13,"minecraft:diorite":2,"minecraft:leather_leggings":1,"minecraft:stone_pickaxe":76,"minecraft:oak_planks":27,"alexsmobs:flying_fish_boots":1,"minecraft:wooden_pickaxe":4,"tombstone:scroll_of_true_sight":2,"minecraft:jungle_boat":3,"minecraft:glow_berries":20,"neapolitan:frond_thatch":33,"minecraft:golden_apple":2,"minecraft:sand":19,"farmersdelight:rice":8,"minecraft:black_bed":1,"luminousworld:creepberries":1,"sophisticatedbackpacks:backpack":1,"neapolitan:banana_bunch":24,"minecraft:bread":3,"minecraft:melon_slice":14,"minecraft:gravel":22,"supplementaries:flax_seeds":29,"tombstone:familiar_stone":2,"minecraft:cooked_rabbit":1,"minecraft:andesite":2,"alexsmobs:leafcutter_ant_chamber":1,"minecraft:bone_meal":398,"minecraft:jungle_leaves":4,"mowziesmobs:umvuthana_mask_misery":1,"minecraft:flint_and_steel":3,"minecraft:dried_kelp":5,"undead_revamp2:blacpetalblock":1,"quark:jungle_chest":6,"minecraft:cooked_salmon":3,"minecraft:netherrack":53,"minecraft:oak_door":4,"minecraft:torch":96,"minecraft:dirt":490,"minecraft:anvil":1,"minecraft:golden_shovel":13,"minecraft:granite":3,"farmersdelight:rope":84,"alexsmobs:maggot":2,"minecraft:iron_hoe":138,"minecraft:wooden_axe":46,"minecraft:dark_oak_planks":213,"minecraft:iron_axe":347,"minecraft:iron_boots":1,"minecraft:bamboo":1,"minecraft:basalt":79,"minecraft:beef":4,"ecologics:coconut_boat":1,"minecraft:goat_horn":3,"alexsmobs:banana":1,"tombstone:gift":8,"minecraft:cooked_beef":5,"farmersdelight:tomato_seeds":11,"minecraft:cobbled_deepslate":25,"minecraft:orange_terracotta":2,"minecraft:iron_leggings":2,"sophisticatedbackpacks:gold_backpack":1,"naturalist:bass":2,"minecraft:wheat_seeds":10,"farmersdelight:iron_knife":2,"minecraft:water_bucket":39,"tombstone:scroll_of_reach":3,"minecraft:birch_planks":8,"minecraft:bundle":1,"minecraft:baked_potato":53,"minecraft:cracked_stone_bricks":2,"minecraft:jungle_wood":1,"minecraft:oak_slab":1,"minecraft:crafting_table":20,"supplementaries:bomb":1,"neapolitan:banana":8,"minecraft:white_bed":1,"neapolitan:dried_banana":36,"minecraft:oak_log":4,"tombstone:bag_of_seeds":2,"minecraft:diamond_pickaxe":390,"neapolitan:banana_stalk":15,"minecraft:iron_pickaxe":188,"waystones:mossy_waystone":6,"minecraft:jungle_stairs":9,"minecraft:stone_axe":111,"minecraft:cobblestone":12,"minecraft:porkchop":3,"minecraft:white_banner":2,"minecraft:cooked_porkchop":5,"minecraft:jungle_door":4,"minecraft:bucket":53,"alexsmobs:animal_dictionary":5,"minecraft:chainmail_leggings":1},"minecraft:custom":{"lootr:looted_stat":33,"minecraft:animals_bred":2,"minecraft:interact_with_crafting_table":89,"minecraft:leave_game":15,"minecraft:time_since_death":25119,"minecraft:sprint_one_cm":1201088,"minecraft:damage_blocked_by_shield":2147483647,"minecraft:drop":66,"minecraft:play_time":515447,"minecraft:deaths":14,"tombstone:tomb_raiding":1,"minecraft:jump":8199,"minecraft:walk_on_water_one_cm":129392,"minecraft:interact_with_furnace":97,"minecraft:sleep_in_bed":15,"minecraft:damage_dealt":22767,"minecraft:player_kills":1,"minecraft:crouch_one_cm":130264,"waystones:waystone_activated":7,"tombstone:undead_killed":38,"minecraft:interact_with_anvil":1,"minecraft:mob_kills":132,"minecraft:damage_dealt_resisted":107,"minecraft:climb_one_cm":119821,"minecraft:walk_one_cm":970183,"minecraft:sneak_time":44378,"minecraft:walk_under_water_one_cm":113989,"minecraft:boat_one_cm":574172,"minecraft:interact_with_blast_furnace":1,"minecraft:total_world_time":515447,"tombstone:raider_killed":11,"minecraft:time_since_rest":1734,"minecraft:damage_taken":2147483647,"minecraft:damage_absorbed":10,"tombstone:cast_on_ally":4,"minecraft:swim_one_cm":195957,"minecraft:fly_one_cm":1476080,"minecraft:open_chest":235,"minecraft:fall_one_cm":162266},"minecraft:picked_up":{"minecraft:wheat":12,"illagerinvasion:platinum_chunk":7,"minecraft:chainmail_boots":1,"minecraft:prismarine_shard":4,"tombstone:grave_key":1,"born_in_chaos_v1:black_argillite":1,"minecraft:string":6,"minecraft:iron_leggings":2,"neapolitan:banana_bunch":13,"minecraft:beetroot":11,"minecraft:red_sand":48,"minecraft:tnt_minecart":1,"minecraft:cobbled_deepslate":178,"alexsmobs:banana":1,"farmersdelight:cabbage":6,"minecraft:spruce_planks":1,"minecraft:iron_pickaxe":1,"minecraft:melon_slice":22,"farmersdelight:cabbage_seeds":19,"alexsmobs:leafcutter_ant_chamber":2,"minecraft:furnace":2,"minecraft:stick":65,"minecraft:jungle_door":1,"farmersdelight:rotten_tomato":2,"minecraft:torch":22,"minecraft:porkchop":9,"tombstone:grave_dust":7,"minecraft:diorite":3,"supplementaries:flax":53,"enemyexpansion:meathead_helmet":1,"minecraft:rotten_flesh":30,"ecologics:coconut_log":3,"farmersdelight:rope":12,"luminousworld:tall_deadbush":2,"supplementaries:ash":1,"undead_revamp2:arapholia":1,"alexsmobs:flying_fish":4,"minecraft:cobblestone":160,"minecraft:birch_log":2,"minecraft:magma_block":2,"minecraft:feather":4,"farmersdelight:rice":19,"minecraft:magma_cream":4,"minecraft:water_bucket":2,"neapolitan:frond_thatch":1,"minecraft:andesite":7,"minecraft:jungle_log":29,"minecraft:black_bed":1,"minecraft:dark_oak_boat":2,"minecraft:jungle_wood":57,"minecraft:potato":83,"minecraft:flint":5,"minecraft:tuff":11,"supplementaries:flax_seeds":97,"farmersdelight:tomato":43,"minecraft:dirt":793,"minecraft:bone":9,"supplementaries:cartographers_quill":1,"undead_revamp2:blacpetalblock":1,"minecraft:wheat_seeds":64,"minecraft:mossy_stone_bricks":5,"minecraft:bamboo":71,"luminousworld:creepberries":6,"iceandfire:shiny_scales":13,"minecraft:jungle_planks":28,"minecraft:sand":462,"minecraft:dark_oak_log":46,"minecraft:iron_hoe":1,"born_in_chaos_v1:fire_dust":1,"minecraft:diamond":6,"minecraft:granite":11,"minecraft:chainmail_helmet":1,"minecraft:emerald":6,"alexsmobs:maggot":2,"iceandfire:gorgon_head":1,"minecraft:oak_sapling":23,"minecraft:netherrack":53,"iceandfire:raw_silver":4,"sophisticatedbackpacks:gold_backpack":2,"minecraft:cocoa_beans":12,"luminousworld:groundpebbles_1":2,"born_in_chaos_v1:diamond_termite_shard":4,"minecraft:crafting_table":7,"quark:white_corundum_cluster":4,"minecraft:brown_mushroom":1,"ecologics:seashell":7,"minecraft:wooden_pickaxe":1,"minecraft:cooked_rabbit":1,"aether:leather_gloves":3,"neapolitan:banana_frond":140,"minecraft:blackstone":6,"minecraft:cracked_stone_bricks":1,"minecraft:beef":15,"minecraft:jungle_sapling":2,"minecraft:sugar_cane":6,"minecraft:dark_oak_sapling":3,"minecraft:raw_iron":4,"minecraft:stone":1,"securitycraft:reinforced_cobblestone":51,"minecraft:oak_door":3,"ecologics:coconut_slice":7,"minecraft:copper_ingot":9,"quark:jungle_chest":2,"sophisticatedbackpacks:backpack":1,"farmersdelight:tomato_seeds":12,"minecraft:carrot":42,"minecraft:redstone":12,"minecraft:prismarine_crystals":13,"minecraft:dark_oak_planks":1,"mowziesmobs:umvuthana_mask_faith":1,"neapolitan:banana_stalk":15,"minecraft:arrow":5,"minecraft:beetroot_seeds":44,"minecraft:jungle_stairs":1,"minecraft:glow_berries":10,"minecraft:bone_block":20,"minecraft:rail":1,"born_in_chaos_v1:corpse_maggot":5,"minecraft:basalt":81,"quark:white_corundum":1,"minecraft:salmon":3,"luminousworld:ishstone":22,"minecraft:leather":17,"minecraft:filled_map":1,"minecraft:oak_log":38,"minecraft:paper":9,"minecraft:white_banner":2,"minecraft:orange_terracotta":2,"naturalist:bass":2,"minecraft:apple":2,"minecraft:stone_bricks":3,"minecraft:kelp":90,"tombstone:bag_of_seeds":1,"minecraft:iron_sword":5,"mowziesmobs:umvuthana_mask_misery":3,"minecraft:oak_slab":1,"minecraft:chiseled_stone_bricks":2,"minecraft:stone_brick_slab":6,"iceandfire:ash":1,"minecraft:quartz":28,"minecraft:dandelion":1,"waystones:mossy_waystone":6,"luminousworld:sunset_petunias":2,"minecraft:gravel":25,"minecraft:blast_furnace":1,"minecraft:spider_eye":1,"mowziesmobs:naga_fang":1,"tombstone:scroll_of_true_sight":1,"minecraft:stone_axe":1,"minecraft:chainmail_leggings":1,"tombstone:magic_scroll":1,"minecraft:coal":37}},"DataVersion":3465}