{"stats":{"minecraft:killed_by":{"undead_revamp2:theimmortal":1,"alexsmobs:emu":2,"undead_revamp2:thebeartamer":1},"minecraft:used":{"minecraft:jungle_leaves":4,"minecraft:red_sand":33,"minecraft:iron_shovel":177,"undead_revamp2:blacpetalblock":1,"quark:jungle_ladder":10,"quark:jungle_chest":1,"minecraft:shield":2,"minecraft:iron_sword":85,"minecraft:cooked_salmon":3,"minecraft:rotten_flesh":1,"minecraft:iron_chestplate":1,"minecraft:oak_door":1,"minecraft:torch":2,"minecraft:dirt":171,"minecraft:anvil":1,"minecraft:jungle_planks":125,"born_in_chaos_v1:corpse_maggot":3,"minecraft:jungle_sapling":3,"minecraft:iron_hoe":87,"minecraft:wooden_axe":46,"minecraft:dark_oak_planks":1,"minecraft:iron_axe":127,"minecraft:bamboo":1,"minecraft:beef":4,"minecraft:furnace":3,"minecraft:beetroot_seeds":3,"alexsmobs:banana":1,"tombstone:gift":5,"minecraft:orange_terracotta":2,"minecraft:iron_leggings":1,"mowziesmobs:foliaath_seed":13,"naturalist:bass":2,"minecraft:wheat_seeds":9,"minecraft:water_bucket":25,"minecraft:leather_leggings":1,"tombstone:scroll_of_reach":2,"minecraft:birch_planks":8,"minecraft:bundle":1,"minecraft:stone_pickaxe":43,"minecraft:oak_planks":24,"minecraft:wooden_pickaxe":4,"minecraft:jungle_boat":1,"neapolitan:frond_thatch":33,"minecraft:jungle_wood":1,"minecraft:sand":8,"minecraft:crafting_table":12,"neapolitan:banana":8,"minecraft:white_bed":1,"neapolitan:dried_banana":36,"luminousworld:creepberries":1,"minecraft:oak_log":2,"tombstone:bag_of_seeds":2,"neapolitan:banana_stalk":15,"neapolitan:banana_bunch":24,"minecraft:iron_pickaxe":15,"minecraft:melon_slice":14,"waystones:mossy_waystone":2,"minecraft:jungle_stairs":9,"minecraft:gravel":1,"supplementaries:flax_seeds":25,"minecraft:stone_axe":111,"tombstone:familiar_stone":2,"minecraft:bucket":25,"alexsmobs:animal_dictionary":5,"minecraft:bone_meal":57},"minecraft:custom":{"lootr:looted_stat":9,"minecraft:interact_with_anvil":1,"minecraft:mob_kills":37,"minecraft:interact_with_crafting_table":38,"minecraft:damage_dealt_resisted":10,"minecraft:leave_game":9,"minecraft:time_since_death":119894,"minecraft:climb_one_cm":34748,"minecraft:sprint_one_cm":486281,"minecraft:walk_one_cm":357723,"minecraft:damage_blocked_by_shield":80,"minecraft:drop":21,"minecraft:play_time":166919,"minecraft:deaths":5,"minecraft:sneak_time":9504,"minecraft:walk_under_water_one_cm":30358,"minecraft:boat_one_cm":127908,"tombstone:tomb_raiding":1,"minecraft:jump":3217,"minecraft:walk_on_water_one_cm":19214,"minecraft:total_world_time":166919,"minecraft:interact_with_furnace":29,"minecraft:sleep_in_bed":3,"minecraft:time_since_rest":16880,"minecraft:damage_taken":3049,"minecraft:damage_dealt":5730,"tombstone:cast_on_ally":1,"minecraft:swim_one_cm":30700,"minecraft:fly_one_cm":499345,"minecraft:player_kills":1,"minecraft:open_chest":69,"minecraft:crouch_one_cm":27218,"waystones:waystone_activated":3,"tombstone:undead_killed":12,"minecraft:fall_one_cm":67167},"minecraft:dropped":{"minecraft:wheat_seeds":4,"luminousworld:creepberries":17,"minecraft:leather":3,"minecraft:jungle_planks":60,"tombstone:bag_of_seeds":1,"tombstone:magic_scroll":1,"neapolitan:chocolate_spider_eye":1,"minecraft:oak_door":2,"minecraft:stone_axe":1,"minecraft:cocoa_beans":12,"minecraft:rotten_flesh":1,"aether:leather_gloves":3,"minecraft:iron_hoe":1,"minecraft:white_bed":1,"neapolitan:banana_frond":1,"minecraft:wooden_pickaxe":3},"minecraft:crafted":{"minecraft:oak_door":3,"minecraft:oak_planks":40,"quark:jungle_chest":1,"minecraft:furnace":2,"neapolitan:frond_thatch":32,"minecraft:bone_meal":51,"neapolitan:dried_banana":34,"quark:jungle_ladder":12,"minecraft:iron_axe":1,"minecraft:iron_hoe":1,"minecraft:stone_pickaxe":1,"minecraft:jungle_stairs":8,"minecraft:crafting_table":6,"minecraft:jungle_boat":1,"minecraft:wooden_pickaxe":1,"minecraft:cooked_salmon":1,"minecraft:bucket":2,"minecraft:birch_planks":8,"minecraft:stone_axe":1,"minecraft:air":0,"minecraft:jungle_planks":332,"minecraft:string":18,"minecraft:white_wool":6,"minecraft:shield":1,"minecraft:stick":32,"minecraft:iron_pickaxe":1,"minecraft:iron_ingot":51,"minecraft:iron_leggings":1,"minecraft:wooden_axe":1,"minecraft:iron_block":3,"minecraft:iron_shovel":1,"minecraft:anvil":1,"minecraft:white_bed":2},"minecraft:broken":{"minecraft:wooden_axe":1},"minecraft:killed":{"minecraft:spider":1,"born_in_chaos_v1:maggot":2,"creeperoverhaul:bamboo_creeper":1,"minecraft:skeleton":4,"iceandfire:siren":1,"naturalist:bass":2,"undead_revamp2:sucker":2,"alexsmobs:flying_fish":1,"iceandfire:hippocampus":2,"minecraft:husk":3,"minecraft:pig":1,"minecraft:salmon":3,"minecraft:zombie":3,"alexsmobs:terrapin":1,"alexsmobs:toucan":1,"alexsmobs:fly":1,"minecraft:cow":8},"minecraft:picked_up":{"sophisticatedbackpacks:gold_backpack":1,"minecraft:cocoa_beans":12,"minecraft:crafting_table":6,"minecraft:wooden_pickaxe":1,"aether:leather_gloves":1,"minecraft:string":2,"neapolitan:banana_frond":136,"neapolitan:banana_bunch":13,"minecraft:red_sand":43,"alexsmobs:banana":1,"minecraft:beef":15,"minecraft:jungle_sapling":2,"minecraft:melon_slice":22,"minecraft:sugar_cane":6,"minecraft:furnace":1,"minecraft:stick":14,"minecraft:oak_door":2,"minecraft:torch":2,"minecraft:porkchop":3,"tombstone:grave_dust":2,"supplementaries:flax":18,"minecraft:prismarine_crystals":4,"minecraft:dark_oak_planks":1,"neapolitan:banana_stalk":15,"minecraft:arrow":3,"minecraft:rotten_flesh":8,"minecraft:jungle_stairs":1,"minecraft:bone_block":10,"alexsmobs:flying_fish":1,"minecraft:cobblestone":24,"minecraft:birch_log":2,"born_in_chaos_v1:corpse_maggot":4,"minecraft:feather":1,"neapolitan:frond_thatch":1,"minecraft:jungle_log":27,"minecraft:salmon":3,"minecraft:leather":12,"minecraft:jungle_wood":57,"minecraft:oak_log":12,"supplementaries:flax_seeds":25,"minecraft:dirt":192,"minecraft:orange_terracotta":2,"naturalist:bass":2,"minecraft:bone":1,"undead_revamp2:blacpetalblock":1,"minecraft:wheat_seeds":14,"tombstone:bag_of_seeds":1,"minecraft:bamboo":1,"luminousworld:creepberries":5,"minecraft:dandelion":1,"waystones:mossy_waystone":2,"minecraft:gravel":1,"iceandfire:shiny_scales":9,"minecraft:sand":40,"minecraft:jungle_planks":19,"minecraft:spider_eye":1,"minecraft:iron_hoe":1,"minecraft:stone_axe":1,"tombstone:magic_scroll":1,"minecraft:oak_sapling":6,"minecraft:coal":11},"minecraft:mined":{"minecraft:dark_oak_planks":1,"minecraft:farmland":3,"luminousworld:grassvariant_4":2,"minecraft:jungle_leaves":157,"minecraft:red_sand":38,"minecraft:grass_block":94,"minecraft:jungle_planks":18,"minecraft:jungle_log":18,"minecraft:kelp":2,"minecraft:tall_seagrass":1,"neapolitan:banana_bundle":4,"minecraft:furnace":1,"minecraft:jungle_sapling":1,"neapolitan:banana_stalk":15,"minecraft:vine":5,"neapolitan:banana_frond":9,"minecraft:stone":16,"minecraft:bone_block":12,"luminousworld:creepbush":4,"neapolitan:frond_thatch":1,"minecraft:dandelion":1,"minecraft:crafting_table":6,"minecraft:jungle_stairs":1,"minecraft:melon":4,"minecraft:dead_bush":4,"minecraft:cobblestone":7,"minecraft:sugar_cane":2,"minecraft:wall_torch":2,"minecraft:seagrass":1,"minecraft:jungle_wood":59,"minecraft:birch_log":2,"neapolitan:small_banana_frond":20,"minecraft:grass":26,"minecraft:coal_ore":6,"minecraft:oak_log":12,"minecraft:cocoa":1,"minecraft:gravel":1,"minecraft:sand":35,"minecraft:dirt":44,"luminousworld:grassvariant_3":1,"minecraft:cobweb":1,"neapolitan:large_banana_frond":14,"minecraft:oak_leaves":41,"minecraft:fern":11}},"DataVersion":3465}