{"stats":{"minecraft:mined":{"minecraft:dark_oak_planks":1,"minecraft:farmland":3,"minecraft:jungle_leaves":157,"minecraft:granite":4,"minecraft:red_sand":38,"minecraft:grass_block":100,"minecraft:jungle_log":18,"luminousworld:savanna_grass_2":2,"minecraft:spawner":1,"minecraft:tall_seagrass":13,"minecraft:magma_block":2,"farmersdelight:wild_rice":15,"minecraft:iron_ore":2,"minecraft:cobbled_deepslate":3,"minecraft:water":4,"luminousworld:creepbush":4,"minecraft:kelp_plant":41,"luminousworld:tall_deadbush":2,"minecraft:jungle_stairs":1,"minecraft:blast_furnace":1,"minecraft:melon":4,"minecraft:dead_bush":4,"supplementaries:wild_flax":3,"minecraft:cobblestone":14,"minecraft:sugar_cane":2,"minecraft:wall_torch":4,"minecraft:seagrass":5,"minecraft:jungle_wood":59,"ecologics:seashell":7,"minecraft:birch_log":2,"neapolitan:small_banana_frond":20,"minecraft:black_bed":1,"minecraft:grass":35,"minecraft:oak_log":16,"minecraft:sand":35,"minecraft:dirt":54,"luminousworld:grassvariant_3":3,"minecraft:oak_leaves":41,"minecraft:deepslate":172,"minecraft:tuff":11,"iceandfire:silver_ore":4,"minecraft:deepslate_diamond_ore":6,"luminousworld:grassvariant_4":2,"born_in_chaos_v1:infected_diamond_ore":3,"minecraft:jungle_planks":18,"born_in_chaos_v1:black_argillite":1,"luminousworld:grassvariant_2":1,"ecologics:coconut_log":3,"minecraft:kelp":8,"luminousworld:sunset_petunias":2,"neapolitan:banana_bundle":4,"minecraft:furnace":2,"minecraft:jungle_sapling":1,"supplementaries:flax":2,"minecraft:andesite":7,"neapolitan:banana_stalk":15,"minecraft:deepslate_iron_ore":2,"neapolitan:banana_frond":9,"minecraft:vine":6,"minecraft:rail":1,"minecraft:stone":144,"minecraft:bone_block":12,"minecraft:stone_brick_slab":1,"neapolitan:frond_thatch":1,"minecraft:dandelion":1,"minecraft:crafting_table":7,"minecraft:diorite":4,"supplementaries:urn":1,"farmersdelight:wild_beetroots":1,"minecraft:coal_ore":6,"luminousworld:ishstone":17,"minecraft:cocoa":1,"minecraft:gravel":4,"minecraft:cobweb":6,"neapolitan:large_banana_frond":14,"minecraft:stone_bricks":1,"minecraft:fern":11},"minecraft:broken":{"minecraft:iron_chestplate":1,"minecraft:iron_leggings":1,"enemyexpansion:meathead_helmet":1,"minecraft:iron_sword":1,"minecraft:wooden_axe":1,"alexsmobs:flying_fish_boots":1,"minecraft:shield":1},"minecraft:dropped":{"minecraft:iron_sword":1,"ecologics:coconut_slice":3,"minecraft:leather":3,"minecraft:jungle_planks":60,"farmersdelight:rice":11,"tombstone:bag_of_seeds":2,"alexsmobs:flying_fish":2,"iceandfire:ash":1,"minecraft:oak_door":2,"minecraft:stone_axe":1,"minecraft:rotten_flesh":1,"aether:leather_gloves":3,"minecraft:white_bed":1,"neapolitan:banana_frond":1,"minecraft:wheat_seeds":6,"minecraft:cobblestone":1,"luminousworld:creepberries":17,"tombstone:magic_scroll":1,"tombstone:grave_key":2,"minecraft:string":4,"neapolitan:chocolate_spider_eye":1,"minecraft:kelp":3,"minecraft:cocoa_beans":12,"minecraft:iron_hoe":1,"minecraft:shield":1,"mowziesmobs:umvuthana_mask_misery":2,"minecraft:wooden_pickaxe":3},"minecraft:crafted":{"minecraft:oak_planks":48,"minecraft:jungle_stairs":8,"minecraft:cooked_porkchop":3,"minecraft:crafting_table":9,"minecraft:jungle_boat":3,"minecraft:wooden_pickaxe":1,"minecraft:baked_potato":7,"minecraft:birch_planks":8,"minecraft:string":21,"minecraft:shield":3,"minecraft:stick":36,"minecraft:iron_ingot":83,"minecraft:iron_pickaxe":1,"minecraft:iron_block":3,"minecraft:oak_door":3,"ecologics:coconut_planks":12,"quark:jungle_chest":1,"minecraft:furnace":4,"minecraft:bone_meal":63,"neapolitan:frond_thatch":32,"neapolitan:dried_banana":34,"quark:jungle_ladder":12,"minecraft:iron_axe":1,"minecraft:iron_hoe":1,"minecraft:stone_pickaxe":1,"alexsmobs:flying_fish_boots":1,"ecologics:coconut_boat":1,"minecraft:cooked_beef":2,"minecraft:dried_kelp":13,"minecraft:cooked_salmon":1,"minecraft:bucket":2,"minecraft:stone_axe":1,"minecraft:air":0,"minecraft:jungle_planks":332,"minecraft:jungle_door":3,"minecraft:white_wool":6,"minecraft:wooden_axe":1,"minecraft:iron_shovel":1,"minecraft:iron_leggings":2,"minecraft:anvil":1,"minecraft:white_bed":2,"minecraft:torch":72},"minecraft:killed":{"alexsmobs:lobster":1,"iceandfire:gorgon":1,"minecraft:spider":1,"creeperoverhaul:bamboo_creeper":1,"minecraft:skeleton":4,"undead_revamp2:therod":7,"minecraft:pig":2,"born_in_chaos_v1:diamond_termite":3,"minecraft:salmon":3,"minecraft:pillager":11,"enemyexpansion:meature":1,"minecraft:zombie":5,"alexsmobs:terrapin":1,"alexsmobs:toucan":1,"born_in_chaos_v1:corpse_fly":2,"alexsmobs:fly":1,"minecraft:cow":8,"undead_revamp2:bomber":1,"enemyexpansion:direwolf":2,"born_in_chaos_v1:maggot":3,"naturalist:coral_snake":1,"iceandfire:siren":1,"naturalist:bass":2,"undead_revamp2:sucker":2,"alexsmobs:flying_fish":3,"luminousworld:savannah_zombie":2,"iceandfire:hippocampus":2,"minecraft:husk":3,"born_in_chaos_v1:baby_skeleton":1,"enemyexpansion:sprinter":2,"undead_revamp2:thesomnolence":1,"enemyexpansion:huntsman":1},"minecraft:custom":{"lootr:looted_stat":30,"minecraft:interact_with_crafting_table":52,"minecraft:leave_game":9,"minecraft:time_since_death":32816,"minecraft:sprint_one_cm":844717,"minecraft:damage_blocked_by_shield":2147483647,"minecraft:drop":42,"minecraft:play_time":298277,"minecraft:deaths":11,"tombstone:tomb_raiding":1,"minecraft:jump":5004,"minecraft:walk_on_water_one_cm":86549,"minecraft:interact_with_furnace":53,"minecraft:sleep_in_bed":6,"minecraft:damage_dealt":16606,"minecraft:player_kills":1,"minecraft:crouch_one_cm":44099,"waystones:waystone_activated":3,"tombstone:undead_killed":30,"minecraft:mob_kills":81,"minecraft:interact_with_anvil":1,"minecraft:damage_dealt_resisted":107,"minecraft:climb_one_cm":53046,"minecraft:walk_one_cm":624488,"minecraft:sneak_time":19320,"minecraft:walk_under_water_one_cm":63198,"minecraft:boat_one_cm":467897,"minecraft:interact_with_blast_furnace":1,"minecraft:total_world_time":298277,"tombstone:raider_killed":11,"minecraft:time_since_rest":32578,"minecraft:damage_taken":2147483647,"minecraft:damage_absorbed":10,"tombstone:cast_on_ally":4,"minecraft:swim_one_cm":141307,"minecraft:fly_one_cm":995106,"minecraft:open_chest":132,"minecraft:fall_one_cm":104127},"minecraft:picked_up":{"illagerinvasion:platinum_chunk":7,"tombstone:grave_key":1,"born_in_chaos_v1:black_argillite":1,"minecraft:string":6,"minecraft:iron_leggings":1,"neapolitan:banana_bunch":13,"minecraft:red_sand":43,"minecraft:tnt_minecart":1,"alexsmobs:banana":1,"minecraft:cobbled_deepslate":176,"minecraft:spruce_planks":1,"minecraft:iron_pickaxe":1,"minecraft:melon_slice":22,"minecraft:furnace":2,"minecraft:stick":14,"minecraft:jungle_door":1,"minecraft:torch":19,"minecraft:porkchop":6,"tombstone:grave_dust":5,"minecraft:diorite":3,"supplementaries:flax":21,"enemyexpansion:meathead_helmet":1,"minecraft:rotten_flesh":24,"ecologics:coconut_log":3,"luminousworld:tall_deadbush":2,"supplementaries:ash":1,"undead_revamp2:arapholia":1,"alexsmobs:flying_fish":4,"minecraft:cobblestone":158,"minecraft:birch_log":2,"minecraft:magma_block":2,"minecraft:feather":4,"farmersdelight:rice":11,"neapolitan:frond_thatch":1,"minecraft:jungle_log":27,"minecraft:andesite":7,"minecraft:black_bed":1,"minecraft:jungle_wood":57,"minecraft:tuff":11,"supplementaries:flax_seeds":39,"minecraft:dirt":207,"minecraft:bone":6,"supplementaries:cartographers_quill":1,"undead_revamp2:blacpetalblock":1,"minecraft:wheat_seeds":18,"minecraft:mossy_stone_bricks":5,"minecraft:bamboo":1,"luminousworld:creepberries":5,"iceandfire:shiny_scales":9,"minecraft:sand":40,"minecraft:jungle_planks":19,"minecraft:dark_oak_log":3,"minecraft:iron_hoe":1,"minecraft:diamond":6,"minecraft:granite":11,"minecraft:chainmail_helmet":1,"minecraft:emerald":6,"iceandfire:gorgon_head":1,"minecraft:oak_sapling":6,"iceandfire:raw_silver":4,"sophisticatedbackpacks:gold_backpack":1,"minecraft:cocoa_beans":12,"minecraft:crafting_table":7,"born_in_chaos_v1:diamond_termite_shard":4,"quark:white_corundum_cluster":4,"ecologics:seashell":7,"minecraft:wooden_pickaxe":1,"minecraft:cooked_rabbit":1,"aether:leather_gloves":1,"neapolitan:banana_frond":136,"minecraft:cracked_stone_bricks":1,"minecraft:beef":15,"minecraft:jungle_sapling":2,"minecraft:sugar_cane":6,"minecraft:raw_iron":4,"minecraft:stone":1,"minecraft:oak_door":3,"ecologics:coconut_slice":7,"minecraft:copper_ingot":7,"minecraft:prismarine_crystals":4,"minecraft:dark_oak_planks":1,"mowziesmobs:umvuthana_mask_faith":1,"neapolitan:banana_stalk":15,"minecraft:arrow":5,"minecraft:beetroot_seeds":1,"minecraft:jungle_stairs":1,"minecraft:rail":1,"minecraft:bone_block":10,"born_in_chaos_v1:corpse_maggot":5,"minecraft:salmon":3,"quark:white_corundum":1,"luminousworld:ishstone":22,"minecraft:leather":12,"minecraft:filled_map":1,"minecraft:oak_log":17,"minecraft:paper":9,"minecraft:white_banner":2,"minecraft:orange_terracotta":2,"naturalist:bass":2,"minecraft:stone_bricks":3,"minecraft:kelp":90,"tombstone:bag_of_seeds":1,"minecraft:iron_sword":5,"mowziesmobs:umvuthana_mask_misery":3,"minecraft:oak_slab":1,"minecraft:chiseled_stone_bricks":2,"minecraft:stone_brick_slab":6,"iceandfire:ash":1,"minecraft:dandelion":1,"waystones:mossy_waystone":2,"luminousworld:sunset_petunias":2,"minecraft:gravel":4,"minecraft:blast_furnace":1,"minecraft:spider_eye":1,"tombstone:scroll_of_true_sight":1,"minecraft:stone_axe":1,"minecraft:chainmail_leggings":1,"tombstone:magic_scroll":1,"minecraft:coal":11},"minecraft:killed_by":{"minecraft:creeper":1,"alexsmobs:emu":2,"iceandfire:fire_dragon":1,"undead_revamp2:theimmortal":1,"iceandfire:gorgon":1,"undead_revamp2:therod":1,"undead_revamp2:thebeartamer":1},"minecraft:used":{"minecraft:red_sand":33,"minecraft:iron_shovel":189,"quark:jungle_ladder":10,"minecraft:shield":35,"minecraft:stone":1,"minecraft:iron_sword":379,"ecologics:coconut_planks":3,"minecraft:rotten_flesh":1,"minecraft:iron_chestplate":2,"enemyexpansion:meathead_helmet":1,"minecraft:jungle_planks":125,"minecraft:jungle_sapling":3,"born_in_chaos_v1:corpse_maggot":3,"mowziesmobs:umvuthana_mask_faith":1,"minecraft:stone_brick_stairs":1,"supplementaries:bomb_blue":1,"minecraft:magma_block":1,"minecraft:furnace":5,"minecraft:beetroot_seeds":3,"minecraft:potato":13,"mowziesmobs:foliaath_seed":13,"minecraft:diorite":2,"minecraft:leather_leggings":1,"minecraft:stone_pickaxe":76,"minecraft:oak_planks":27,"alexsmobs:flying_fish_boots":1,"minecraft:wooden_pickaxe":4,"minecraft:jungle_boat":3,"minecraft:golden_apple":2,"neapolitan:frond_thatch":33,"minecraft:sand":9,"minecraft:black_bed":1,"luminousworld:creepberries":1,"neapolitan:banana_bunch":24,"minecraft:melon_slice":14,"minecraft:bread":3,"minecraft:gravel":1,"supplementaries:flax_seeds":28,"tombstone:familiar_stone":2,"minecraft:cooked_rabbit":1,"minecraft:andesite":2,"minecraft:bone_meal":69,"minecraft:jungle_leaves":4,"mowziesmobs:umvuthana_mask_misery":1,"undead_revamp2:blacpetalblock":1,"quark:jungle_chest":1,"minecraft:cooked_salmon":3,"minecraft:oak_door":4,"minecraft:torch":91,"minecraft:dirt":217,"minecraft:anvil":1,"minecraft:granite":3,"minecraft:iron_hoe":94,"minecraft:dark_oak_planks":1,"minecraft:wooden_axe":46,"minecraft:iron_axe":136,"minecraft:iron_boots":1,"minecraft:bamboo":1,"minecraft:beef":4,"ecologics:coconut_boat":1,"minecraft:goat_horn":3,"alexsmobs:banana":1,"tombstone:gift":8,"minecraft:cooked_beef":2,"minecraft:cobbled_deepslate":7,"minecraft:orange_terracotta":2,"minecraft:iron_leggings":2,"naturalist:bass":2,"minecraft:wheat_seeds":9,"minecraft:water_bucket":25,"tombstone:scroll_of_reach":3,"minecraft:birch_planks":8,"minecraft:bundle":1,"minecraft:baked_potato":7,"minecraft:cracked_stone_bricks":2,"minecraft:jungle_wood":1,"minecraft:oak_slab":1,"minecraft:crafting_table":15,"supplementaries:bomb":1,"minecraft:white_bed":1,"neapolitan:banana":8,"neapolitan:dried_banana":36,"tombstone:bag_of_seeds":2,"minecraft:oak_log":4,"minecraft:diamond_pickaxe":180,"neapolitan:banana_stalk":15,"waystones:mossy_waystone":2,"minecraft:iron_pickaxe":185,"minecraft:jungle_stairs":9,"minecraft:stone_axe":111,"minecraft:cobblestone":11,"minecraft:cooked_porkchop":3,"minecraft:white_banner":2,"minecraft:porkchop":3,"minecraft:jungle_door":4,"minecraft:bucket":25,"alexsmobs:animal_dictionary":5,"minecraft:chainmail_leggings":1}},"DataVersion":3465}