{"stats":{"minecraft:used":{"minecraft:red_sand":33,"minecraft:iron_shovel":133,"undead_revamp2:blacpetalblock":1,"quark:jungle_ladder":10,"quark:jungle_chest":1,"minecraft:iron_sword":40,"minecraft:cooked_salmon":3,"minecraft:rotten_flesh":1,"minecraft:iron_chestplate":1,"minecraft:oak_door":1,"minecraft:torch":2,"minecraft:dirt":161,"minecraft:jungle_planks":114,"born_in_chaos_v1:corpse_maggot":3,"minecraft:jungle_sapling":3,"minecraft:iron_hoe":87,"minecraft:wooden_axe":46,"minecraft:dark_oak_planks":1,"minecraft:iron_axe":127,"minecraft:bamboo":1,"minecraft:furnace":3,"minecraft:beetroot_seeds":3,"alexsmobs:banana":1,"tombstone:gift":5,"minecraft:orange_terracotta":2,"mowziesmobs:foliaath_seed":13,"naturalist:bass":2,"minecraft:water_bucket":11,"minecraft:leather_leggings":1,"tombstone:scroll_of_reach":2,"minecraft:birch_planks":8,"minecraft:bundle":1,"minecraft:stone_pickaxe":43,"minecraft:oak_planks":24,"minecraft:wooden_pickaxe":4,"minecraft:jungle_wood":1,"neapolitan:frond_thatch":33,"minecraft:crafting_table":10,"minecraft:white_bed":1,"neapolitan:banana":8,"neapolitan:dried_banana":30,"luminousworld:creepberries":1,"tombstone:bag_of_seeds":2,"minecraft:oak_log":2,"neapolitan:banana_stalk":15,"neapolitan:banana_bunch":24,"minecraft:melon_slice":14,"waystones:mossy_waystone":2,"minecraft:iron_pickaxe":13,"minecraft:jungle_stairs":9,"minecraft:gravel":1,"supplementaries:flax_seeds":11,"minecraft:stone_axe":111,"tombstone:familiar_stone":2,"minecraft:bucket":11,"alexsmobs:animal_dictionary":5,"minecraft:bone_meal":45},"minecraft:crafted":{"minecraft:oak_door":3,"minecraft:oak_planks":40,"quark:jungle_chest":1,"minecraft:furnace":2,"minecraft:bone_meal":39,"neapolitan:frond_thatch":32,"neapolitan:dried_banana":34,"quark:jungle_ladder":12,"minecraft:iron_axe":1,"minecraft:iron_hoe":1,"minecraft:stone_pickaxe":1,"minecraft:jungle_stairs":8,"minecraft:crafting_table":5,"minecraft:wooden_pickaxe":1,"minecraft:cooked_salmon":1,"minecraft:bucket":2,"minecraft:birch_planks":8,"minecraft:stone_axe":1,"minecraft:air":0,"minecraft:jungle_planks":224,"minecraft:string":7,"minecraft:white_wool":3,"minecraft:stick":32,"minecraft:iron_pickaxe":1,"minecraft:iron_ingot":51,"minecraft:wooden_axe":1,"minecraft:iron_shovel":1,"minecraft:white_bed":1},"minecraft:dropped":{"minecraft:wheat_seeds":4,"minecraft:leather":3,"minecraft:jungle_planks":60,"tombstone:bag_of_seeds":1,"tombstone:magic_scroll":1,"neapolitan:chocolate_spider_eye":1,"minecraft:oak_door":2,"minecraft:stone_axe":1,"minecraft:cocoa_beans":12,"minecraft:rotten_flesh":1,"aether:leather_gloves":3,"minecraft:iron_hoe":1,"neapolitan:banana_frond":1,"minecraft:wooden_pickaxe":1},"minecraft:mined":{"minecraft:dark_oak_planks":1,"minecraft:farmland":3,"luminousworld:grassvariant_4":2,"minecraft:jungle_leaves":157,"minecraft:red_sand":38,"minecraft:grass_block":88,"minecraft:jungle_planks":18,"minecraft:jungle_log":18,"neapolitan:banana_bundle":4,"minecraft:furnace":1,"minecraft:jungle_sapling":1,"neapolitan:banana_stalk":15,"minecraft:vine":5,"neapolitan:banana_frond":9,"minecraft:stone":14,"minecraft:bone_block":12,"luminousworld:creepbush":4,"neapolitan:frond_thatch":1,"minecraft:crafting_table":6,"minecraft:jungle_stairs":1,"minecraft:melon":4,"minecraft:dead_bush":4,"minecraft:cobblestone":7,"minecraft:sugar_cane":2,"minecraft:wall_torch":2,"minecraft:seagrass":1,"minecraft:jungle_wood":59,"minecraft:birch_log":2,"neapolitan:small_banana_frond":19,"minecraft:grass":22,"minecraft:coal_ore":6,"minecraft:oak_log":12,"minecraft:cocoa":1,"minecraft:gravel":1,"minecraft:dirt":38,"luminousworld:grassvariant_3":1,"minecraft:cobweb":1,"neapolitan:large_banana_frond":14,"minecraft:oak_leaves":41,"minecraft:fern":11},"minecraft:custom":{"lootr:looted_stat":9,"minecraft:mob_kills":32,"minecraft:interact_with_crafting_table":29,"minecraft:damage_dealt_resisted":10,"minecraft:leave_game":8,"minecraft:time_since_death":89085,"minecraft:climb_one_cm":25572,"minecraft:sprint_one_cm":397947,"minecraft:walk_one_cm":302987,"minecraft:drop":17,"minecraft:play_time":136110,"minecraft:deaths":5,"minecraft:sneak_time":7696,"minecraft:walk_under_water_one_cm":14685,"tombstone:tomb_raiding":1,"minecraft:jump":2329,"minecraft:walk_on_water_one_cm":8662,"minecraft:total_world_time":136110,"minecraft:interact_with_furnace":28,"minecraft:sleep_in_bed":1,"minecraft:time_since_rest":3188,"minecraft:damage_taken":2818,"minecraft:damage_dealt":3927,"tombstone:cast_on_ally":1,"minecraft:fly_one_cm":416747,"minecraft:swim_one_cm":17471,"minecraft:player_kills":1,"minecraft:open_chest":60,"minecraft:crouch_one_cm":24351,"waystones:waystone_activated":3,"tombstone:undead_killed":11,"minecraft:fall_one_cm":57028},"minecraft:picked_up":{"sophisticatedbackpacks:gold_backpack":1,"minecraft:cocoa_beans":12,"minecraft:crafting_table":6,"aether:leather_gloves":1,"minecraft:string":2,"neapolitan:banana_frond":130,"neapolitan:banana_bunch":13,"minecraft:red_sand":43,"alexsmobs:banana":1,"minecraft:beef":15,"minecraft:jungle_sapling":2,"minecraft:melon_slice":22,"minecraft:sugar_cane":6,"minecraft:furnace":1,"minecraft:stick":14,"minecraft:oak_door":2,"minecraft:torch":2,"minecraft:porkchop":3,"tombstone:grave_dust":2,"supplementaries:flax":14,"minecraft:dark_oak_planks":1,"neapolitan:banana_stalk":15,"minecraft:arrow":2,"minecraft:rotten_flesh":8,"minecraft:jungle_stairs":1,"minecraft:bone_block":10,"minecraft:cobblestone":22,"minecraft:birch_log":2,"born_in_chaos_v1:corpse_maggot":4,"minecraft:feather":1,"neapolitan:frond_thatch":1,"minecraft:jungle_log":27,"minecraft:salmon":3,"minecraft:leather":12,"minecraft:jungle_wood":57,"minecraft:oak_log":12,"supplementaries:flax_seeds":18,"minecraft:dirt":180,"minecraft:orange_terracotta":2,"naturalist:bass":2,"minecraft:bone":1,"undead_revamp2:blacpetalblock":1,"minecraft:wheat_seeds":14,"tombstone:bag_of_seeds":1,"minecraft:bamboo":1,"luminousworld:creepberries":5,"waystones:mossy_waystone":2,"minecraft:gravel":1,"minecraft:jungle_planks":19,"minecraft:spider_eye":1,"minecraft:iron_hoe":1,"minecraft:stone_axe":1,"tombstone:magic_scroll":1,"minecraft:oak_sapling":6,"minecraft:coal":11},"minecraft:killed":{"minecraft:spider":1,"born_in_chaos_v1:maggot":2,"creeperoverhaul:bamboo_creeper":1,"minecraft:skeleton":3,"naturalist:bass":2,"undead_revamp2:sucker":2,"minecraft:husk":3,"minecraft:pig":1,"minecraft:salmon":3,"minecraft:zombie":3,"alexsmobs:terrapin":1,"alexsmobs:toucan":1,"alexsmobs:fly":1,"minecraft:cow":8},"minecraft:broken":{"minecraft:wooden_axe":1},"minecraft:killed_by":{"undead_revamp2:theimmortal":1,"alexsmobs:emu":2,"undead_revamp2:thebeartamer":1}},"DataVersion":3465}