{"stats":{"minecraft:killed_by":{"born_in_chaos_v1:nightmare_stalker":1,"iceandfire:sea_serpent":1,"minecraft:zombie":1,"minecraft:husk":21,"born_in_chaos_v1:corpse_fish":1,"iceandfire:ghost":1},"minecraft:crafted":{"minecraft:oak_planks":44,"iceandfire:armor_copper_metal_boots":1,"minecraft:golden_boots":1,"sophisticatedbackpacks:backpack":1,"quark:blossom_planks":36,"minecraft:crafting_table":5,"minecraft:wooden_pickaxe":1,"minecraft:copper_ingot":16,"minecraft:hay_block":4,"minecraft:campfire":1,"minecraft:string":12,"minecraft:golden_leggings":1,"minecraft:shield":2,"minecraft:stick":36,"minecraft:iron_ingot":4,"minecraft:iron_pickaxe":1,"minecraft:stone_sword":2,"minecraft:gold_ingot":24,"minecraft:golden_chestplate":1,"minecraft:furnace":1,"iceandfire:armor_copper_metal_leggings":1,"minecraft:bone_meal":19,"quark:blossom_chest":1,"minecraft:stone_pickaxe":2,"quark:polished_jasper":4,"minecraft:dark_oak_planks":8,"minecraft:golden_helmet":1,"minecraft:wheat":18,"minecraft:mangrove_planks":12,"minecraft:stone_axe":1,"minecraft:air":0,"minecraft:oak_boat":2,"minecraft:white_bed":1,"minecraft:torch":148},"minecraft:killed":{"minecraft:spider":1,"naturalist:snail":1,"minecraft:skeleton":4,"alexsmobs:capuchin_monkey":2,"minecraft:zombie":4,"born_in_chaos_v1:dread_hound":2,"born_in_chaos_v1:corpse_fly":20,"enemyexpansion:botfly":3,"alexsmobs:fly":1,"born_in_chaos_v1:door_knight":1,"minecraft:cow":6,"undead_revamp2:thehunter":1,"alexsmobs:seagull":2,"alexsmobs:rattlesnake":2,"born_in_chaos_v1:zombie_bruiser":1,"born_in_chaos_v1:maggot":5,"minecraft:horse":1,"naturalist:coral_snake":1,"undead_revamp2:sucker":4,"minecraft:husk":7,"undead_revamp2:the_moonflower":1,"born_in_chaos_v1:decrepit_skeleton":2,"enemyexpansion:slugger":1},"minecraft:broken":{"minecraft:golden_helmet":1,"minecraft:stone_pickaxe":2,"minecraft:stone_sword":2,"minecraft:shield":1},"minecraft:dropped":{"minecraft:spruce_sign":4,"minecraft:moss_block":30,"minecraft:dark_oak_stairs":3,"minecraft:stripped_mangrove_wood":1,"minecraft:leather":4,"minecraft:dark_oak_trapdoor":2,"iceandfire:armor_copper_metal_boots":1,"minecraft:iron_pickaxe":1,"minecraft:gravel":1,"minecraft:white_tulip":1,"minecraft:waxed_cut_copper_stairs":1,"minecraft:golden_chestplate":1,"minecraft:rotten_flesh":1,"minecraft:oak_planks":1,"minecraft:mangrove_sign":1,"minecraft:birch_trapdoor":1,"born_in_chaos_v1:corpse_maggot":1,"minecraft:leather_boots":1,"iceandfire:armor_copper_metal_leggings":1,"minecraft:bread":10,"minecraft:wheat_seeds":3,"minecraft:smooth_quartz_stairs":6,"quark:blossom_planks":8,"minecraft:yellow_terracotta":3,"minecraft:stick":2,"minecraft:diorite":2,"tombstone:grave_key":1,"minecraft:brown_terracotta":10,"minecraft:tripwire_hook":1,"minecraft:gray_carpet":3,"minecraft:light_gray_terracotta":24,"minecraft:bowl":1,"minecraft:potato":1,"minecraft:orange_terracotta":5,"minecraft:slime_ball":1,"minecraft:sandstone":10,"minecraft:wooden_pickaxe":1,"minecraft:calcite":5,"farmersdelight:tomato":1,"minecraft:cyan_bed":1,"minecraft:terracotta":16},"minecraft:mined":{"minecraft:dark_oak_planks":4,"minecraft:jungle_leaves":1,"minecraft:cave_vines_plant":14,"minecraft:red_sand":42,"minecraft:grass_block":4,"minecraft:light_gray_bed":2,"quark:stripped_blossom_log":1,"ecologics:prickly_pear":1,"minecraft:fire":30,"minecraft:iron_ore":26,"minecraft:stripped_dark_oak_wood":2,"minecraft:dark_oak_stairs":1,"minecraft:brown_bed":2,"minecraft:cave_vines":25,"minecraft:flowering_azalea_leaves":4,"minecraft:smooth_sandstone_stairs":6,"minecraft:azalea_leaves":16,"minecraft:azalea":1,"minecraft:stripped_mangrove_wood":4,"minecraft:orange_terracotta":5,"minecraft:torch":1,"minecraft:light_gray_terracotta":24,"minecraft:calcite":4,"minecraft:dead_bush":9,"quark:blossom_log":8,"minecraft:cobblestone":18,"minecraft:cyan_bed":1,"minecraft:wall_torch":8,"minecraft:white_terracotta":20,"minecraft:dark_oak_slab":1,"minecraft:birch_door":1,"minecraft:grass":34,"minecraft:oak_log":11,"ecologics:azalea_log":6,"ecologics:flowering_azalea_log":1,"minecraft:dirt":10,"minecraft:sand":5,"minecraft:sandstone_wall":1,"minecraft:oak_leaves":5,"minecraft:cyan_candle":1,"minecraft:yellow_terracotta":3,"luminousworld:groundpebbles_1":1,"minecraft:yellow_wall_banner":1,"iceandfire:silver_ore":7,"luminousworld:grassvariant_2":1,"minecraft:moss_block":15,"minecraft:sandstone":5,"luminousworld:groundpebbles_3":1,"quark:jasper":4,"minecraft:hay_block":3,"minecraft:furnace":4,"minecraft:chiseled_sandstone":3,"neapolitan:banana_stalk":1,"minecraft:stone":237,"minecraft:flowering_azalea":2,"minecraft:crafting_table":7,"minecraft:copper_ore":12,"minecraft:tall_grass":7,"minecraft:cactus":2,"minecraft:beehive":1,"minecraft:mangrove_planks":2,"minecraft:mangrove_slab":1,"minecraft:coal_ore":105,"luminousworld:ishstone":8,"minecraft:gravel":1,"minecraft:cobweb":1,"minecraft:brown_terracotta":10,"minecraft:terracotta":17,"minecraft:potted_white_tulip":1,"minecraft:gold_ore":49,"minecraft:fern":1},"minecraft:used":{"alexsmobs:emu_egg":1,"minecraft:beetroot":6,"minecraft:red_sand":44,"minecraft:ladder":2,"minecraft:shield":67,"minecraft:iron_sword":22,"minecraft:smooth_sandstone_stairs":6,"minecraft:rotten_flesh":15,"minecraft:carrot":47,"minecraft:beehive":1,"born_in_chaos_v1:corpse_maggot":25,"farmersdelight:tomato":1,"minecraft:dark_oak_slab":2,"minecraft:dark_oak_boat":1,"minecraft:furnace":5,"minecraft:mangrove_slab":1,"minecraft:golden_boots":2,"minecraft:diorite":2,"minecraft:stone_pickaxe":264,"minecraft:mangrove_planks":14,"minecraft:wooden_pickaxe":62,"luminousworld:groundpebbles_1":2,"minecraft:glow_berries":41,"minecraft:sand":3,"minecraft:chiseled_sandstone":6,"born_in_chaos_v1:monster_flesh":1,"minecraft:cyan_bed":3,"minecraft:bread":32,"minecraft:gravel":1,"born_in_chaos_v1:smoked_monster_flesh":1,"minecraft:soul_lantern":1,"minecraft:golden_helmet":1,"minecraft:oak_boat":2,"minecraft:waxed_cut_copper_stairs":1,"minecraft:bone_meal":8,"minecraft:stone_sword":275,"iceandfire:silver_sword":87,"iceandfire:armor_copper_metal_leggings":1,"minecraft:sandstone_wall":2,"minecraft:torch":136,"iceandfire:armor_copper_metal_boots":2,"minecraft:dirt":13,"minecraft:chainmail_chestplate":2,"minecraft:dark_oak_planks":10,"tombstone:gift":10,"minecraft:light_gray_bed":2,"minecraft:iron_leggings":1,"minecraft:brown_bed":2,"alexsmobs:boiled_emu_egg":1,"minecraft:calcite":8,"quark:polished_jasper":4,"minecraft:terracotta":1,"minecraft:crafting_table":12,"minecraft:white_bed":1,"minecraft:campfire":1,"neapolitan:banana_stalk":1,"minecraft:apple":4,"minecraft:iron_pickaxe":252,"minecraft:stone_axe":55,"minecraft:cobblestone":192,"minecraft:sandstone_slab":1,"alexsmobs:animal_dictionary":4},"minecraft:custom":{"lootr:looted_stat":38,"minecraft:animals_bred":12,"minecraft:interact_with_crafting_table":26,"minecraft:leave_game":5,"minecraft:time_since_death":59024,"minecraft:sprint_one_cm":385819,"minecraft:damage_blocked_by_shield":1910,"minecraft:drop":48,"minecraft:talked_to_villager":2,"minecraft:play_time":392708,"minecraft:deaths":33,"minecraft:jump":4869,"minecraft:walk_on_water_one_cm":70518,"minecraft:interact_with_furnace":29,"minecraft:interact_with_loom":1,"minecraft:sleep_in_bed":6,"minecraft:damage_dealt":16010,"minecraft:crouch_one_cm":37610,"waystones:waystone_activated":2,"tombstone:undead_killed":26,"minecraft:horse_one_cm":5588,"minecraft:interact_with_anvil":1,"minecraft:mob_kills":82,"minecraft:interact_with_campfire":2,"minecraft:damage_dealt_resisted":1024,"minecraft:climb_one_cm":92772,"minecraft:walk_one_cm":1619571,"minecraft:sneak_time":17996,"minecraft:walk_under_water_one_cm":44432,"minecraft:boat_one_cm":530494,"minecraft:total_world_time":392708,"minecraft:time_since_rest":49655,"minecraft:damage_taken":12421,"minecraft:swim_one_cm":148834,"minecraft:fly_one_cm":361227,"minecraft:open_chest":3,"minecraft:fall_one_cm":77653},"minecraft:picked_up":{"minecraft:birch_door":4,"minecraft:wheat":1,"minecraft:chainmail_boots":1,"minecraft:lead":1,"minecraft:brown_bed":2,"minecraft:enchanted_book":1,"minecraft:dark_oak_trapdoor":2,"minecraft:raw_copper":68,"minecraft:beetroot":6,"minecraft:red_sand":44,"minecraft:white_tulip":3,"minecraft:redstone_torch":1,"minecraft:calcite":10,"minecraft:azalea":2,"minecraft:iron_pickaxe":1,"minecraft:smooth_quartz_stairs":6,"minecraft:furnace":5,"minecraft:beehive":1,"minecraft:stick":18,"born_in_chaos_v1:shattered_skull":1,"iceandfire:armor_copper_metal_leggings":1,"minecraft:birch_trapdoor":2,"minecraft:brown_terracotta":10,"minecraft:torch":18,"minecraft:sandstone_wall":2,"quark:blossom_log":8,"tombstone:grave_dust":7,"minecraft:diorite":4,"minecraft:golden_chestplate":1,"quark:blossom_planks":16,"minecraft:waxed_cut_copper_stairs":2,"minecraft:yellow_banner":1,"minecraft:cactus":4,"minecraft:light_gray_bed":2,"minecraft:rotten_flesh":48,"alexsmobs:boiled_emu_egg":1,"alexsmobs:emu_egg":8,"minecraft:white_terracotta":20,"supplementaries:ash":26,"minecraft:cobblestone":252,"minecraft:feather":4,"minecraft:dark_oak_boat":1,"minecraft:potato":66,"minecraft:smooth_sandstone_stairs":6,"farmersdelight:tomato":2,"minecraft:mangrove_slab":1,"minecraft:dirt":13,"minecraft:bone":5,"minecraft:wheat_seeds":7,"minecraft:raw_gold":57,"minecraft:cyan_candle":6,"minecraft:moss_block":30,"ecologics:azalea_log":6,"ecologics:prickly_pear":1,"minecraft:sand":4,"minecraft:cyan_bed":4,"minecraft:chiseled_sandstone":6,"quark:jasper":4,"minecraft:bundle":1,"minecraft:light_gray_terracotta":24,"minecraft:soul_lantern":1,"alexsmobs:rattlesnake_rattle":2,"minecraft:bone_meal":11,"minecraft:spruce_sign":4,"minecraft:bread":8,"iceandfire:raw_silver":7,"luminousworld:groundpebbles_1":3,"minecraft:crafting_table":7,"minecraft:sandstone_slab":1,"born_in_chaos_v1:smoked_monster_flesh":1,"minecraft:chicken":1,"minecraft:ladder":3,"minecraft:wooden_pickaxe":2,"minecraft:beef":13,"minecraft:spruce_trapdoor":1,"minecraft:raw_iron":26,"minecraft:sandstone":10,"minecraft:stripped_mangrove_wood":4,"minecraft:bowl":4,"minecraft:cake":1,"minecraft:mangrove_sign":1,"born_in_chaos_v1:pieceofdarkmetal":2,"iceandfire:armor_copper_metal_boots":1,"minecraft:carrot":44,"minecraft:dark_oak_planks":3,"neapolitan:banana_stalk":1,"minecraft:arrow":16,"minecraft:hay_block":4,"minecraft:stripped_dark_oak_wood":2,"minecraft:yellow_terracotta":3,"minecraft:black_banner":1,"quark:stripped_blossom_log":1,"minecraft:glow_berries":35,"minecraft:white_wool":16,"ecologics:flowering_azalea_log":1,"born_in_chaos_v1:corpse_maggot":31,"born_in_chaos_v1:monster_flesh":2,"minecraft:tripwire_hook":2,"luminousworld:ishstone":8,"minecraft:leather":9,"minecraft:chainmail_chestplate":1,"minecraft:oak_log":11,"minecraft:gunpowder":1,"tombstone:gift":1,"minecraft:orange_terracotta":5,"minecraft:gray_carpet":6,"minecraft:mangrove_planks":2,"minecraft:iron_sword":2,"minecraft:flowering_azalea":2,"minecraft:dark_oak_stairs":6,"minecraft:book":1,"minecraft:dark_oak_slab":3,"minecraft:gravel":2,"minecraft:spruce_door":2,"minecraft:slime_ball":1,"minecraft:stone_axe":1,"iceandfire:silver_sword":1,"minecraft:oak_button":4,"minecraft:terracotta":17,"tombstone:magic_scroll":1,"minecraft:coal":105}},"DataVersion":3465}