{"stats":{"minecraft:mined":{"minecraft:dark_oak_planks":4,"minecraft:yellow_terracotta":3,"luminousworld:groundpebbles_1":1,"minecraft:yellow_wall_banner":1,"iceandfire:silver_ore":7,"minecraft:jungle_leaves":1,"minecraft:cave_vines_plant":14,"minecraft:red_sand":42,"minecraft:grass_block":2,"minecraft:light_gray_bed":1,"quark:stripped_blossom_log":1,"minecraft:moss_block":15,"minecraft:sandstone":5,"luminousworld:groundpebbles_3":1,"quark:jasper":4,"ecologics:prickly_pear":1,"minecraft:hay_block":3,"minecraft:furnace":4,"minecraft:fire":30,"minecraft:iron_ore":26,"minecraft:chiseled_sandstone":3,"neapolitan:banana_stalk":1,"minecraft:dark_oak_stairs":1,"minecraft:stripped_dark_oak_wood":2,"minecraft:brown_bed":2,"minecraft:cave_vines":25,"minecraft:flowering_azalea_leaves":4,"minecraft:stripped_mangrove_wood":4,"minecraft:smooth_sandstone_stairs":6,"minecraft:azalea_leaves":16,"minecraft:azalea":1,"minecraft:stone":237,"minecraft:flowering_azalea":2,"minecraft:orange_terracotta":5,"minecraft:crafting_table":7,"minecraft:torch":1,"minecraft:light_gray_terracotta":24,"minecraft:calcite":4,"minecraft:dead_bush":9,"quark:blossom_log":8,"minecraft:copper_ore":12,"minecraft:tall_grass":7,"minecraft:cobblestone":18,"minecraft:cyan_bed":1,"minecraft:wall_torch":8,"minecraft:white_terracotta":20,"minecraft:cactus":2,"minecraft:mangrove_planks":2,"minecraft:birch_door":1,"minecraft:mangrove_slab":1,"minecraft:grass":32,"minecraft:coal_ore":105,"minecraft:oak_log":11,"luminousworld:ishstone":8,"ecologics:azalea_log":6,"ecologics:flowering_azalea_log":1,"minecraft:sand":5,"minecraft:gravel":1,"minecraft:dirt":10,"minecraft:sandstone_wall":1,"minecraft:cobweb":1,"minecraft:brown_terracotta":10,"minecraft:terracotta":17,"minecraft:potted_white_tulip":1,"minecraft:gold_ore":49,"minecraft:cyan_candle":1,"minecraft:oak_leaves":1},"minecraft:broken":{"minecraft:golden_helmet":1,"minecraft:stone_sword":2,"minecraft:stone_pickaxe":2,"minecraft:shield":1},"minecraft:dropped":{"minecraft:moss_block":30,"minecraft:wheat_seeds":3,"minecraft:yellow_terracotta":3,"minecraft:leather":4,"minecraft:stick":2,"tombstone:grave_key":1,"minecraft:brown_terracotta":10,"minecraft:iron_pickaxe":1,"minecraft:gravel":1,"minecraft:bowl":1,"minecraft:light_gray_terracotta":24,"minecraft:rotten_flesh":1,"minecraft:oak_planks":1,"minecraft:orange_terracotta":5,"born_in_chaos_v1:corpse_maggot":1,"minecraft:slime_ball":1,"minecraft:sandstone":10,"minecraft:wooden_pickaxe":1,"minecraft:cyan_bed":1,"farmersdelight:tomato":1,"minecraft:terracotta":16},"minecraft:crafted":{"minecraft:oak_planks":44,"minecraft:golden_chestplate":1,"minecraft:furnace":1,"iceandfire:armor_copper_metal_leggings":1,"minecraft:bone_meal":19,"quark:blossom_chest":1,"iceandfire:armor_copper_metal_boots":1,"minecraft:stone_pickaxe":2,"quark:polished_jasper":4,"minecraft:dark_oak_planks":8,"minecraft:golden_helmet":1,"minecraft:golden_boots":1,"minecraft:wheat":18,"sophisticatedbackpacks:backpack":1,"quark:blossom_planks":36,"minecraft:crafting_table":4,"minecraft:wooden_pickaxe":1,"minecraft:copper_ingot":16,"minecraft:mangrove_planks":12,"minecraft:hay_block":4,"minecraft:campfire":1,"minecraft:stone_axe":1,"minecraft:air":0,"minecraft:oak_boat":1,"minecraft:string":12,"minecraft:golden_leggings":1,"minecraft:shield":2,"minecraft:stick":36,"minecraft:iron_ingot":4,"minecraft:iron_pickaxe":1,"minecraft:stone_sword":2,"minecraft:gold_ingot":24,"minecraft:torch":148},"minecraft:killed":{"minecraft:spider":1,"alexsmobs:seagull":2,"alexsmobs:rattlesnake":2,"born_in_chaos_v1:zombie_bruiser":1,"born_in_chaos_v1:maggot":3,"minecraft:skeleton":3,"naturalist:coral_snake":1,"naturalist:snail":1,"minecraft:horse":1,"alexsmobs:capuchin_monkey":2,"undead_revamp2:sucker":4,"minecraft:husk":6,"undead_revamp2:the_moonflower":1,"born_in_chaos_v1:decrepit_skeleton":2,"minecraft:zombie":2,"born_in_chaos_v1:dread_hound":2,"born_in_chaos_v1:corpse_fly":20,"enemyexpansion:botfly":3,"born_in_chaos_v1:door_knight":1,"minecraft:cow":6,"enemyexpansion:slugger":1},"minecraft:custom":{"lootr:looted_stat":32,"minecraft:mob_kills":74,"minecraft:animals_bred":9,"minecraft:interact_with_crafting_table":22,"minecraft:interact_with_campfire":2,"minecraft:damage_dealt_resisted":1024,"minecraft:leave_game":4,"minecraft:time_since_death":6276,"minecraft:climb_one_cm":37982,"minecraft:sprint_one_cm":315076,"minecraft:walk_one_cm":1388227,"minecraft:damage_blocked_by_shield":1910,"minecraft:drop":27,"minecraft:talked_to_villager":2,"minecraft:play_time":339960,"minecraft:deaths":33,"minecraft:sneak_time":16771,"minecraft:walk_under_water_one_cm":37647,"minecraft:boat_one_cm":348293,"minecraft:jump":3736,"minecraft:walk_on_water_one_cm":43001,"minecraft:total_world_time":339960,"minecraft:interact_with_furnace":27,"minecraft:interact_with_loom":1,"minecraft:sleep_in_bed":5,"minecraft:time_since_rest":5715,"minecraft:damage_taken":11774,"minecraft:damage_dealt":14920,"minecraft:fly_one_cm":334447,"minecraft:swim_one_cm":136500,"waystones:waystone_activated":1,"minecraft:open_chest":3,"minecraft:crouch_one_cm":35297,"tombstone:undead_killed":21,"minecraft:fall_one_cm":72264,"minecraft:horse_one_cm":5588},"minecraft:picked_up":{"minecraft:birch_door":2,"luminousworld:groundpebbles_1":3,"minecraft:crafting_table":7,"minecraft:wheat":1,"minecraft:ladder":1,"minecraft:sandstone_slab":1,"minecraft:chicken":1,"born_in_chaos_v1:smoked_monster_flesh":1,"minecraft:lead":1,"minecraft:wooden_pickaxe":2,"minecraft:brown_bed":2,"minecraft:enchanted_book":1,"minecraft:raw_copper":68,"minecraft:red_sand":44,"minecraft:beef":13,"minecraft:white_tulip":1,"minecraft:redstone_torch":1,"minecraft:calcite":10,"minecraft:azalea":2,"minecraft:iron_pickaxe":1,"minecraft:smooth_quartz_stairs":3,"minecraft:stripped_mangrove_wood":4,"minecraft:spruce_trapdoor":1,"minecraft:furnace":4,"minecraft:stick":18,"minecraft:raw_iron":26,"minecraft:sandstone":10,"born_in_chaos_v1:shattered_skull":1,"minecraft:birch_trapdoor":1,"minecraft:brown_terracotta":10,"minecraft:torch":18,"minecraft:bowl":4,"minecraft:sandstone_wall":2,"quark:blossom_log":8,"minecraft:mangrove_sign":1,"tombstone:grave_dust":7,"minecraft:diorite":3,"born_in_chaos_v1:pieceofdarkmetal":2,"minecraft:carrot":44,"quark:blossom_planks":8,"minecraft:dark_oak_planks":3,"minecraft:yellow_banner":1,"neapolitan:banana_stalk":1,"minecraft:light_gray_bed":1,"minecraft:arrow":7,"minecraft:cactus":4,"minecraft:rotten_flesh":41,"minecraft:hay_block":4,"alexsmobs:boiled_emu_egg":1,"minecraft:stripped_dark_oak_wood":2,"alexsmobs:emu_egg":8,"minecraft:yellow_terracotta":3,"minecraft:white_terracotta":20,"supplementaries:ash":26,"quark:stripped_blossom_log":1,"minecraft:glow_berries":35,"minecraft:cobblestone":252,"ecologics:flowering_azalea_log":1,"born_in_chaos_v1:corpse_maggot":31,"minecraft:feather":2,"born_in_chaos_v1:monster_flesh":2,"minecraft:tripwire_hook":1,"luminousworld:ishstone":8,"minecraft:leather":9,"minecraft:potato":66,"minecraft:chainmail_chestplate":1,"minecraft:smooth_sandstone_stairs":6,"minecraft:oak_log":11,"minecraft:gunpowder":1,"minecraft:mangrove_slab":1,"farmersdelight:tomato":2,"minecraft:dirt":11,"tombstone:gift":1,"minecraft:orange_terracotta":5,"minecraft:bone":5,"minecraft:gray_carpet":3,"minecraft:wheat_seeds":6,"minecraft:raw_gold":57,"minecraft:cyan_candle":6,"minecraft:moss_block":30,"minecraft:mangrove_planks":2,"minecraft:iron_sword":2,"minecraft:flowering_azalea":2,"minecraft:dark_oak_stairs":3,"minecraft:book":1,"minecraft:dark_oak_slab":1,"ecologics:azalea_log":6,"ecologics:prickly_pear":1,"minecraft:gravel":2,"minecraft:sand":4,"minecraft:spruce_door":2,"minecraft:cyan_bed":4,"minecraft:chiseled_sandstone":6,"quark:jasper":4,"minecraft:bundle":1,"minecraft:light_gray_terracotta":24,"minecraft:slime_ball":1,"iceandfire:silver_sword":1,"minecraft:soul_lantern":1,"alexsmobs:rattlesnake_rattle":2,"minecraft:spruce_sign":4,"minecraft:bread":8,"minecraft:oak_button":4,"minecraft:terracotta":17,"tombstone:magic_scroll":1,"minecraft:coal":105,"iceandfire:raw_silver":7},"minecraft:killed_by":{"minecraft:husk":21,"born_in_chaos_v1:nightmare_stalker":1,"iceandfire:sea_serpent":1,"minecraft:zombie":1,"born_in_chaos_v1:corpse_fish":1,"iceandfire:ghost":1},"minecraft:used":{"alexsmobs:emu_egg":1,"minecraft:beetroot":6,"minecraft:red_sand":44,"minecraft:stone_sword":275,"iceandfire:silver_sword":75,"iceandfire:armor_copper_metal_leggings":1,"minecraft:shield":67,"minecraft:iron_sword":6,"minecraft:sandstone_wall":2,"minecraft:smooth_sandstone_stairs":6,"minecraft:rotten_flesh":15,"minecraft:torch":136,"iceandfire:armor_copper_metal_boots":2,"minecraft:dirt":11,"minecraft:chainmail_chestplate":2,"minecraft:carrot":30,"born_in_chaos_v1:corpse_maggot":25,"minecraft:dark_oak_planks":9,"farmersdelight:tomato":1,"minecraft:furnace":4,"minecraft:mangrove_slab":1,"tombstone:gift":10,"minecraft:iron_leggings":1,"minecraft:brown_bed":2,"alexsmobs:boiled_emu_egg":1,"minecraft:calcite":8,"minecraft:golden_boots":2,"minecraft:diorite":2,"quark:polished_jasper":4,"minecraft:stone_pickaxe":264,"minecraft:mangrove_planks":14,"minecraft:wooden_pickaxe":62,"luminousworld:groundpebbles_1":2,"minecraft:glow_berries":41,"minecraft:terracotta":1,"minecraft:sand":3,"minecraft:crafting_table":10,"minecraft:campfire":1,"neapolitan:banana_stalk":1,"minecraft:chiseled_sandstone":6,"minecraft:cyan_bed":3,"born_in_chaos_v1:monster_flesh":1,"minecraft:bread":27,"minecraft:iron_pickaxe":252,"minecraft:gravel":1,"born_in_chaos_v1:smoked_monster_flesh":1,"minecraft:soul_lantern":1,"minecraft:golden_helmet":1,"minecraft:stone_axe":55,"minecraft:cobblestone":192,"minecraft:sandstone_slab":1,"minecraft:oak_boat":1,"alexsmobs:animal_dictionary":4,"minecraft:bone_meal":8}},"DataVersion":3465}