{"stats":{"minecraft:mined":{"minecraft:yellow_terracotta":3,"minecraft:yellow_wall_banner":1,"iceandfire:silver_ore":7,"minecraft:cave_vines_plant":14,"minecraft:red_sand":42,"minecraft:grass_block":2,"quark:stripped_blossom_log":1,"minecraft:moss_block":15,"minecraft:sandstone":5,"luminousworld:groundpebbles_3":1,"quark:jasper":4,"ecologics:prickly_pear":1,"minecraft:hay_block":3,"minecraft:furnace":4,"minecraft:iron_ore":26,"minecraft:chiseled_sandstone":3,"minecraft:cave_vines":25,"minecraft:flowering_azalea_leaves":4,"minecraft:smooth_sandstone_stairs":6,"minecraft:azalea_leaves":16,"minecraft:azalea":1,"minecraft:stone":237,"minecraft:flowering_azalea":2,"minecraft:orange_terracotta":5,"minecraft:crafting_table":6,"minecraft:torch":1,"minecraft:light_gray_terracotta":24,"minecraft:dead_bush":8,"quark:blossom_log":8,"minecraft:copper_ore":12,"minecraft:tall_grass":7,"minecraft:cobblestone":18,"minecraft:wall_torch":7,"minecraft:white_terracotta":20,"minecraft:cactus":2,"minecraft:grass":29,"minecraft:coal_ore":105,"minecraft:oak_log":5,"luminousworld:ishstone":8,"ecologics:azalea_log":6,"ecologics:flowering_azalea_log":1,"minecraft:sand":4,"minecraft:gravel":1,"minecraft:dirt":10,"minecraft:sandstone_wall":1,"minecraft:cobweb":1,"minecraft:brown_terracotta":10,"minecraft:terracotta":17,"minecraft:potted_white_tulip":1,"minecraft:gold_ore":49,"minecraft:oak_leaves":1},"minecraft:broken":{"minecraft:stone_sword":1,"minecraft:stone_pickaxe":2},"minecraft:dropped":{"minecraft:moss_block":30,"minecraft:wheat_seeds":3,"minecraft:yellow_terracotta":3,"minecraft:brown_terracotta":10,"minecraft:iron_pickaxe":1,"minecraft:gravel":1,"minecraft:light_gray_terracotta":24,"minecraft:rotten_flesh":1,"minecraft:oak_planks":1,"minecraft:orange_terracotta":5,"born_in_chaos_v1:corpse_maggot":1,"minecraft:slime_ball":1,"minecraft:sandstone":10,"minecraft:wooden_pickaxe":1,"farmersdelight:tomato":1,"minecraft:terracotta":16},"minecraft:crafted":{"minecraft:oak_planks":20,"minecraft:golden_chestplate":1,"minecraft:furnace":1,"iceandfire:armor_copper_metal_leggings":1,"minecraft:bone_meal":19,"iceandfire:armor_copper_metal_boots":1,"minecraft:stone_pickaxe":2,"quark:polished_jasper":4,"minecraft:golden_helmet":1,"minecraft:golden_boots":1,"quark:blossom_planks":36,"minecraft:crafting_table":3,"minecraft:wooden_pickaxe":1,"minecraft:copper_ingot":16,"minecraft:campfire":1,"minecraft:stone_axe":1,"minecraft:air":0,"minecraft:golden_leggings":1,"minecraft:shield":2,"minecraft:stick":36,"minecraft:iron_ingot":4,"minecraft:iron_pickaxe":1,"minecraft:stone_sword":2,"minecraft:gold_ingot":24,"minecraft:torch":148},"minecraft:killed":{"alexsmobs:seagull":2,"alexsmobs:rattlesnake":2,"born_in_chaos_v1:zombie_bruiser":1,"born_in_chaos_v1:maggot":1,"naturalist:snail":1,"minecraft:horse":1,"undead_revamp2:sucker":4,"undead_revamp2:the_moonflower":1,"born_in_chaos_v1:decrepit_skeleton":2,"minecraft:zombie":2,"born_in_chaos_v1:dread_hound":2,"born_in_chaos_v1:corpse_fly":17,"born_in_chaos_v1:door_knight":1,"enemyexpansion:slugger":1},"minecraft:custom":{"lootr:looted_stat":21,"minecraft:mob_kills":40,"minecraft:animals_bred":6,"minecraft:interact_with_crafting_table":17,"minecraft:interact_with_campfire":2,"minecraft:damage_dealt_resisted":974,"minecraft:leave_game":4,"minecraft:time_since_death":102659,"minecraft:climb_one_cm":8749,"minecraft:sprint_one_cm":147693,"minecraft:walk_one_cm":836279,"minecraft:damage_blocked_by_shield":680,"minecraft:drop":21,"minecraft:talked_to_villager":2,"minecraft:play_time":213960,"minecraft:deaths":3,"minecraft:sneak_time":14320,"minecraft:walk_under_water_one_cm":22989,"minecraft:jump":2044,"minecraft:walk_on_water_one_cm":24481,"minecraft:total_world_time":213960,"minecraft:interact_with_furnace":27,"minecraft:sleep_in_bed":3,"minecraft:time_since_rest":4657,"minecraft:damage_taken":2918,"minecraft:damage_dealt":6054,"minecraft:fly_one_cm":124817,"minecraft:swim_one_cm":13476,"waystones:waystone_activated":1,"minecraft:open_chest":3,"minecraft:crouch_one_cm":30165,"tombstone:undead_killed":12,"minecraft:fall_one_cm":35276,"minecraft:horse_one_cm":5588},"minecraft:picked_up":{"luminousworld:groundpebbles_1":1,"minecraft:crafting_table":6,"minecraft:wheat":1,"minecraft:sandstone_slab":1,"born_in_chaos_v1:smoked_monster_flesh":1,"minecraft:wooden_pickaxe":1,"minecraft:enchanted_book":1,"minecraft:raw_copper":68,"minecraft:red_sand":44,"minecraft:white_tulip":1,"minecraft:azalea":2,"minecraft:iron_pickaxe":1,"minecraft:furnace":4,"minecraft:stick":16,"minecraft:raw_iron":26,"minecraft:sandstone":10,"born_in_chaos_v1:shattered_skull":1,"minecraft:brown_terracotta":10,"minecraft:torch":18,"minecraft:sandstone_wall":2,"quark:blossom_log":8,"born_in_chaos_v1:pieceofdarkmetal":2,"minecraft:carrot":43,"minecraft:yellow_banner":1,"minecraft:cactus":4,"minecraft:rotten_flesh":18,"minecraft:hay_block":3,"alexsmobs:boiled_emu_egg":1,"alexsmobs:emu_egg":2,"minecraft:yellow_terracotta":3,"minecraft:white_terracotta":20,"supplementaries:ash":3,"quark:stripped_blossom_log":1,"minecraft:glow_berries":35,"minecraft:cobblestone":252,"ecologics:flowering_azalea_log":1,"born_in_chaos_v1:corpse_maggot":19,"minecraft:feather":2,"born_in_chaos_v1:monster_flesh":2,"luminousworld:ishstone":8,"minecraft:leather":1,"minecraft:potato":65,"minecraft:smooth_sandstone_stairs":6,"minecraft:oak_log":5,"minecraft:gunpowder":1,"farmersdelight:tomato":2,"minecraft:dirt":11,"tombstone:gift":1,"minecraft:orange_terracotta":5,"minecraft:bone":1,"minecraft:wheat_seeds":6,"minecraft:raw_gold":57,"minecraft:moss_block":30,"minecraft:flowering_azalea":2,"minecraft:book":1,"ecologics:azalea_log":6,"ecologics:prickly_pear":1,"minecraft:gravel":2,"minecraft:sand":3,"minecraft:chiseled_sandstone":6,"quark:jasper":4,"minecraft:bundle":1,"minecraft:light_gray_terracotta":24,"minecraft:slime_ball":1,"alexsmobs:rattlesnake_rattle":2,"minecraft:bread":8,"minecraft:oak_button":4,"minecraft:terracotta":17,"minecraft:coal":105,"iceandfire:raw_silver":7},"minecraft:killed_by":{"born_in_chaos_v1:nightmare_stalker":1,"minecraft:zombie":1},"minecraft:used":{"alexsmobs:emu_egg":1,"minecraft:red_sand":44,"minecraft:stone_sword":212,"iceandfire:armor_copper_metal_leggings":1,"minecraft:shield":26,"minecraft:sandstone_wall":2,"minecraft:smooth_sandstone_stairs":6,"minecraft:rotten_flesh":12,"minecraft:torch":136,"iceandfire:armor_copper_metal_boots":2,"minecraft:dirt":11,"minecraft:carrot":20,"born_in_chaos_v1:corpse_maggot":17,"farmersdelight:tomato":1,"minecraft:furnace":4,"tombstone:gift":6,"alexsmobs:boiled_emu_egg":1,"minecraft:golden_boots":2,"quark:polished_jasper":4,"minecraft:stone_pickaxe":264,"minecraft:wooden_pickaxe":58,"luminousworld:groundpebbles_1":1,"minecraft:glow_berries":41,"minecraft:terracotta":1,"minecraft:sand":3,"minecraft:crafting_table":8,"minecraft:campfire":1,"minecraft:chiseled_sandstone":6,"born_in_chaos_v1:monster_flesh":1,"minecraft:bread":16,"minecraft:iron_pickaxe":252,"minecraft:gravel":1,"born_in_chaos_v1:smoked_monster_flesh":1,"minecraft:golden_helmet":1,"minecraft:stone_axe":46,"minecraft:cobblestone":180,"minecraft:sandstone_slab":1,"alexsmobs:animal_dictionary":4,"minecraft:bone_meal":8}},"DataVersion":3465}