{"stats":{"minecraft:killed_by":{"born_in_chaos_v1:nightmare_stalker":1,"minecraft:zombie":1},"minecraft:used":{"alexsmobs:emu_egg":1,"minecraft:stone_sword":120,"minecraft:red_sand":44,"quark:polished_jasper":4,"minecraft:stone_pickaxe":264,"minecraft:shield":13,"minecraft:wooden_pickaxe":58,"luminousworld:groundpebbles_1":1,"minecraft:rotten_flesh":1,"minecraft:torch":90,"minecraft:glow_berries":41,"minecraft:dirt":10,"minecraft:crafting_table":6,"minecraft:campfire":1,"born_in_chaos_v1:corpse_maggot":3,"born_in_chaos_v1:monster_flesh":1,"minecraft:bread":7,"minecraft:iron_pickaxe":93,"born_in_chaos_v1:smoked_monster_flesh":1,"minecraft:stone_axe":40,"minecraft:cobblestone":124,"minecraft:furnace":3,"alexsmobs:animal_dictionary":3,"tombstone:gift":4,"minecraft:bone_meal":8,"minecraft:golden_boots":1,"alexsmobs:boiled_emu_egg":1},"minecraft:custom":{"minecraft:interact_with_furnace":14,"minecraft:mob_kills":17,"minecraft:interact_with_crafting_table":10,"minecraft:interact_with_campfire":2,"minecraft:leave_game":4,"minecraft:time_since_death":18051,"minecraft:sleep_in_bed":1,"minecraft:climb_one_cm":446,"minecraft:time_since_rest":15980,"minecraft:walk_one_cm":390644,"minecraft:sprint_one_cm":79009,"minecraft:damage_taken":1771,"minecraft:damage_blocked_by_shield":465,"minecraft:drop":6,"minecraft:damage_dealt":3343,"minecraft:swim_one_cm":13476,"minecraft:fly_one_cm":100149,"minecraft:open_chest":3,"minecraft:crouch_one_cm":25334,"minecraft:play_time":129352,"tombstone:undead_killed":8,"minecraft:deaths":3,"minecraft:sneak_time":11266,"minecraft:walk_under_water_one_cm":18378,"minecraft:jump":1330,"minecraft:walk_on_water_one_cm":21778,"minecraft:total_world_time":129352,"minecraft:fall_one_cm":22690},"minecraft:dropped":{"minecraft:light_gray_terracotta":24,"minecraft:yellow_terracotta":3,"minecraft:orange_terracotta":5,"born_in_chaos_v1:corpse_maggot":1,"minecraft:brown_terracotta":10,"minecraft:terracotta":16},"minecraft:crafted":{"minecraft:oak_planks":20,"quark:blossom_planks":36,"minecraft:crafting_table":3,"minecraft:wooden_pickaxe":1,"minecraft:furnace":1,"minecraft:bone_meal":16,"minecraft:campfire":1,"minecraft:stone_axe":1,"minecraft:air":0,"minecraft:shield":1,"minecraft:stick":20,"minecraft:gold_ingot":8,"minecraft:iron_ingot":4,"minecraft:iron_pickaxe":1,"minecraft:stone_pickaxe":2,"minecraft:stone_sword":1,"quark:polished_jasper":4,"minecraft:torch":88,"minecraft:golden_boots":1},"minecraft:killed":{"undead_revamp2:the_moonflower":1,"alexsmobs:seagull":2,"born_in_chaos_v1:zombie_bruiser":1,"born_in_chaos_v1:decrepit_skeleton":1,"born_in_chaos_v1:maggot":1,"minecraft:zombie":1,"born_in_chaos_v1:dread_hound":2,"born_in_chaos_v1:corpse_fly":2,"undead_revamp2:sucker":4},"minecraft:broken":{"minecraft:stone_pickaxe":2},"minecraft:picked_up":{"ecologics:flowering_azalea_log":1,"luminousworld:groundpebbles_1":1,"born_in_chaos_v1:corpse_maggot":5,"minecraft:crafting_table":3,"minecraft:feather":2,"born_in_chaos_v1:smoked_monster_flesh":1,"born_in_chaos_v1:monster_flesh":2,"minecraft:oak_log":5,"minecraft:gunpowder":1,"minecraft:dirt":11,"minecraft:orange_terracotta":5,"minecraft:bone":1,"minecraft:wheat_seeds":1,"minecraft:red_sand":44,"minecraft:raw_gold":34,"minecraft:azalea":2,"minecraft:iron_pickaxe":1,"minecraft:moss_block":10,"minecraft:flowering_azalea":2,"minecraft:furnace":2,"minecraft:stick":16,"minecraft:raw_iron":4,"born_in_chaos_v1:shattered_skull":1,"ecologics:azalea_log":6,"minecraft:brown_terracotta":10,"minecraft:torch":10,"minecraft:gravel":1,"quark:blossom_log":8,"born_in_chaos_v1:pieceofdarkmetal":2,"quark:jasper":4,"minecraft:light_gray_terracotta":24,"minecraft:bundle":1,"minecraft:cactus":1,"minecraft:rotten_flesh":12,"alexsmobs:boiled_emu_egg":1,"minecraft:yellow_terracotta":3,"minecraft:bread":8,"alexsmobs:emu_egg":2,"minecraft:terracotta":16,"quark:stripped_blossom_log":1,"minecraft:white_terracotta":20,"supplementaries:ash":1,"minecraft:glow_berries":35,"minecraft:coal":77,"minecraft:cobblestone":204},"minecraft:mined":{"minecraft:yellow_terracotta":3,"minecraft:flowering_azalea":2,"minecraft:orange_terracotta":5,"minecraft:crafting_table":3,"minecraft:light_gray_terracotta":24,"minecraft:cave_vines_plant":14,"minecraft:red_sand":42,"minecraft:grass_block":2,"minecraft:dead_bush":8,"quark:blossom_log":8,"quark:stripped_blossom_log":1,"minecraft:tall_grass":3,"minecraft:cobblestone":16,"minecraft:moss_block":15,"luminousworld:groundpebbles_3":1,"minecraft:wall_torch":1,"quark:jasper":4,"ecologics:prickly_pear":1,"minecraft:white_terracotta":20,"minecraft:cactus":1,"minecraft:furnace":2,"minecraft:iron_ore":4,"minecraft:grass":9,"minecraft:cave_vines":25,"minecraft:coal_ore":77,"minecraft:oak_log":5,"minecraft:flowering_azalea_leaves":4,"ecologics:azalea_log":6,"ecologics:flowering_azalea_log":1,"minecraft:gravel":1,"minecraft:dirt":9,"minecraft:azalea_leaves":16,"minecraft:brown_terracotta":10,"minecraft:terracotta":16,"minecraft:azalea":1,"minecraft:stone":191,"minecraft:gold_ore":34}},"DataVersion":3465}