{"stats":{"minecraft:killed_by":{"born_in_chaos_v1:nightmare_stalker":1,"iceandfire:sea_serpent":1,"minecraft:zombie":1,"minecraft:husk":21,"born_in_chaos_v1:corpse_fish":1,"iceandfire:ghost":1},"minecraft:crafted":{"minecraft:oak_planks":176,"iceandfire:armor_copper_metal_boots":1,"born_in_chaos_v1:fired_black_argillite":63,"minecraft:golden_boots":1,"sophisticatedbackpacks:backpack":1,"quark:blossom_planks":36,"minecraft:crafting_table":6,"minecraft:wooden_pickaxe":1,"minecraft:copper_ingot":16,"minecraft:fletching_table":1,"minecraft:hay_block":4,"minecraft:campfire":1,"minecraft:lectern":1,"minecraft:string":12,"minecraft:golden_leggings":1,"minecraft:shield":3,"minecraft:stick":56,"minecraft:light_blue_dye":2,"minecraft:iron_ingot":27,"minecraft:iron_pickaxe":2,"minecraft:light_blue_bed":1,"minecraft:stone_sword":2,"minecraft:gold_ingot":24,"minecraft:golden_chestplate":1,"minecraft:furnace":1,"iceandfire:armor_copper_metal_leggings":1,"minecraft:bone_meal":22,"quark:blossom_chest":1,"minecraft:iron_axe":1,"minecraft:stone_pickaxe":2,"quark:polished_jasper":4,"minecraft:dark_oak_planks":8,"minecraft:golden_helmet":1,"minecraft:wheat":18,"luminousworld:autumnplank":28,"minecraft:mangrove_planks":12,"minecraft:stone_axe":1,"minecraft:air":0,"minecraft:blue_dye":1,"minecraft:oak_boat":2,"minecraft:white_dye":1,"minecraft:white_bed":1,"minecraft:torch":224},"minecraft:killed":{"minecraft:spider":1,"undead_revamp2:thesmoker":1,"creeperoverhaul:bamboo_creeper":1,"naturalist:snail":1,"minecraft:skeleton":7,"alexsmobs:capuchin_monkey":2,"minecraft:creeper":1,"minecraft:pillager":1,"minecraft:zombie":9,"born_in_chaos_v1:dread_hound":2,"born_in_chaos_v1:corpse_fly":20,"enemyexpansion:botfly":3,"alexsmobs:fly":1,"born_in_chaos_v1:door_knight":1,"takesapillage:archer":2,"minecraft:cow":6,"enemyexpansion:trollenraged":1,"undead_revamp2:thehunter":2,"minecraft:vindicator":1,"alexsmobs:seagull":2,"enemyexpansion:direwolf":5,"alexsmobs:rattlesnake":2,"born_in_chaos_v1:zombie_bruiser":1,"born_in_chaos_v1:maggot":5,"minecraft:horse":1,"naturalist:coral_snake":1,"born_in_chaos_v1:corpse_fish":5,"undead_revamp2:sucker":4,"enemyexpansion:scorpion":1,"minecraft:husk":7,"takesapillage:skirmisher":1,"undead_revamp2:the_moonflower":1,"born_in_chaos_v1:decrepit_skeleton":2,"minecraft:enderman":1,"enemyexpansion:slugger":1},"minecraft:broken":{"minecraft:golden_helmet":1,"minecraft:stone_pickaxe":2,"minecraft:stone_axe":1,"minecraft:stone_sword":2,"minecraft:shield":1,"minecraft:iron_pickaxe":1},"minecraft:dropped":{"minecraft:spruce_sign":4,"minecraft:moss_block":30,"minecraft:dark_oak_stairs":3,"minecraft:stripped_mangrove_wood":1,"minecraft:leather":4,"minecraft:dark_oak_trapdoor":2,"iceandfire:armor_copper_metal_boots":1,"minecraft:iron_pickaxe":1,"minecraft:gravel":1,"minecraft:white_tulip":1,"minecraft:waxed_cut_copper_stairs":1,"minecraft:golden_chestplate":1,"minecraft:rotten_flesh":1,"aether:leather_gloves":1,"minecraft:oak_planks":1,"ecologics:prickly_pear":1,"minecraft:mangrove_sign":1,"minecraft:birch_trapdoor":1,"born_in_chaos_v1:corpse_maggot":1,"minecraft:leather_boots":1,"alexsmobs:banana":1,"iceandfire:armor_copper_metal_leggings":1,"minecraft:bread":11,"minecraft:wheat_seeds":3,"neapolitan:banana":1,"minecraft:smooth_quartz_stairs":6,"quark:blossom_planks":8,"minecraft:yellow_terracotta":3,"minecraft:stick":2,"minecraft:diorite":2,"tombstone:grave_key":1,"tombstone:grave_dust":1,"minecraft:brown_terracotta":10,"minecraft:tripwire_hook":1,"minecraft:gray_carpet":3,"minecraft:light_gray_terracotta":24,"minecraft:bowl":1,"minecraft:potato":2,"minecraft:orange_terracotta":5,"minecraft:slime_ball":1,"minecraft:sandstone":10,"minecraft:wooden_pickaxe":1,"minecraft:calcite":5,"farmersdelight:tomato":1,"minecraft:cyan_bed":1,"minecraft:terracotta":16},"minecraft:mined":{"minecraft:dark_oak_planks":5,"minecraft:spruce_planks":3,"minecraft:white_bed":1,"luminousworld:autumnleaves":1,"minecraft:jungle_leaves":3,"minecraft:cave_vines_plant":14,"minecraft:red_sand":42,"minecraft:grass_block":7,"minecraft:jungle_log":22,"minecraft:light_gray_bed":2,"quark:stripped_blossom_log":1,"ecologics:prickly_pear":1,"minecraft:fire":30,"minecraft:iron_ore":79,"minecraft:deepslate_lapis_ore":2,"minecraft:stripped_dark_oak_wood":2,"minecraft:dark_oak_stairs":1,"minecraft:brown_bed":2,"minecraft:cave_vines":25,"minecraft:flowering_azalea_leaves":4,"minecraft:smooth_sandstone_stairs":6,"minecraft:azalea_leaves":16,"minecraft:azalea":1,"minecraft:stripped_mangrove_wood":4,"minecraft:orange_terracotta":5,"minecraft:torch":1,"minecraft:light_gray_terracotta":24,"minecraft:calcite":5,"minecraft:dead_bush":9,"quark:blossom_log":8,"minecraft:cobblestone":21,"minecraft:cyan_bed":1,"minecraft:wall_torch":9,"minecraft:white_terracotta":20,"minecraft:jungle_wood":1,"minecraft:dark_oak_slab":1,"minecraft:birch_door":1,"minecraft:grass":42,"minecraft:oak_log":45,"ecologics:azalea_log":6,"ecologics:flowering_azalea_log":1,"minecraft:dirt":17,"minecraft:sand":5,"minecraft:sandstone_wall":1,"minecraft:deepslate":1,"minecraft:oak_leaves":8,"minecraft:cyan_candle":1,"minecraft:yellow_terracotta":3,"luminousworld:groundpebbles_1":1,"minecraft:yellow_wall_banner":1,"iceandfire:silver_ore":11,"born_in_chaos_v1:black_argillite":63,"luminousworld:grassvariant_2":1,"minecraft:moss_block":16,"minecraft:sandstone":5,"luminousworld:groundpebbles_3":1,"quark:jasper":4,"minecraft:hay_block":3,"neapolitan:banana_bundle":1,"minecraft:furnace":4,"minecraft:chiseled_sandstone":3,"neapolitan:banana_stalk":4,"minecraft:vine":6,"minecraft:bamboo_sapling":1,"minecraft:stone":300,"minecraft:bone_block":5,"minecraft:flowering_azalea":2,"minecraft:crafting_table":7,"minecraft:lectern":3,"luminousworld:auburnlog":14,"minecraft:copper_ore":12,"minecraft:tall_grass":7,"minecraft:lapis_ore":6,"supplementaries:urn":7,"minecraft:cactus":2,"minecraft:light_blue_bed":4,"minecraft:beehive":1,"minecraft:gray_bed":2,"minecraft:mangrove_planks":2,"minecraft:mangrove_slab":1,"minecraft:coal_ore":146,"luminousworld:ishstone":10,"minecraft:gravel":1,"minecraft:cobweb":1,"minecraft:brown_terracotta":10,"minecraft:terracotta":17,"minecraft:potted_white_tulip":1,"minecraft:gold_ore":52,"minecraft:fern":2},"minecraft:used":{"alexsmobs:emu_egg":1,"minecraft:moss_block":1,"minecraft:beetroot":6,"minecraft:moss_carpet":1,"minecraft:red_sand":44,"minecraft:bone_block":5,"minecraft:ladder":2,"minecraft:shield":86,"minecraft:iron_sword":144,"minecraft:smooth_sandstone_stairs":6,"minecraft:rotten_flesh":15,"minecraft:carrot":47,"minecraft:beehive":1,"born_in_chaos_v1:corpse_maggot":25,"farmersdelight:tomato":1,"minecraft:iron_helmet":1,"minecraft:light_blue_bed":5,"minecraft:dark_oak_slab":2,"minecraft:bow":8,"minecraft:dark_oak_boat":11,"minecraft:furnace":5,"minecraft:mangrove_slab":1,"minecraft:gray_bed":2,"minecraft:golden_boots":2,"minecraft:diorite":2,"minecraft:stone_pickaxe":264,"minecraft:mangrove_planks":14,"minecraft:oak_planks":11,"minecraft:wooden_pickaxe":62,"luminousworld:groundpebbles_1":2,"minecraft:glow_berries":41,"minecraft:sand":3,"minecraft:purple_terracotta":2,"minecraft:pumpkin_seeds":3,"minecraft:chiseled_sandstone":6,"neapolitan:banana_bunch":2,"born_in_chaos_v1:monster_flesh":1,"minecraft:cyan_bed":3,"minecraft:bread":71,"minecraft:lectern":4,"minecraft:gravel":1,"born_in_chaos_v1:smoked_monster_flesh":1,"supplementaries:flax_seeds":1,"minecraft:soul_lantern":1,"minecraft:golden_helmet":1,"minecraft:oak_boat":3,"minecraft:waxed_cut_copper_stairs":1,"minecraft:bone_meal":8,"minecraft:jungle_leaves":2,"minecraft:enchanting_table":1,"minecraft:stone_sword":275,"iceandfire:silver_sword":87,"farmersdelight:vegetable_noodles":2,"iceandfire:armor_copper_metal_leggings":1,"born_in_chaos_v1:ethereal_spirit":3,"minecraft:spruce_planks":1,"minecraft:sandstone_wall":2,"minecraft:torch":218,"iceandfire:armor_copper_metal_boots":2,"minecraft:dirt":16,"minecraft:chainmail_chestplate":2,"minecraft:dark_oak_planks":12,"minecraft:iron_axe":26,"minecraft:jungle_log":5,"minecraft:melon_seeds":4,"minecraft:bamboo":2,"tombstone:gift":12,"minecraft:light_gray_bed":2,"minecraft:iron_leggings":2,"minecraft:brown_bed":2,"alexsmobs:boiled_emu_egg":1,"minecraft:calcite":9,"minecraft:water_bucket":1,"quark:polished_jasper":4,"luminousworld:ishstone":2,"minecraft:fletching_table":1,"minecraft:jungle_wood":1,"minecraft:terracotta":1,"minecraft:crafting_table":13,"neapolitan:banana":3,"minecraft:white_bed":1,"minecraft:campfire":1,"minecraft:cake":1,"minecraft:oak_log":1,"neapolitan:banana_stalk":4,"minecraft:apple":4,"minecraft:iron_pickaxe":504,"tombstone:magic_scroll":2,"minecraft:stone_axe":124,"minecraft:cobblestone":223,"minecraft:bucket":2,"minecraft:sandstone_slab":1,"alexsmobs:animal_dictionary":4},"minecraft:custom":{"lootr:looted_stat":45,"minecraft:animals_bred":12,"minecraft:interact_with_crafting_table":31,"minecraft:leave_game":5,"minecraft:time_since_death":233024,"minecraft:sprint_one_cm":671797,"minecraft:damage_blocked_by_shield":2265,"minecraft:drop":55,"minecraft:talked_to_villager":28,"minecraft:play_time":566708,"minecraft:deaths":33,"minecraft:jump":6807,"minecraft:walk_on_water_one_cm":80713,"minecraft:interact_with_furnace":53,"minecraft:interact_with_loom":1,"minecraft:sleep_in_bed":10,"minecraft:damage_dealt":22401,"minecraft:player_kills":1,"minecraft:crouch_one_cm":45072,"waystones:waystone_activated":2,"tombstone:undead_killed":36,"minecraft:horse_one_cm":23878,"minecraft:interact_with_anvil":7,"minecraft:mob_kills":112,"minecraft:interact_with_campfire":2,"minecraft:damage_dealt_resisted":1150,"minecraft:climb_one_cm":160158,"minecraft:walk_one_cm":2487495,"minecraft:sneak_time":21676,"minecraft:walk_under_water_one_cm":63289,"minecraft:boat_one_cm":600516,"minecraft:interact_with_blast_furnace":8,"minecraft:total_world_time":566708,"tombstone:raider_killed":5,"minecraft:time_since_rest":13737,"minecraft:damage_taken":14130,"tombstone:cast_on_ally":1,"minecraft:swim_one_cm":163969,"minecraft:fly_one_cm":524575,"minecraft:open_chest":3,"minecraft:fall_one_cm":116739},"minecraft:picked_up":{"minecraft:birch_door":4,"minecraft:wheat":1,"illagerinvasion:platinum_chunk":1,"minecraft:chainmail_boots":1,"minecraft:lead":1,"minecraft:brown_bed":2,"minecraft:enchanted_book":1,"born_in_chaos_v1:black_argillite":63,"minecraft:dark_oak_trapdoor":2,"minecraft:raw_copper":68,"neapolitan:banana_bunch":2,"minecraft:beetroot":6,"minecraft:red_sand":44,"minecraft:cobbled_deepslate":1,"alexsmobs:banana":1,"farmersdelight:vegetable_noodles":16,"minecraft:spruce_planks":3,"minecraft:white_tulip":3,"minecraft:redstone_torch":1,"minecraft:calcite":11,"minecraft:azalea":2,"minecraft:iron_pickaxe":1,"minecraft:smooth_quartz_stairs":6,"minecraft:furnace":5,"minecraft:beehive":1,"minecraft:stick":23,"luminousworld:auburnlog":14,"born_in_chaos_v1:shattered_skull":1,"iceandfire:armor_copper_metal_leggings":1,"minecraft:birch_trapdoor":2,"minecraft:brown_terracotta":10,"minecraft:torch":27,"minecraft:porkchop":2,"minecraft:sandstone_wall":2,"quark:blossom_log":8,"tombstone:grave_dust":7,"minecraft:diorite":6,"minecraft:golden_chestplate":1,"quark:blossom_planks":16,"minecraft:waxed_cut_copper_stairs":2,"minecraft:yellow_banner":1,"minecraft:cactus":4,"minecraft:light_gray_bed":2,"minecraft:rotten_flesh":56,"alexsmobs:boiled_emu_egg":1,"alexsmobs:emu_egg":8,"minecraft:white_terracotta":20,"supplementaries:ash":40,"farmersdelight:melon_juice":2,"minecraft:cobblestone":335,"minecraft:feather":4,"minecraft:jungle_log":22,"minecraft:dark_oak_boat":11,"minecraft:jungle_wood":1,"minecraft:potato":67,"minecraft:flint":1,"minecraft:smooth_sandstone_stairs":6,"supplementaries:flax_seeds":1,"minecraft:lapis_lazuli":53,"farmersdelight:tomato":2,"minecraft:mangrove_slab":1,"minecraft:dirt":24,"minecraft:bone":23,"minecraft:bow":1,"minecraft:wheat_seeds":10,"minecraft:raw_gold":60,"minecraft:cyan_candle":6,"minecraft:bamboo":4,"minecraft:moss_block":31,"minecraft:oak_planks":1,"ecologics:azalea_log":6,"minecraft:music_disc_13":1,"ecologics:prickly_pear":1,"minecraft:jungle_planks":1,"minecraft:sand":4,"minecraft:cyan_bed":4,"minecraft:jungle_leaves":2,"minecraft:chiseled_sandstone":6,"quark:jasper":4,"minecraft:bundle":2,"minecraft:light_gray_terracotta":24,"minecraft:soul_lantern":1,"alexsmobs:rattlesnake_rattle":2,"minecraft:bone_meal":12,"minecraft:chainmail_helmet":1,"luminousworld:auburn_sapling":2,"minecraft:emerald":4,"minecraft:spruce_sign":4,"minecraft:bread":11,"born_in_chaos_v1:rotten_fish":3,"minecraft:oak_sapling":5,"iceandfire:raw_silver":12,"luminousworld:groundpebbles_1":3,"minecraft:crafting_table":7,"minecraft:sandstone_slab":1,"born_in_chaos_v1:smoked_monster_flesh":1,"minecraft:chicken":1,"minecraft:ladder":3,"minecraft:wooden_pickaxe":2,"aether:leather_gloves":1,"minecraft:moss_carpet":1,"neapolitan:banana_frond":21,"minecraft:beef":13,"minecraft:oak_boat":1,"minecraft:spruce_slab":1,"minecraft:lectern":3,"minecraft:spruce_trapdoor":1,"farmersdelight:kelp_roll_slice":3,"minecraft:raw_iron":78,"minecraft:sandstone":10,"minecraft:stripped_mangrove_wood":4,"minecraft:bowl":5,"minecraft:cake":1,"minecraft:mangrove_sign":1,"born_in_chaos_v1:pieceofdarkmetal":2,"iceandfire:armor_copper_metal_boots":1,"minecraft:carrot":44,"minecraft:light_blue_bed":4,"minecraft:purple_terracotta":2,"minecraft:dark_oak_planks":5,"neapolitan:banana_stalk":4,"minecraft:arrow":22,"minecraft:hay_block":4,"minecraft:stripped_dark_oak_wood":2,"minecraft:yellow_terracotta":3,"minecraft:saddle":1,"minecraft:black_banner":1,"quark:stripped_blossom_log":1,"minecraft:glow_berries":35,"minecraft:bone_block":5,"minecraft:white_wool":16,"ecologics:flowering_azalea_log":1,"born_in_chaos_v1:corpse_maggot":31,"born_in_chaos_v1:monster_flesh":2,"minecraft:tripwire_hook":2,"luminousworld:ishstone":10,"minecraft:leather":9,"minecraft:chainmail_chestplate":1,"minecraft:oak_log":45,"minecraft:gunpowder":1,"tombstone:gift":1,"minecraft:orange_terracotta":5,"minecraft:gray_carpet":6,"minecraft:gray_bed":2,"minecraft:mangrove_planks":2,"minecraft:iron_sword":2,"minecraft:flowering_azalea":2,"minecraft:dark_oak_stairs":6,"minecraft:book":1,"minecraft:dark_oak_slab":3,"born_in_chaos_v1:ethereal_spirit":2,"minecraft:gravel":8,"minecraft:white_bed":1,"minecraft:spruce_door":2,"minecraft:slime_ball":1,"minecraft:stone_axe":1,"iceandfire:silver_sword":1,"minecraft:oak_button":4,"minecraft:terracotta":17,"tombstone:magic_scroll":1,"minecraft:coal":146,"minecraft:ender_pearl":1}},"DataVersion":3465}