{"stats":{"minecraft:killed_by":{"born_in_chaos_v1:nightmare_stalker":1,"minecraft:zombie":1},"minecraft:used":{"alexsmobs:emu_egg":1,"minecraft:red_sand":44,"minecraft:stone_sword":120,"iceandfire:armor_copper_metal_leggings":1,"minecraft:shield":13,"minecraft:rotten_flesh":1,"minecraft:torch":113,"iceandfire:armor_copper_metal_boots":2,"minecraft:dirt":11,"born_in_chaos_v1:corpse_maggot":3,"minecraft:furnace":4,"tombstone:gift":4,"alexsmobs:boiled_emu_egg":1,"minecraft:golden_boots":2,"quark:polished_jasper":4,"minecraft:stone_pickaxe":264,"minecraft:wooden_pickaxe":58,"luminousworld:groundpebbles_1":1,"minecraft:glow_berries":41,"minecraft:crafting_table":7,"minecraft:campfire":1,"born_in_chaos_v1:monster_flesh":1,"minecraft:bread":7,"minecraft:iron_pickaxe":171,"minecraft:gravel":1,"born_in_chaos_v1:smoked_monster_flesh":1,"minecraft:golden_helmet":1,"minecraft:stone_axe":42,"minecraft:cobblestone":131,"alexsmobs:animal_dictionary":3,"minecraft:bone_meal":8},"minecraft:custom":{"minecraft:mob_kills":17,"minecraft:interact_with_crafting_table":14,"minecraft:interact_with_campfire":2,"minecraft:leave_game":4,"minecraft:time_since_death":30051,"minecraft:climb_one_cm":446,"minecraft:sprint_one_cm":80216,"minecraft:walk_one_cm":426291,"minecraft:damage_blocked_by_shield":465,"minecraft:drop":11,"minecraft:play_time":141352,"minecraft:deaths":3,"minecraft:sneak_time":11643,"minecraft:walk_under_water_one_cm":18378,"minecraft:jump":1450,"minecraft:walk_on_water_one_cm":21778,"minecraft:total_world_time":141352,"minecraft:interact_with_furnace":26,"minecraft:sleep_in_bed":1,"minecraft:time_since_rest":27980,"minecraft:damage_taken":1781,"minecraft:damage_dealt":3343,"minecraft:swim_one_cm":13476,"minecraft:fly_one_cm":100356,"minecraft:open_chest":3,"minecraft:crouch_one_cm":26224,"tombstone:undead_killed":8,"minecraft:fall_one_cm":24041},"minecraft:dropped":{"minecraft:moss_block":10,"minecraft:wheat_seeds":2,"minecraft:yellow_terracotta":3,"minecraft:brown_terracotta":10,"minecraft:gravel":1,"minecraft:light_gray_terracotta":24,"minecraft:orange_terracotta":5,"born_in_chaos_v1:corpse_maggot":1,"minecraft:wooden_pickaxe":1,"minecraft:terracotta":16},"minecraft:crafted":{"minecraft:oak_planks":20,"minecraft:golden_chestplate":1,"minecraft:furnace":1,"iceandfire:armor_copper_metal_leggings":1,"minecraft:bone_meal":16,"iceandfire:armor_copper_metal_boots":1,"minecraft:stone_pickaxe":2,"quark:polished_jasper":4,"minecraft:golden_helmet":1,"minecraft:golden_boots":1,"quark:blossom_planks":36,"minecraft:crafting_table":3,"minecraft:wooden_pickaxe":1,"minecraft:copper_ingot":16,"minecraft:campfire":1,"minecraft:stone_axe":1,"minecraft:air":0,"minecraft:golden_leggings":1,"minecraft:shield":1,"minecraft:stick":32,"minecraft:iron_ingot":4,"minecraft:iron_pickaxe":1,"minecraft:stone_sword":1,"minecraft:gold_ingot":24,"minecraft:torch":136},"minecraft:broken":{"minecraft:stone_pickaxe":2},"minecraft:killed":{"alexsmobs:seagull":2,"born_in_chaos_v1:zombie_bruiser":1,"born_in_chaos_v1:maggot":1,"undead_revamp2:sucker":4,"undead_revamp2:the_moonflower":1,"born_in_chaos_v1:decrepit_skeleton":1,"minecraft:zombie":1,"born_in_chaos_v1:dread_hound":2,"born_in_chaos_v1:corpse_fly":2},"minecraft:picked_up":{"luminousworld:groundpebbles_1":1,"minecraft:crafting_table":5,"born_in_chaos_v1:smoked_monster_flesh":1,"minecraft:wooden_pickaxe":1,"minecraft:raw_copper":42,"minecraft:red_sand":44,"minecraft:azalea":2,"minecraft:iron_pickaxe":1,"minecraft:furnace":4,"minecraft:stick":16,"minecraft:raw_iron":12,"born_in_chaos_v1:shattered_skull":1,"minecraft:brown_terracotta":10,"minecraft:torch":12,"quark:blossom_log":8,"born_in_chaos_v1:pieceofdarkmetal":2,"minecraft:cactus":1,"minecraft:rotten_flesh":12,"alexsmobs:boiled_emu_egg":1,"alexsmobs:emu_egg":2,"minecraft:yellow_terracotta":3,"minecraft:white_terracotta":20,"supplementaries:ash":1,"quark:stripped_blossom_log":1,"minecraft:glow_berries":35,"minecraft:cobblestone":220,"ecologics:flowering_azalea_log":1,"born_in_chaos_v1:corpse_maggot":5,"minecraft:feather":2,"born_in_chaos_v1:monster_flesh":2,"luminousworld:ishstone":8,"minecraft:oak_log":5,"minecraft:gunpowder":1,"minecraft:dirt":11,"minecraft:orange_terracotta":5,"minecraft:bone":1,"minecraft:wheat_seeds":2,"minecraft:raw_gold":50,"minecraft:moss_block":20,"minecraft:flowering_azalea":2,"ecologics:azalea_log":6,"minecraft:gravel":2,"quark:jasper":4,"minecraft:bundle":1,"minecraft:light_gray_terracotta":24,"minecraft:bread":8,"minecraft:terracotta":16,"minecraft:coal":94,"iceandfire:raw_silver":7},"minecraft:mined":{"minecraft:yellow_terracotta":3,"iceandfire:silver_ore":7,"minecraft:cave_vines_plant":14,"minecraft:red_sand":42,"minecraft:grass_block":2,"quark:stripped_blossom_log":1,"minecraft:moss_block":15,"luminousworld:groundpebbles_3":1,"quark:jasper":4,"ecologics:prickly_pear":1,"minecraft:furnace":4,"minecraft:iron_ore":12,"minecraft:cave_vines":25,"minecraft:flowering_azalea_leaves":4,"minecraft:azalea_leaves":16,"minecraft:azalea":1,"minecraft:stone":207,"minecraft:flowering_azalea":2,"minecraft:orange_terracotta":5,"minecraft:crafting_table":5,"minecraft:torch":1,"minecraft:light_gray_terracotta":24,"minecraft:dead_bush":8,"quark:blossom_log":8,"minecraft:tall_grass":3,"minecraft:copper_ore":12,"minecraft:cobblestone":16,"minecraft:wall_torch":2,"minecraft:white_terracotta":20,"minecraft:cactus":1,"minecraft:grass":9,"minecraft:oak_log":5,"minecraft:coal_ore":94,"luminousworld:ishstone":8,"ecologics:azalea_log":6,"ecologics:flowering_azalea_log":1,"minecraft:gravel":1,"minecraft:dirt":9,"minecraft:brown_terracotta":10,"minecraft:terracotta":16,"minecraft:gold_ore":42}},"DataVersion":3465}