{"stats":{"minecraft:custom":{"lootr:looted_stat":61,"minecraft:animals_bred":12,"minecraft:interact_with_crafting_table":36,"minecraft:leave_game":8,"minecraft:time_since_death":17442,"minecraft:sprint_one_cm":935626,"minecraft:damage_blocked_by_shield":3175,"minecraft:drop":63,"minecraft:talked_to_villager":72,"minecraft:play_time":759332,"minecraft:deaths":37,"minecraft:jump":9097,"minecraft:walk_on_water_one_cm":128661,"minecraft:interact_with_furnace":58,"minecraft:traded_with_villager":33,"minecraft:interact_with_loom":1,"minecraft:sleep_in_bed":16,"minecraft:damage_dealt":33832,"minecraft:player_kills":1,"minecraft:crouch_one_cm":57188,"waystones:waystone_activated":3,"tombstone:undead_killed":47,"minecraft:use_cauldron":3,"minecraft:inspect_dispenser":1,"minecraft:horse_one_cm":23878,"minecraft:interact_with_anvil":9,"minecraft:mob_kills":151,"minecraft:fill_cauldron":3,"minecraft:interact_with_campfire":2,"minecraft:damage_dealt_resisted":1199,"minecraft:climb_one_cm":193444,"minecraft:walk_one_cm":3132776,"minecraft:sneak_time":28166,"minecraft:walk_under_water_one_cm":92034,"minecraft:boat_one_cm":1589850,"minecraft:interact_with_blast_furnace":8,"minecraft:total_world_time":759332,"tombstone:raider_killed":14,"minecraft:interact_with_stonecutter":2,"minecraft:time_since_rest":208,"minecraft:damage_taken":17937,"tombstone:cast_on_ally":1,"minecraft:swim_one_cm":186067,"minecraft:fly_one_cm":769227,"minecraft:open_chest":9,"minecraft:fall_one_cm":170442},"minecraft:crafted":{"minecraft:oak_planks":176,"minecraft:dark_oak_boat":2,"sophisticatedbackpacks:crafting_upgrade":1,"iceandfire:armor_copper_metal_boots":1,"minecraft:green_dye":4,"sophisticatedbackpacks:smelting_upgrade":1,"born_in_chaos_v1:fired_black_argillite":63,"minecraft:bow":1,"minecraft:golden_boots":1,"minecraft:emerald":33,"sophisticatedbackpacks:backpack":1,"quark:blossom_planks":36,"minecraft:cauldron":1,"minecraft:crafting_table":7,"minecraft:wooden_pickaxe":1,"minecraft:baked_potato":21,"minecraft:copper_ingot":16,"minecraft:fletching_table":1,"minecraft:hay_block":4,"minecraft:campfire":1,"sophisticatedbackpacks:upgrade_base":3,"minecraft:lectern":1,"minecraft:string":12,"minecraft:golden_leggings":1,"minecraft:diamond_pickaxe":1,"minecraft:shield":3,"minecraft:stick":940,"minecraft:iron_ingot":27,"minecraft:light_blue_dye":2,"minecraft:leather_chestplate":1,"minecraft:iron_pickaxe":2,"minecraft:stone_sword":2,"minecraft:light_blue_bed":1,"minecraft:gold_ingot":24,"minecraft:leather_leggings":1,"minecraft:leather_boots":1,"minecraft:golden_chestplate":1,"minecraft:furnace":2,"iceandfire:armor_copper_metal_leggings":1,"sophisticatedbackpacks:stack_upgrade_starter_tier":1,"minecraft:bone_meal":22,"quark:blossom_chest":1,"quark:dark_oak_chest":1,"minecraft:iron_axe":1,"minecraft:stone_pickaxe":2,"quark:polished_jasper":4,"minecraft:dark_oak_planks":8,"minecraft:golden_helmet":1,"sophisticatedbackpacks:iron_backpack":1,"minecraft:wheat":18,"luminousworld:autumnplank":28,"minecraft:cyan_dye":10,"sophisticatedbackpacks:gold_backpack":3,"minecraft:leather_helmet":1,"minecraft:mangrove_planks":12,"minecraft:stone_axe":1,"minecraft:jungle_planks":440,"minecraft:air":0,"minecraft:blue_dye":8,"minecraft:oak_boat":2,"minecraft:white_dye":1,"minecraft:stonecutter":1,"minecraft:white_bed":1,"minecraft:torch":276},"minecraft:killed":{"born_in_chaos_v1:restless_spirit":1,"minecraft:spider":1,"undead_revamp2:thesmoker":1,"born_in_chaos_v1:scarlet_persecutor":2,"creeperoverhaul:bamboo_creeper":1,"naturalist:snail":1,"minecraft:skeleton":8,"alexsmobs:capuchin_monkey":2,"undead_revamp2:thespitter":1,"born_in_chaos_v1:diamond_termite":5,"minecraft:creeper":1,"luminousworld:crab":1,"minecraft:pillager":1,"minecraft:zombie":11,"born_in_chaos_v1:dread_hound":2,"born_in_chaos_v1:corpse_fly":20,"enemyexpansion:botfly":3,"alexsmobs:fly":1,"born_in_chaos_v1:door_knight":1,"takesapillage:archer":3,"minecraft:cow":6,"enemyexpansion:trollenraged":1,"undead_revamp2:thehunter":2,"undead_revamp2:theimmortal":1,"takesapillage:legioner":1,"minecraft:vindicator":5,"alexsmobs:seagull":2,"enemyexpansion:direwolf":5,"alexsmobs:rattlesnake":2,"born_in_chaos_v1:zombie_bruiser":1,"born_in_chaos_v1:maggot":11,"naturalist:coral_snake":1,"minecraft:horse":1,"born_in_chaos_v1:corpse_fish":5,"minecraft:warden":1,"undead_revamp2:sucker":5,"neapolitan:plantain_spider":1,"enemyexpansion:scorpion":1,"born_in_chaos_v1:fallen_chaos_knight":1,"minecraft:husk":7,"takesapillage:skirmisher":4,"undead_revamp2:the_moonflower":3,"enemyexpansion:sprinter":1,"born_in_chaos_v1:decrepit_skeleton":3,"born_in_chaos_v1:bloody_gadfly":1,"minecraft:enderman":1,"enemyexpansion:slugger":1},"minecraft:dropped":{"minecraft:spruce_sign":4,"minecraft:moss_block":30,"minecraft:dark_oak_stairs":3,"minecraft:stripped_mangrove_wood":1,"minecraft:leather":4,"born_in_chaos_v1:pieceofdarkmetal":4,"minecraft:dark_oak_trapdoor":2,"iceandfire:armor_copper_metal_boots":1,"minecraft:iron_pickaxe":1,"minecraft:gravel":1,"minecraft:white_tulip":1,"minecraft:waxed_cut_copper_stairs":1,"minecraft:golden_chestplate":1,"minecraft:rotten_flesh":1,"aether:leather_gloves":1,"minecraft:oak_planks":1,"ecologics:prickly_pear":1,"minecraft:mangrove_sign":1,"minecraft:birch_trapdoor":1,"born_in_chaos_v1:corpse_maggot":1,"minecraft:leather_boots":1,"iceandfire:armor_copper_metal_leggings":1,"alexsmobs:banana":1,"minecraft:bread":11,"minecraft:wheat_seeds":3,"neapolitan:banana":2,"minecraft:smooth_quartz_stairs":6,"quark:blossom_planks":8,"minecraft:yellow_terracotta":3,"mowziesmobs:naga_fang_dagger":1,"minecraft:stick":2,"minecraft:diorite":2,"minecraft:torch":1,"tombstone:grave_key":1,"tombstone:grave_dust":1,"minecraft:brown_terracotta":10,"minecraft:tripwire_hook":1,"minecraft:gray_carpet":3,"alexsmobs:banana_peel":1,"minecraft:light_gray_terracotta":24,"minecraft:bowl":1,"minecraft:potato":2,"minecraft:orange_terracotta":5,"minecraft:slime_ball":1,"minecraft:sandstone":10,"minecraft:wooden_pickaxe":1,"minecraft:calcite":5,"farmersdelight:tomato":1,"minecraft:cyan_bed":1,"minecraft:terracotta":16},"minecraft:used":{"alexsmobs:emu_egg":6,"minecraft:beetroot":6,"minecraft:moss_block":1,"minecraft:moss_carpet":1,"minecraft:red_sand":44,"minecraft:bone_block":5,"minecraft:ladder":2,"minecraft:shield":183,"minecraft:iron_sword":308,"minecraft:smooth_sandstone_stairs":6,"minecraft:rotten_flesh":15,"supplementaries:globe":2,"minecraft:carrot":47,"minecraft:beehive":1,"born_in_chaos_v1:corpse_maggot":26,"farmersdelight:tomato":1,"mowziesmobs:naga_fang_dagger":55,"minecraft:iron_helmet":1,"minecraft:light_blue_bed":6,"minecraft:dark_oak_slab":2,"minecraft:bow":33,"minecraft:dark_oak_boat":13,"minecraft:furnace":5,"minecraft:oak_sapling":2,"minecraft:mangrove_slab":1,"minecraft:gray_bed":6,"minecraft:golden_boots":2,"minecraft:diorite":2,"minecraft:stone_pickaxe":264,"minecraft:mangrove_planks":14,"minecraft:oak_planks":11,"minecraft:wooden_pickaxe":62,"luminousworld:groundpebbles_1":2,"minecraft:glow_berries":41,"minecraft:sand":3,"minecraft:purple_terracotta":2,"minecraft:pumpkin_seeds":3,"minecraft:chiseled_sandstone":6,"neapolitan:banana_bunch":6,"born_in_chaos_v1:monster_flesh":1,"minecraft:cyan_bed":3,"minecraft:bread":98,"minecraft:lectern":7,"minecraft:soul_lantern":1,"born_in_chaos_v1:smoked_monster_flesh":1,"minecraft:gravel":1,"minecraft:golden_helmet":1,"supplementaries:flax_seeds":1,"minecraft:andesite":5,"minecraft:oak_boat":3,"minecraft:waxed_cut_copper_stairs":1,"minecraft:bone_meal":8,"farmersdelight:kelp_roll_slice":3,"minecraft:jungle_leaves":2,"alexsmobs:banana_peel":1,"minecraft:enchanting_table":1,"minecraft:stone_sword":275,"iceandfire:silver_sword":87,"iceandfire:armor_copper_metal_leggings":1,"farmersdelight:vegetable_noodles":5,"born_in_chaos_v1:ethereal_spirit":3,"minecraft:spruce_planks":1,"minecraft:sandstone_wall":2,"minecraft:torch":281,"iceandfire:armor_copper_metal_boots":2,"minecraft:dirt":16,"minecraft:chainmail_chestplate":2,"minecraft:dark_oak_planks":12,"minecraft:iron_axe":202,"minecraft:jungle_log":8,"minecraft:melon_seeds":4,"minecraft:bamboo":4,"tombstone:gift":14,"minecraft:cobbled_deepslate":26,"minecraft:iron_leggings":2,"alexsmobs:boiled_emu_egg":1,"minecraft:brown_bed":2,"minecraft:light_gray_bed":2,"minecraft:calcite":9,"minecraft:water_bucket":9,"quark:polished_jasper":4,"minecraft:baked_potato":20,"minecraft:cauldron":1,"luminousworld:ishstone":9,"minecraft:stonecutter":1,"minecraft:fletching_table":4,"minecraft:waxed_copper_block":14,"minecraft:jungle_wood":1,"minecraft:terracotta":1,"minecraft:crafting_table":13,"neapolitan:banana":3,"minecraft:campfire":1,"minecraft:white_bed":1,"minecraft:cake":1,"minecraft:oak_log":3,"tombstone:bag_of_seeds":1,"minecraft:apple":4,"neapolitan:banana_stalk":4,"minecraft:iron_pickaxe":729,"tombstone:magic_scroll":2,"minecraft:stone_axe":124,"quark:dark_oak_chest":2,"minecraft:cobblestone":228,"minecraft:sandstone_slab":1,"minecraft:bucket":10,"alexsmobs:animal_dictionary":4,"minecraft:sculk_catalyst":1},"minecraft:broken":{"minecraft:golden_helmet":1,"minecraft:iron_boots":1,"minecraft:stone_pickaxe":2,"minecraft:stone_axe":1,"minecraft:stone_sword":2,"minecraft:shield":1,"minecraft:iron_pickaxe":1},"minecraft:picked_up":{"minecraft:birch_door":4,"minecraft:wheat":1,"minecraft:chainmail_boots":1,"illagerinvasion:platinum_chunk":2,"minecraft:lead":2,"minecraft:brown_bed":2,"minecraft:enchanted_book":1,"born_in_chaos_v1:black_argillite":63,"minecraft:string":3,"minecraft:dark_oak_trapdoor":2,"minecraft:raw_copper":68,"neapolitan:banana_bunch":6,"minecraft:beetroot":6,"alexsmobs:banana":2,"minecraft:red_sand":44,"minecraft:gold_nugget":140,"minecraft:cobbled_deepslate":46,"farmersdelight:vegetable_noodles":16,"minecraft:spruce_planks":3,"minecraft:white_tulip":3,"minecraft:redstone_torch":1,"minecraft:calcite":11,"minecraft:azalea":2,"minecraft:iron_pickaxe":1,"hangglider:hang_glider":1,"minecraft:smooth_quartz_stairs":6,"alexsmobs:banana_peel":2,"minecraft:furnace":5,"mowziesmobs:naga_fang_dagger":1,"minecraft:beehive":1,"minecraft:stick":38,"luminousworld:auburnlog":14,"born_in_chaos_v1:shattered_skull":1,"minecraft:birch_trapdoor":2,"iceandfire:armor_copper_metal_leggings":1,"minecraft:brown_terracotta":10,"minecraft:torch":36,"minecraft:sandstone_wall":2,"deeperdarker:heart_of_the_deep":1,"minecraft:porkchop":2,"quark:blossom_log":8,"tombstone:grave_dust":9,"minecraft:diorite":6,"minecraft:golden_chestplate":1,"quark:blossom_planks":16,"minecraft:waxed_cut_copper_stairs":2,"minecraft:yellow_banner":1,"minecraft:cactus":4,"minecraft:light_gray_bed":2,"minecraft:rotten_flesh":71,"alexsmobs:boiled_emu_egg":1,"alexsmobs:emu_egg":14,"minecraft:white_terracotta":20,"supplementaries:ash":40,"farmersdelight:melon_juice":2,"minecraft:cobblestone":399,"minecraft:feather":4,"minecraft:jungle_log":135,"minecraft:andesite":5,"minecraft:dark_oak_boat":11,"minecraft:copper_block":14,"minecraft:jungle_wood":1,"minecraft:potato":67,"minecraft:flint":1,"minecraft:smooth_sandstone_stairs":6,"supplementaries:flax_seeds":1,"minecraft:mangrove_slab":1,"farmersdelight:tomato":2,"minecraft:lapis_lazuli":53,"minecraft:dirt":24,"minecraft:bone":25,"minecraft:bow":1,"minecraft:wheat_seeds":11,"minecraft:raw_gold":60,"minecraft:fletching_table":3,"minecraft:cyan_candle":6,"minecraft:bamboo":6,"minecraft:moss_block":31,"minecraft:oak_planks":1,"ecologics:azalea_log":6,"ecologics:prickly_pear":1,"minecraft:music_disc_13":1,"minecraft:sand":18,"minecraft:jungle_planks":1,"minecraft:cyan_bed":4,"minecraft:chiseled_sandstone":6,"minecraft:mossy_cobblestone":12,"quark:jasper":4,"minecraft:jungle_leaves":2,"minecraft:bundle":2,"minecraft:light_gray_terracotta":24,"minecraft:diamond":3,"minecraft:soul_lantern":1,"alexsmobs:rattlesnake_rattle":2,"minecraft:bone_meal":12,"luminousworld:auburn_sapling":2,"minecraft:spruce_sign":4,"minecraft:emerald":7,"minecraft:chainmail_helmet":1,"minecraft:bread":11,"born_in_chaos_v1:rotten_fish":3,"minecraft:oak_sapling":7,"iceandfire:raw_silver":12,"luminousworld:groundpebbles_1":3,"born_in_chaos_v1:diamond_termite_shard":5,"minecraft:crafting_table":7,"minecraft:sandstone_slab":1,"minecraft:chicken":1,"born_in_chaos_v1:smoked_monster_flesh":1,"minecraft:ladder":3,"minecraft:wooden_pickaxe":2,"quark:dark_oak_chest":1,"aether:leather_gloves":1,"minecraft:moss_carpet":1,"supplementaries:globe":1,"minecraft:iron_axe":2,"neapolitan:banana_frond":21,"minecraft:iron_shovel":2,"deeperdarker:warden_carapace":2,"minecraft:beef":13,"minecraft:oak_boat":1,"minecraft:jungle_sapling":3,"minecraft:spruce_slab":1,"minecraft:lectern":6,"minecraft:spruce_trapdoor":1,"farmersdelight:kelp_roll_slice":3,"minecraft:dark_oak_sapling":1,"minecraft:raw_iron":98,"minecraft:sandstone":10,"minecraft:stripped_mangrove_wood":4,"ecologics:coconut_slice":2,"minecraft:bowl":5,"minecraft:cake":1,"iceandfire:armor_copper_metal_boots":1,"minecraft:mangrove_sign":1,"minecraft:carrot":44,"born_in_chaos_v1:pieceofdarkmetal":6,"minecraft:light_blue_bed":5,"minecraft:purple_terracotta":2,"minecraft:dark_oak_planks":5,"luminousworld:white_oak_sapling":1,"neapolitan:banana_stalk":4,"minecraft:arrow":22,"minecraft:hay_block":5,"minecraft:yellow_terracotta":3,"minecraft:stripped_dark_oak_wood":2,"minecraft:saddle":1,"minecraft:black_banner":1,"quark:stripped_blossom_log":1,"minecraft:glow_berries":35,"minecraft:bone_block":44,"minecraft:white_wool":16,"ecologics:flowering_azalea_log":1,"born_in_chaos_v1:corpse_maggot":33,"born_in_chaos_v1:monster_flesh":2,"minecraft:tripwire_hook":2,"luminousworld:ishstone":17,"minecraft:leather":9,"minecraft:oak_log":59,"minecraft:chainmail_chestplate":1,"minecraft:gunpowder":1,"tombstone:gift":1,"minecraft:orange_terracotta":5,"minecraft:apple":1,"minecraft:gray_carpet":6,"minecraft:rabbit_hide":8,"minecraft:gray_bed":6,"minecraft:mangrove_planks":2,"minecraft:iron_sword":3,"minecraft:flowering_azalea":2,"minecraft:dark_oak_stairs":6,"minecraft:book":1,"minecraft:sculk_catalyst":1,"minecraft:dark_oak_slab":3,"born_in_chaos_v1:ethereal_spirit":4,"minecraft:gravel":8,"minecraft:white_bed":1,"minecraft:spider_eye":2,"minecraft:spruce_door":2,"luminousworld:whiteoaklog":13,"minecraft:slime_ball":1,"minecraft:stone_axe":1,"iceandfire:silver_sword":1,"minecraft:oak_button":4,"minecraft:terracotta":17,"tombstone:magic_scroll":1,"minecraft:coal":177,"minecraft:ender_pearl":1},"minecraft:killed_by":{"born_in_chaos_v1:nightmare_stalker":1,"iceandfire:cyclops":2,"iceandfire:sea_serpent":2,"minecraft:zombie":1,"minecraft:husk":21,"enemyexpansion:trollenraged":1,"born_in_chaos_v1:corpse_fish":1,"iceandfire:ghost":1},"minecraft:mined":{"minecraft:dark_oak_planks":5,"minecraft:spruce_planks":3,"minecraft:white_bed":1,"luminousworld:autumnleaves":1,"minecraft:jungle_leaves":3,"minecraft:cave_vines_plant":14,"minecraft:red_sand":42,"minecraft:grass_block":7,"minecraft:jungle_log":135,"minecraft:light_gray_bed":2,"quark:stripped_blossom_log":1,"ecologics:prickly_pear":1,"minecraft:cobbled_deepslate":1,"minecraft:iron_ore":89,"minecraft:fire":32,"minecraft:fletching_table":3,"minecraft:deepslate_lapis_ore":2,"minecraft:stripped_dark_oak_wood":2,"minecraft:dark_oak_stairs":1,"minecraft:brown_bed":2,"iceandfire:gold_pile":12,"minecraft:cave_vines":25,"minecraft:flowering_azalea_leaves":4,"minecraft:smooth_sandstone_stairs":6,"minecraft:azalea_leaves":16,"minecraft:azalea":1,"minecraft:stripped_mangrove_wood":4,"minecraft:orange_terracotta":5,"born_in_chaos_v1:infected_deepslate_diamond_ore":4,"minecraft:torch":1,"minecraft:light_gray_terracotta":24,"minecraft:jungle_stairs":1,"minecraft:calcite":5,"minecraft:dead_bush":9,"quark:blossom_log":8,"minecraft:cobblestone":21,"minecraft:cyan_bed":1,"minecraft:wall_torch":9,"minecraft:white_terracotta":20,"minecraft:jungle_wood":1,"minecraft:dark_oak_slab":1,"minecraft:birch_door":1,"minecraft:copper_block":14,"minecraft:grass":47,"minecraft:oak_log":59,"ecologics:azalea_log":6,"ecologics:flowering_azalea_log":1,"minecraft:sand":23,"minecraft:dirt":17,"minecraft:sandstone_wall":1,"minecraft:oak_leaves":13,"minecraft:cyan_candle":1,"minecraft:deepslate":40,"minecraft:yellow_terracotta":3,"luminousworld:groundpebbles_1":1,"minecraft:yellow_wall_banner":1,"iceandfire:silver_ore":11,"minecraft:dark_oak_leaves":1,"minecraft:jungle_planks":1,"born_in_chaos_v1:black_argillite":63,"luminousworld:grassvariant_2":1,"luminousworld:whiteoakleaves":1,"minecraft:moss_block":16,"minecraft:sandstone":5,"luminousworld:groundpebbles_3":1,"quark:jasper":4,"minecraft:hay_block":4,"neapolitan:banana_bundle":3,"minecraft:furnace":4,"minecraft:chiseled_sandstone":3,"minecraft:andesite":5,"neapolitan:banana_stalk":4,"minecraft:vine":12,"minecraft:deepslate_iron_ore":1,"minecraft:bamboo_sapling":1,"minecraft:stone":364,"minecraft:bone_block":44,"minecraft:flowering_azalea":2,"quark:dark_oak_chest":1,"minecraft:crafting_table":7,"minecraft:lectern":6,"luminousworld:auburnlog":14,"minecraft:tall_grass":7,"minecraft:copper_ore":12,"minecraft:lapis_ore":6,"supplementaries:urn":7,"luminousworld:whiteoaklog":13,"minecraft:cactus":2,"minecraft:light_blue_bed":5,"minecraft:beehive":1,"minecraft:gray_bed":6,"minecraft:mangrove_planks":2,"minecraft:mangrove_slab":1,"minecraft:coal_ore":177,"luminousworld:ishstone":15,"minecraft:gravel":1,"minecraft:cobweb":2,"minecraft:brown_terracotta":10,"minecraft:terracotta":17,"minecraft:potted_white_tulip":1,"minecraft:gold_ore":52,"minecraft:fern":6}},"DataVersion":3465}