{"stats":{"minecraft:used":{"alexsmobs:emu_egg":1,"minecraft:stone_sword":81,"minecraft:red_sand":40,"quark:polished_jasper":4,"minecraft:stone_pickaxe":264,"minecraft:shield":1,"minecraft:wooden_pickaxe":58,"luminousworld:groundpebbles_1":1,"minecraft:rotten_flesh":1,"minecraft:torch":63,"minecraft:glow_berries":40,"minecraft:dirt":9,"minecraft:crafting_table":4,"born_in_chaos_v1:corpse_maggot":3,"minecraft:bread":7,"minecraft:iron_pickaxe":58,"minecraft:stone_axe":11,"minecraft:cobblestone":104,"minecraft:furnace":1,"minecraft:bone_meal":3},"minecraft:crafted":{"minecraft:oak_planks":20,"quark:blossom_planks":36,"minecraft:crafting_table":3,"minecraft:wooden_pickaxe":1,"minecraft:furnace":1,"minecraft:bone_meal":3,"minecraft:stone_axe":1,"minecraft:air":0,"minecraft:shield":1,"minecraft:stick":16,"minecraft:iron_ingot":4,"quark:polished_jasper":4,"minecraft:iron_pickaxe":1,"minecraft:stone_pickaxe":2,"minecraft:stone_sword":1,"minecraft:torch":84},"minecraft:dropped":{"minecraft:light_gray_terracotta":24,"minecraft:yellow_terracotta":3,"minecraft:orange_terracotta":5,"born_in_chaos_v1:corpse_maggot":1,"minecraft:brown_terracotta":10,"minecraft:terracotta":16},"minecraft:mined":{"minecraft:yellow_terracotta":3,"minecraft:orange_terracotta":5,"minecraft:crafting_table":2,"minecraft:light_gray_terracotta":24,"minecraft:cave_vines_plant":13,"minecraft:red_sand":42,"minecraft:grass_block":2,"minecraft:dead_bush":8,"quark:blossom_log":8,"quark:stripped_blossom_log":1,"minecraft:cobblestone":16,"minecraft:moss_block":12,"luminousworld:groundpebbles_3":1,"quark:jasper":4,"minecraft:wall_torch":1,"ecologics:prickly_pear":1,"minecraft:white_terracotta":20,"minecraft:cactus":1,"minecraft:furnace":1,"minecraft:iron_ore":4,"minecraft:grass":6,"minecraft:coal_ore":76,"minecraft:oak_log":5,"minecraft:cave_vines":22,"minecraft:gravel":1,"minecraft:dirt":8,"minecraft:brown_terracotta":10,"minecraft:azalea":1,"minecraft:terracotta":16,"minecraft:stone":168,"minecraft:gold_ore":27},"minecraft:custom":{"minecraft:interact_with_furnace":4,"minecraft:mob_kills":10,"minecraft:interact_with_crafting_table":5,"minecraft:leave_game":3,"minecraft:time_since_death":84221,"minecraft:sleep_in_bed":1,"minecraft:time_since_rest":53854,"minecraft:walk_one_cm":287940,"minecraft:sprint_one_cm":58100,"minecraft:damage_taken":1121,"minecraft:damage_blocked_by_shield":185,"minecraft:drop":6,"minecraft:damage_dealt":1440,"minecraft:swim_one_cm":13476,"minecraft:fly_one_cm":89359,"minecraft:open_chest":1,"minecraft:deaths":1,"minecraft:crouch_one_cm":23163,"minecraft:play_time":102363,"tombstone:undead_killed":4,"minecraft:sneak_time":10494,"minecraft:walk_under_water_one_cm":15897,"minecraft:jump":929,"minecraft:total_world_time":102363,"minecraft:walk_on_water_one_cm":21108,"minecraft:fall_one_cm":15934},"minecraft:picked_up":{"born_in_chaos_v1:corpse_maggot":5,"luminousworld:groundpebbles_1":1,"minecraft:crafting_table":2,"minecraft:feather":2,"minecraft:oak_log":5,"minecraft:gunpowder":1,"minecraft:dirt":10,"minecraft:orange_terracotta":5,"minecraft:bone":1,"minecraft:red_sand":44,"minecraft:raw_gold":27,"minecraft:moss_block":7,"minecraft:furnace":1,"minecraft:stick":16,"minecraft:raw_iron":4,"born_in_chaos_v1:shattered_skull":1,"minecraft:brown_terracotta":10,"minecraft:torch":10,"minecraft:gravel":1,"quark:blossom_log":8,"born_in_chaos_v1:pieceofdarkmetal":2,"quark:jasper":4,"minecraft:bundle":1,"minecraft:light_gray_terracotta":24,"minecraft:cactus":1,"minecraft:rotten_flesh":9,"minecraft:yellow_terracotta":3,"alexsmobs:emu_egg":2,"minecraft:bread":8,"minecraft:white_terracotta":20,"supplementaries:ash":1,"minecraft:terracotta":16,"quark:stripped_blossom_log":1,"minecraft:glow_berries":34,"minecraft:coal":76,"minecraft:cobblestone":182},"minecraft:killed":{"undead_revamp2:the_moonflower":1,"alexsmobs:seagull":2,"born_in_chaos_v1:zombie_bruiser":1,"born_in_chaos_v1:decrepit_skeleton":1,"born_in_chaos_v1:maggot":1,"born_in_chaos_v1:corpse_fly":1,"undead_revamp2:sucker":1},"minecraft:killed_by":{"born_in_chaos_v1:nightmare_stalker":1},"minecraft:broken":{"minecraft:stone_pickaxe":2}},"DataVersion":3465}