{"stats":{"minecraft:used":{"alexsmobs:emu_egg":1,"minecraft:red_sand":40,"minecraft:stone_sword":69,"minecraft:stone_pickaxe":215,"minecraft:wooden_pickaxe":42,"luminousworld:groundpebbles_1":1,"minecraft:rotten_flesh":1,"minecraft:torch":39,"minecraft:dirt":9,"minecraft:crafting_table":3,"minecraft:bread":6,"minecraft:stone_axe":10,"minecraft:cobblestone":60},"minecraft:crafted":{"minecraft:oak_planks":20,"quark:blossom_planks":4,"minecraft:crafting_table":2,"minecraft:wooden_pickaxe":1,"minecraft:stone_axe":1,"minecraft:stick":4,"minecraft:stone_pickaxe":2,"minecraft:stone_sword":1,"minecraft:torch":44},"minecraft:dropped":{"minecraft:light_gray_terracotta":24,"minecraft:yellow_terracotta":3,"minecraft:orange_terracotta":5,"born_in_chaos_v1:corpse_maggot":1,"minecraft:brown_terracotta":10,"minecraft:terracotta":16},"minecraft:mined":{"minecraft:yellow_terracotta":3,"minecraft:orange_terracotta":5,"minecraft:crafting_table":1,"minecraft:cave_vines_plant":3,"minecraft:light_gray_terracotta":24,"minecraft:red_sand":42,"minecraft:grass_block":2,"minecraft:dead_bush":8,"quark:blossom_log":8,"quark:stripped_blossom_log":1,"minecraft:cobblestone":9,"minecraft:moss_block":7,"luminousworld:groundpebbles_3":1,"minecraft:wall_torch":1,"ecologics:prickly_pear":1,"minecraft:white_terracotta":20,"minecraft:cactus":1,"minecraft:cave_vines":5,"minecraft:grass":2,"minecraft:oak_log":5,"minecraft:coal_ore":32,"minecraft:dirt":8,"minecraft:brown_terracotta":10,"minecraft:terracotta":16,"minecraft:stone":135},"minecraft:custom":{"minecraft:mob_kills":8,"minecraft:interact_with_crafting_table":3,"minecraft:leave_game":3,"minecraft:time_since_death":55357,"minecraft:sleep_in_bed":1,"minecraft:time_since_rest":24990,"minecraft:sprint_one_cm":48394,"minecraft:damage_taken":571,"minecraft:walk_one_cm":178552,"minecraft:drop":6,"minecraft:damage_dealt":1289,"minecraft:swim_one_cm":13476,"minecraft:fly_one_cm":84732,"minecraft:open_chest":1,"minecraft:crouch_one_cm":18899,"minecraft:play_time":73499,"tombstone:undead_killed":4,"minecraft:deaths":1,"minecraft:sneak_time":7908,"minecraft:walk_under_water_one_cm":12993,"minecraft:jump":652,"minecraft:walk_on_water_one_cm":20492,"minecraft:total_world_time":73499,"minecraft:fall_one_cm":10485},"minecraft:picked_up":{"born_in_chaos_v1:corpse_maggot":5,"luminousworld:groundpebbles_1":1,"minecraft:crafting_table":1,"minecraft:feather":2,"minecraft:oak_log":5,"minecraft:dirt":10,"minecraft:orange_terracotta":5,"minecraft:bone":1,"minecraft:red_sand":44,"minecraft:moss_block":3,"minecraft:stick":16,"born_in_chaos_v1:shattered_skull":1,"minecraft:brown_terracotta":10,"minecraft:torch":10,"quark:blossom_log":8,"born_in_chaos_v1:pieceofdarkmetal":2,"minecraft:bundle":1,"minecraft:light_gray_terracotta":24,"minecraft:cactus":1,"minecraft:rotten_flesh":9,"minecraft:yellow_terracotta":3,"alexsmobs:emu_egg":2,"quark:stripped_blossom_log":1,"minecraft:bread":8,"minecraft:white_terracotta":20,"minecraft:terracotta":16,"supplementaries:ash":1,"minecraft:glow_berries":4,"minecraft:coal":32,"minecraft:cobblestone":139},"minecraft:killed":{"undead_revamp2:the_moonflower":1,"alexsmobs:seagull":2,"born_in_chaos_v1:zombie_bruiser":1,"born_in_chaos_v1:decrepit_skeleton":1,"born_in_chaos_v1:maggot":1,"born_in_chaos_v1:corpse_fly":1,"undead_revamp2:sucker":1},"minecraft:killed_by":{"born_in_chaos_v1:nightmare_stalker":1},"minecraft:broken":{"minecraft:stone_pickaxe":1}},"DataVersion":3465}